
> once-production-os@0.1.0-dev.1 verify:postgres /Users/dengwang/.codex/worktrees/talent-experience/once-production-os
> node scripts/verify-postgres.mjs

TAP version 13
# Subtest: fresh disposable PostgreSQL: constraints, real transactions and independent workers
    # Subtest: two independent clients serialize the same command into one source/person/receipt
    ok 1 - two independent clients serialize the same command into one source/person/receipt
      ---
      duration_ms: 108.709791
      type: 'test'
      ...
    # Subtest: actual PostgreSQL person-update rollback (atomic command coverage follows below)
    ok 2 - actual PostgreSQL person-update rollback (atomic command coverage follows below)
      ---
      duration_ms: 4.491791
      type: 'test'
      ...
    # Subtest: database itself rejects cross-workspace scope membership
    ok 3 - database itself rejects cross-workspace scope membership
      ---
      duration_ms: 5.506334
      type: 'test'
      ...
    # Subtest: two stale CAS writes cannot both succeed
    ok 4 - two stale CAS writes cannot both succeed
      ---
      duration_ms: 47.423625
      type: 'test'
      ...
    # Subtest: two workers claim once; expired owner cannot modify replacement lease
    ok 5 - two workers claim once; expired owner cannot modify replacement lease
      ---
      duration_ms: 65.276333
      type: 'test'
      ...
    # Subtest: real command rollback after sourceHistory insert, plus same-key successful retry
    ok 6 - real command rollback after sourceHistory insert, plus same-key successful retry
      ---
      duration_ms: 31.125167
      type: 'test'
      ...
    # Subtest: real command rollback after people insert, plus same-key successful retry
    ok 7 - real command rollback after people insert, plus same-key successful retry
      ---
      duration_ms: 38.482791
      type: 'test'
      ...
    # Subtest: real command rollback after audits insert, plus same-key successful retry
    ok 8 - real command rollback after audits insert, plus same-key successful retry
      ---
      duration_ms: 36.149333
      type: 'test'
      ...
    # Subtest: real command rollback after receipts insert, plus same-key successful retry
    ok 9 - real command rollback after receipts insert, plus same-key successful retry
      ---
      duration_ms: 36.915084
      type: 'test'
      ...
    # Subtest: new source-history SQL constraints reject duplicate revision, cross-scope FK, UPDATE and DELETE
    ok 10 - new source-history SQL constraints reject duplicate revision, cross-scope FK, UPDATE and DELETE
      ---
      duration_ms: 5.176709
      type: 'test'
      ...
    # Subtest: PG partial import resume retains checkpoints, idempotency and two-worker ownership
    ok 11 - PG partial import resume retains checkpoints, idempotency and two-worker ownership
      ---
      duration_ms: 163.872125
      type: 'test'
      ...
# {"metric":"PG-preview","people":100,"rows":100,"queries":33,"elapsedMs":25.35691699999984}
# {"metric":"PG-talent-search","people":100,"pageSize":20,"queries":20,"elapsedMs":13.741708000000017}
# {"metric":"PG-preview","people":1000,"rows":100,"queries":33,"elapsedMs":32.5568330000001}
# {"metric":"PG-talent-search","people":1000,"pageSize":20,"queries":20,"elapsedMs":14.024417000000085}
    # Subtest: PG query count stays bounded for 100/1000 people across preview and structured talent search
    ok 12 - PG query count stays bounded for 100/1000 people across preview and structured talent search
      ---
      duration_ms: 205.591167
      type: 'test'
      ...
    # Subtest: H1 PG private basic-profile grant and native evidence separation
    ok 13 - H1 PG private basic-profile grant and native evidence separation
      ---
      duration_ms: 184.569792
      type: 'test'
      ...
    # Subtest: H1 PG atomic handoff creation rollback after handoffs
    ok 14 - H1 PG atomic handoff creation rollback after handoffs
      ---
      duration_ms: 110.308417
      type: 'test'
      ...
    # Subtest: H1 PG atomic handoff creation rollback after audits
    ok 15 - H1 PG atomic handoff creation rollback after audits
      ---
      duration_ms: 73.925291
      type: 'test'
      ...
    # Subtest: H1 PG atomic handoff creation rollback after receipts
    ok 16 - H1 PG atomic handoff creation rollback after receipts
      ---
      duration_ms: 71.347416
      type: 'test'
      ...
    # Subtest: M1 PG same-key reservation, competing leases and unique asset from current attempt
    ok 17 - M1 PG same-key reservation, competing leases and unique asset from current attempt
      ---
      duration_ms: 824.8265
      type: 'test'
      ...
    # Subtest: M1 PG READY publication rollback after assets
    ok 18 - M1 PG READY publication rollback after assets
      ---
      duration_ms: 340.097166
      type: 'test'
      ...
    # Subtest: M1 PG READY publication rollback after audits
    ok 19 - M1 PG READY publication rollback after audits
      ---
      duration_ms: 204.054666
      type: 'test'
      ...
    # Subtest: DEV-07G PG merge persists one decision/alias, replay is singular and old id resolves read-only
    ok 20 - DEV-07G PG merge persists one decision/alias, replay is singular and old id resolves read-only
      ---
      duration_ms: 590.400875
      type: 'test'
      ...
    # Subtest: WP1 PG identical create commands on independent clients make one root/source/receipt
    ok 21 - WP1 PG identical create commands on independent clients make one root/source/receipt
      ---
      duration_ms: 17.114208
      type: 'test'
      ...
    # Subtest: WP1 PG concurrent child writes require same-parent CAS; retry old key does not write twice
    ok 22 - WP1 PG concurrent child writes require same-parent CAS; retry old key does not write twice
      ---
      duration_ms: 134.530042
      type: 'test'
      ...
    # Subtest: WP1 PG swaps deferred positions and validates cover belongs to this work at commit
    ok 23 - WP1 PG swaps deferred positions and validates cover belongs to this work at commit
      ---
      duration_ms: 232.462167
      type: 'test'
      ...
    # Subtest: WP1 PG removal compacts order, changes cover, but preserves original media
    ok 24 - WP1 PG removal compacts order, changes cover, but preserves original media
      ---
      duration_ms: 406.509459
      type: 'test'
      ...
    # Subtest: WP1 PG relationship uniqueness, state checks and workspace FKs are enforced by PostgreSQL
    ok 25 - WP1 PG relationship uniqueness, state checks and workspace FKs are enforced by PostgreSQL
      ---
      duration_ms: 126.668
      type: 'test'
      ...
    # Subtest: WP1 PG external work reference/delivery remains external; source loss redacts live children
    ok 26 - WP1 PG external work reference/delivery remains external; source loss redacts live children
      ---
      duration_ms: 155.32225
      type: 'test'
      ...
    # Subtest: WP1 PG link/cover/root/audit/receipt roll back after workAssets
    ok 27 - WP1 PG link/cover/root/audit/receipt roll back after workAssets
      ---
      duration_ms: 96.449709
      type: 'test'
      ...
    # Subtest: WP1 PG link/cover/root/audit/receipt roll back after audits
    ok 28 - WP1 PG link/cover/root/audit/receipt roll back after audits
      ---
      duration_ms: 157.936916
      type: 'test'
      ...
    # Subtest: WP1 PG link/cover/root/audit/receipt roll back after receipts
    ok 29 - WP1 PG link/cover/root/audit/receipt roll back after receipts
      ---
      duration_ms: 89.473833
      type: 'test'
      ...
    # Subtest: WP1 PG child insertion failure rolls back its parent revision: workCredits
    ok 30 - WP1 PG child insertion failure rolls back its parent revision: workCredits
      ---
      duration_ms: 84.718083
      type: 'test'
      ...
    # Subtest: WP1 PG child insertion failure rolls back its parent revision: projectParticipants
    ok 31 - WP1 PG child insertion failure rolls back its parent revision: projectParticipants
      ---
      duration_ms: 82.29875
      type: 'test'
      ...
    # Subtest: WP1 PG child insertion failure rolls back its parent revision: projectWorks
    ok 32 - WP1 PG child insertion failure rolls back its parent revision: projectWorks
      ---
      duration_ms: 54.469375
      type: 'test'
      ...
    # Subtest: DEV-06 PG work facts are constrained and power visible credited-work search
    ok 33 - DEV-06 PG work facts are constrained and power visible credited-work search
      ---
      duration_ms: 104.969333
      type: 'test'
      ...
    # Subtest: DEV-06 PG shortlist exact work-asset FK rejects cross-work selections
    ok 34 - DEV-06 PG shortlist exact work-asset FK rejects cross-work selections
      ---
      duration_ms: 622.670292
      type: 'test'
      ...
    # Subtest: DEV-06 PG unlinking a work image removes only derived shortlist selection and preserves media/item
    ok 35 - DEV-06 PG unlinking a work image removes only derived shortlist selection and preserves media/item
      ---
      duration_ms: 598.78175
      type: 'test'
      ...
    # Subtest: DEV-06 PG concurrent shortlist mutations serialize on root CAS
    ok 36 - DEV-06 PG concurrent shortlist mutations serialize on root CAS
      ---
      duration_ms: 215.30625
      type: 'test'
      ...
    # Subtest: DEV-06 PG candidate command rolls back after shortlistItems
    ok 37 - DEV-06 PG candidate command rolls back after shortlistItems
      ---
      duration_ms: 859.562958
      type: 'test'
      ...
    # Subtest: DEV-06 PG candidate command rolls back after shortlistItemAssets
    ok 38 - DEV-06 PG candidate command rolls back after shortlistItemAssets
      ---
      duration_ms: 1129.203209
      type: 'test'
      ...
    # Subtest: DEV-06 PG candidate command rolls back after audits
    ok 39 - DEV-06 PG candidate command rolls back after audits
      ---
      duration_ms: 1383.765
      type: 'test'
      ...
    # Subtest: DEV-06 PG candidate command rolls back after receipts
    ok 40 - DEV-06 PG candidate command rolls back after receipts
      ---
      duration_ms: 1206.868875
      type: 'test'
      ...
    # Subtest: DEV-07A PG typed export permissions reject wrong-source subjects and unregistered fields
    ok 41 - DEV-07A PG typed export permissions reject wrong-source subjects and unregistered fields
      ---
      duration_ms: 31.213959
      type: 'test'
      ...
    # Subtest: DEV-07A PG export freezes exact dependency and worker produces private JSON payload
    ok 42 - DEV-07A PG export freezes exact dependency and worker produces private JSON payload
      ---
      duration_ms: 662.647792
      type: 'test'
      ...
    # Subtest: DEV-07A PG export create rolls back after exports
    ok 43 - DEV-07A PG export create rolls back after exports
      ---
      duration_ms: 179.282875
      type: 'test'
      ...
    # Subtest: DEV-07A PG export create rolls back after exportDependencies
    ok 44 - DEV-07A PG export create rolls back after exportDependencies
      ---
      duration_ms: 317.140917
      type: 'test'
      ...
    # Subtest: DEV-07A PG export create rolls back after audits
    ok 45 - DEV-07A PG export create rolls back after audits
      ---
      duration_ms: 496.110667
      type: 'test'
      ...
    # Subtest: DEV-07A PG export create rolls back after receipts
    ok 46 - DEV-07A PG export create rolls back after receipts
      ---
      duration_ms: 224.501542
      type: 'test'
      ...
    # Subtest: DEV-07B PG deletion target/source shape and unresolved-count constraints are enforced by DB
    ok 47 - DEV-07B PG deletion target/source shape and unresolved-count constraints are enforced by DB
      ---
      duration_ms: 19.6955
      type: 'test'
      ...
    # Subtest: DEV-07B PG preview freezes exact visible impacts without blocking the target
    ok 48 - DEV-07B PG preview freezes exact visible impacts without blocking the target
      ---
      duration_ms: 612.571333
      type: 'test'
      ...
    # Subtest: DEV-07B PG draft deletion create rolls back after deletionRequests
    ok 49 - DEV-07B PG draft deletion create rolls back after deletionRequests
      ---
      duration_ms: 455.247125
      type: 'test'
      ...
    # Subtest: DEV-07B PG draft deletion create rolls back after deletionItems
    ok 50 - DEV-07B PG draft deletion create rolls back after deletionItems
      ---
      duration_ms: 572.392417
      type: 'test'
      ...
    # Subtest: DEV-07B PG draft deletion create rolls back after audits
    ok 51 - DEV-07B PG draft deletion create rolls back after audits
      ---
      duration_ms: 479.099875
      type: 'test'
      ...
    # Subtest: DEV-07B PG draft deletion create rolls back after receipts
    ok 52 - DEV-07B PG draft deletion create rolls back after receipts
      ---
      duration_ms: 333.481458
      type: 'test'
      ...
    # Subtest: DEV-07C PG person block raises protection epoch, hides normal reads/search and preserves row
    ok 53 - DEV-07C PG person block raises protection epoch, hides normal reads/search and preserves row
      ---
      duration_ms: 476.32375
      type: 'test'
      ...
    # Subtest: DEV-07C PG source block raises protection epoch and appends protected DELETION_BLOCKED history
    ok 54 - DEV-07C PG source block raises protection epoch and appends protected DELETION_BLOCKED history
      ---
      duration_ms: 171.484208
      type: 'test'
      ...
    # Subtest: DEV-07C PG source block rolls back after sourceHistory
    ok 55 - DEV-07C PG source block rolls back after sourceHistory
      ---
      duration_ms: 293.465125
      type: 'test'
      ...
    # Subtest: DEV-07C PG source block rolls back after audits
    ok 56 - DEV-07C PG source block rolls back after audits
      ---
      duration_ms: 291.907542
      type: 'test'
      ...
    # Subtest: DEV-07C PG source block rolls back after receipts
    ok 57 - DEV-07C PG source block rolls back after receipts
      ---
      duration_ms: 857.008458
      type: 'test'
      ...
    # Subtest: DEV-07D PG review decisions freeze a plan without cleaning underlying rows
    ok 58 - DEV-07D PG review decisions freeze a plan without cleaning underlying rows
      ---
      duration_ms: 737.284792
      type: 'test'
      ...
    # Subtest: DEV-07D PG invalid retention decision shapes are rejected by DB
    ok 59 - DEV-07D PG invalid retention decision shapes are rejected by DB
      ---
      duration_ms: 3.865958
      type: 'test'
      ...
    # Subtest: DEV-07D PG decision and freeze rollback with audit/receipt failures
    ok 60 - DEV-07D PG decision and freeze rollback with audit/receipt failures
      ---
      duration_ms: 426.662458
      type: 'test'
      ...
    # Subtest: DEV-07E PG executes frozen dependency cleanup and keeps blocked root
    ok 61 - DEV-07E PG executes frozen dependency cleanup and keeps blocked root
      ---
      duration_ms: 1527.005542
      type: 'test'
      ...
    # Subtest: DEV-07E PG cleanup item delete rolls back when audit insert fails, then retries safely
    ok 62 - DEV-07E PG cleanup item delete rolls back when audit insert fails, then retries safely
      ---
      duration_ms: 502.765875
      type: 'test'
      ...
    # Subtest: DEV-07E PG cleanup state constraints reject forged completion evidence
    ok 63 - DEV-07E PG cleanup state constraints reject forged completion evidence
      ---
      duration_ms: 2.917542
      type: 'test'
      ...
    # Subtest: DEV-07F PG source finalization redacts history and writes strict ERASED root
    ok 64 - DEV-07F PG source finalization redacts history and writes strict ERASED root
      ---
      duration_ms: 457.055708
      type: 'test'
      ...
    # Subtest: DEV-07F PG erased/final states cannot be forged without strict tombstone evidence
    ok 65 - DEV-07F PG erased/final states cannot be forged without strict tombstone evidence
      ---
      duration_ms: 279.029667
      type: 'test'
      ...
    # Subtest: DEV-07F PG finalization audit failure rolls back root tombstone and final state, then retries safely
    ok 66 - DEV-07F PG finalization audit failure rolls back root tombstone and final state, then retries safely
      ---
      duration_ms: 368.158833
      type: 'test'
      ...
    1..66
ok 1 - fresh disposable PostgreSQL: constraints, real transactions and independent workers
  ---
  duration_ms: 22753.580791
  type: 'test'
  ...
1..1
# tests 67
# suites 0
# pass 67
# fail 0
# cancelled 0
# skipped 0
# todo 0
# duration_ms 22972.712792
Prisma schema loaded from prisma/schema.prisma
Datasource "db": PostgreSQL database "once_test_collection_base_pr03cf_final", schema "public" at "127.0.0.1:56531"

63 migrations found in prisma/migrations

Applying migration `202609220001_initial`
Applying migration `202609230001_source_history`
Applying migration `202609230002_record_handoffs`
Applying migration `202609230003_private_images`
Applying migration `202609240001_works_projects`
Applying migration `202609240002_search_shortlists`
Applying migration `202609240003_shortlist_asset_unlink`
Applying migration `202609240004_search_facts_sql`
Applying migration `202609240005_dictionary_search_namespaces`
Applying migration `202609240006_export_dependencies`
Applying migration `202609240007_export_payload_json_null`
Applying migration `202609240008_deletion_impact_preview`
Applying migration `202609240009_deletion_blocking`
Applying migration `202609240010_deletion_retention_plan`
Applying migration `202609240011_deletion_cleanup_execution`
Applying migration `202609240012_cleanup_null_guards`
Applying migration `202609250001_deletion_finalization_states`
Applying migration `202609250002_person_merge_foundation`
Applying migration `202609250003_person_merge_integrity`
Applying migration `202609260001_recovery_runs`
Applying migration `202609260002_recovery_inspection`
Applying migration `202609260003_recovery_report_guards`
Applying migration `202609260004_recovery_approval_evidence`
Applying migration `202609260005_recovery_approval_media_guard`
Applying migration `202609260006_recovery_backup_media_identity`
Applying migration `202609260007_recovery_delta_resolution`
Applying migration `202609270001_talent_domain_v2`
Applying migration `202609270002_talent_merge_history`
Applying migration `202609270003_talent_transfer`
Applying migration `202609270004_capability_transfer`
Applying migration `202609270005_external_ref_transfer`
Applying migration `202609270006_representation_transfer`
Applying migration `202609270007_field_evidence_transfer`
Applying migration `202609270008_credential_transfer`
Applying migration `202609280001_credential_media_transfer`
Applying migration `202609280002_collection_transfer`
Applying migration `202609280003_adult_eligibility_transfer`
Applying migration `202609280004_identity_evidence_transfer`
Applying migration `202609280005_merge_history_transfer`
Applying migration `202609280006_candidate_review_lineage`
Applying migration `202609280007_identity_retention_permission`
Applying migration `202609280008_merge_history_erasure`
Applying migration `202609280009_internal_locale_texts`
Applying migration `202609280010_locale_dependency_identity`
Applying migration `202609280011_locale_transfer`
Applying migration `202609280012_locale_merge`
Applying migration `202609280013_ai_dispatch_ledger`
Applying migration `202609280014_ai_business`
Applying migration `202609280015_ai_operations`
Applying migration `202609290001_ai_connections`
Applying migration `202609290002_media_documents_video`
Applying migration `202609290003_project_parties`
Applying migration `202609290004_project_party_export_fields`
Applying migration `202609290005_media_erased_limits`
Applying migration `202609300001_talent_experience_pr01b`
Applying migration `202610010001_talent_auth_principals`
Applying migration `202610010002_talent_auth_key_binding`
Applying migration `202610010003_talent_maintenance`
Applying migration `202610010004_talent_basis_rebuild`
Applying migration `202610010005_talent_maintenance_permissions`
Applying migration `202610010006_talent_submission_ownership`
Applying migration `202610010007_media_ownership`
Applying migration `202610010008_media_collections`

The following migration(s) have been applied:

migrations/
  └─ 202609220001_initial/
    └─ migration.sql
  └─ 202609230001_source_history/
    └─ migration.sql
  └─ 202609230002_record_handoffs/
    └─ migration.sql
  └─ 202609230003_private_images/
    └─ migration.sql
  └─ 202609240001_works_projects/
    └─ migration.sql
  └─ 202609240002_search_shortlists/
    └─ migration.sql
  └─ 202609240003_shortlist_asset_unlink/
    └─ migration.sql
  └─ 202609240004_search_facts_sql/
    └─ migration.sql
  └─ 202609240005_dictionary_search_namespaces/
    └─ migration.sql
  └─ 202609240006_export_dependencies/
    └─ migration.sql
  └─ 202609240007_export_payload_json_null/
    └─ migration.sql
  └─ 202609240008_deletion_impact_preview/
    └─ migration.sql
  └─ 202609240009_deletion_blocking/
    └─ migration.sql
  └─ 202609240010_deletion_retention_plan/
    └─ migration.sql
  └─ 202609240011_deletion_cleanup_execution/
    └─ migration.sql
  └─ 202609240012_cleanup_null_guards/
    └─ migration.sql
  └─ 202609250001_deletion_finalization_states/
    └─ migration.sql
  └─ 202609250002_person_merge_foundation/
    └─ migration.sql
  └─ 202609250003_person_merge_integrity/
    └─ migration.sql
  └─ 202609260001_recovery_runs/
    └─ migration.sql
  └─ 202609260002_recovery_inspection/
    └─ migration.sql
  └─ 202609260003_recovery_report_guards/
    └─ migration.sql
  └─ 202609260004_recovery_approval_evidence/
    └─ migration.sql
  └─ 202609260005_recovery_approval_media_guard/
    └─ migration.sql
  └─ 202609260006_recovery_backup_media_identity/
    └─ migration.sql
  └─ 202609260007_recovery_delta_resolution/
    └─ migration.sql
  └─ 202609270001_talent_domain_v2/
    └─ migration.sql
  └─ 202609270002_talent_merge_history/
    └─ migration.sql
  └─ 202609270003_talent_transfer/
    └─ migration.sql
  └─ 202609270004_capability_transfer/
    └─ migration.sql
  └─ 202609270005_external_ref_transfer/
    └─ migration.sql
  └─ 202609270006_representation_transfer/
    └─ migration.sql
  └─ 202609270007_field_evidence_transfer/
    └─ migration.sql
  └─ 202609270008_credential_transfer/
    └─ migration.sql
  └─ 202609280001_credential_media_transfer/
    └─ migration.sql
  └─ 202609280002_collection_transfer/
    └─ migration.sql
  └─ 202609280003_adult_eligibility_transfer/
    └─ migration.sql
  └─ 202609280004_identity_evidence_transfer/
    └─ migration.sql
  └─ 202609280005_merge_history_transfer/
    └─ migration.sql
  └─ 202609280006_candidate_review_lineage/
    └─ migration.sql
  └─ 202609280007_identity_retention_permission/
    └─ migration.sql
  └─ 202609280008_merge_history_erasure/
    └─ migration.sql
  └─ 202609280009_internal_locale_texts/
    └─ migration.sql
  └─ 202609280010_locale_dependency_identity/
    └─ migration.sql
  └─ 202609280011_locale_transfer/
    └─ migration.sql
  └─ 202609280012_locale_merge/
    └─ migration.sql
  └─ 202609280013_ai_dispatch_ledger/
    └─ migration.sql
  └─ 202609280014_ai_business/
    └─ migration.sql
  └─ 202609280015_ai_operations/
    └─ migration.sql
  └─ 202609290001_ai_connections/
    └─ migration.sql
  └─ 202609290002_media_documents_video/
    └─ migration.sql
  └─ 202609290003_project_parties/
    └─ migration.sql
  └─ 202609290004_project_party_export_fields/
    └─ migration.sql
  └─ 202609290005_media_erased_limits/
    └─ migration.sql
  └─ 202609300001_talent_experience_pr01b/
    └─ migration.sql
  └─ 202610010001_talent_auth_principals/
    └─ migration.sql
  └─ 202610010002_talent_auth_key_binding/
    └─ migration.sql
  └─ 202610010003_talent_maintenance/
    └─ migration.sql
  └─ 202610010004_talent_basis_rebuild/
    └─ migration.sql
  └─ 202610010005_talent_maintenance_permissions/
    └─ migration.sql
  └─ 202610010006_talent_submission_ownership/
    └─ migration.sql
  └─ 202610010007_media_ownership/
    └─ migration.sql
  └─ 202610010008_media_collections/
    └─ migration.sql
      
All migrations have been successfully applied.
TAP version 13
# {"checks":["ready-staged-cannot-enter-formal-collection","typed-staged-collection-draft-saved","server-draft-order-cover-tags-roundtrip","duplicate-asset-and-foreign-cover-rejected","submitted-collection-frozen","collection-cannot-adopt-without-staged-dependencies","audit-failure-rolls-back-adoption-and-collection","review-atomic-and-same-key-replayed","formal-same-assets-order-cover-tags","formal-self-read-and-cross-account-denied","cross-submission-adopted-reference-no-file-copy-one-current-version","collection-cover-never-mutates-person-cover","remove-link-clears-cover-without-retiring-original","pg-cover-fk","pg-one-current-version","pg-unique-asset-and-order","pg-same-person-fk"]}
# Subtest: tests/postgres/media-collections.test.ts
ok 1 - tests/postgres/media-collections.test.ts
  ---
  duration_ms: 1488.023541
  type: 'test'
  ...
1..1
# tests 1
# suites 0
# pass 1
# fail 0
# cancelled 0
# skipped 0
# todo 0
# duration_ms 1492.813458
Prisma schema loaded from prisma/schema.prisma
Datasource "db": PostgreSQL database "once_test_collection_security_pr03cf_final", schema "public" at "127.0.0.1:56531"

63 migrations found in prisma/migrations

Applying migration `202609220001_initial`
Applying migration `202609230001_source_history`
Applying migration `202609230002_record_handoffs`
Applying migration `202609230003_private_images`
Applying migration `202609240001_works_projects`
Applying migration `202609240002_search_shortlists`
Applying migration `202609240003_shortlist_asset_unlink`
Applying migration `202609240004_search_facts_sql`
Applying migration `202609240005_dictionary_search_namespaces`
Applying migration `202609240006_export_dependencies`
Applying migration `202609240007_export_payload_json_null`
Applying migration `202609240008_deletion_impact_preview`
Applying migration `202609240009_deletion_blocking`
Applying migration `202609240010_deletion_retention_plan`
Applying migration `202609240011_deletion_cleanup_execution`
Applying migration `202609240012_cleanup_null_guards`
Applying migration `202609250001_deletion_finalization_states`
Applying migration `202609250002_person_merge_foundation`
Applying migration `202609250003_person_merge_integrity`
Applying migration `202609260001_recovery_runs`
Applying migration `202609260002_recovery_inspection`
Applying migration `202609260003_recovery_report_guards`
Applying migration `202609260004_recovery_approval_evidence`
Applying migration `202609260005_recovery_approval_media_guard`
Applying migration `202609260006_recovery_backup_media_identity`
Applying migration `202609260007_recovery_delta_resolution`
Applying migration `202609270001_talent_domain_v2`
Applying migration `202609270002_talent_merge_history`
Applying migration `202609270003_talent_transfer`
Applying migration `202609270004_capability_transfer`
Applying migration `202609270005_external_ref_transfer`
Applying migration `202609270006_representation_transfer`
Applying migration `202609270007_field_evidence_transfer`
Applying migration `202609270008_credential_transfer`
Applying migration `202609280001_credential_media_transfer`
Applying migration `202609280002_collection_transfer`
Applying migration `202609280003_adult_eligibility_transfer`
Applying migration `202609280004_identity_evidence_transfer`
Applying migration `202609280005_merge_history_transfer`
Applying migration `202609280006_candidate_review_lineage`
Applying migration `202609280007_identity_retention_permission`
Applying migration `202609280008_merge_history_erasure`
Applying migration `202609280009_internal_locale_texts`
Applying migration `202609280010_locale_dependency_identity`
Applying migration `202609280011_locale_transfer`
Applying migration `202609280012_locale_merge`
Applying migration `202609280013_ai_dispatch_ledger`
Applying migration `202609280014_ai_business`
Applying migration `202609280015_ai_operations`
Applying migration `202609290001_ai_connections`
Applying migration `202609290002_media_documents_video`
Applying migration `202609290003_project_parties`
Applying migration `202609290004_project_party_export_fields`
Applying migration `202609290005_media_erased_limits`
Applying migration `202609300001_talent_experience_pr01b`
Applying migration `202610010001_talent_auth_principals`
Applying migration `202610010002_talent_auth_key_binding`
Applying migration `202610010003_talent_maintenance`
Applying migration `202610010004_talent_basis_rebuild`
Applying migration `202610010005_talent_maintenance_permissions`
Applying migration `202610010006_talent_submission_ownership`
Applying migration `202610010007_media_ownership`
Applying migration `202610010008_media_collections`

The following migration(s) have been applied:

migrations/
  └─ 202609220001_initial/
    └─ migration.sql
  └─ 202609230001_source_history/
    └─ migration.sql
  └─ 202609230002_record_handoffs/
    └─ migration.sql
  └─ 202609230003_private_images/
    └─ migration.sql
  └─ 202609240001_works_projects/
    └─ migration.sql
  └─ 202609240002_search_shortlists/
    └─ migration.sql
  └─ 202609240003_shortlist_asset_unlink/
    └─ migration.sql
  └─ 202609240004_search_facts_sql/
    └─ migration.sql
  └─ 202609240005_dictionary_search_namespaces/
    └─ migration.sql
  └─ 202609240006_export_dependencies/
    └─ migration.sql
  └─ 202609240007_export_payload_json_null/
    └─ migration.sql
  └─ 202609240008_deletion_impact_preview/
    └─ migration.sql
  └─ 202609240009_deletion_blocking/
    └─ migration.sql
  └─ 202609240010_deletion_retention_plan/
    └─ migration.sql
  └─ 202609240011_deletion_cleanup_execution/
    └─ migration.sql
  └─ 202609240012_cleanup_null_guards/
    └─ migration.sql
  └─ 202609250001_deletion_finalization_states/
    └─ migration.sql
  └─ 202609250002_person_merge_foundation/
    └─ migration.sql
  └─ 202609250003_person_merge_integrity/
    └─ migration.sql
  └─ 202609260001_recovery_runs/
    └─ migration.sql
  └─ 202609260002_recovery_inspection/
    └─ migration.sql
  └─ 202609260003_recovery_report_guards/
    └─ migration.sql
  └─ 202609260004_recovery_approval_evidence/
    └─ migration.sql
  └─ 202609260005_recovery_approval_media_guard/
    └─ migration.sql
  └─ 202609260006_recovery_backup_media_identity/
    └─ migration.sql
  └─ 202609260007_recovery_delta_resolution/
    └─ migration.sql
  └─ 202609270001_talent_domain_v2/
    └─ migration.sql
  └─ 202609270002_talent_merge_history/
    └─ migration.sql
  └─ 202609270003_talent_transfer/
    └─ migration.sql
  └─ 202609270004_capability_transfer/
    └─ migration.sql
  └─ 202609270005_external_ref_transfer/
    └─ migration.sql
  └─ 202609270006_representation_transfer/
    └─ migration.sql
  └─ 202609270007_field_evidence_transfer/
    └─ migration.sql
  └─ 202609270008_credential_transfer/
    └─ migration.sql
  └─ 202609280001_credential_media_transfer/
    └─ migration.sql
  └─ 202609280002_collection_transfer/
    └─ migration.sql
  └─ 202609280003_adult_eligibility_transfer/
    └─ migration.sql
  └─ 202609280004_identity_evidence_transfer/
    └─ migration.sql
  └─ 202609280005_merge_history_transfer/
    └─ migration.sql
  └─ 202609280006_candidate_review_lineage/
    └─ migration.sql
  └─ 202609280007_identity_retention_permission/
    └─ migration.sql
  └─ 202609280008_merge_history_erasure/
    └─ migration.sql
  └─ 202609280009_internal_locale_texts/
    └─ migration.sql
  └─ 202609280010_locale_dependency_identity/
    └─ migration.sql
  └─ 202609280011_locale_transfer/
    └─ migration.sql
  └─ 202609280012_locale_merge/
    └─ migration.sql
  └─ 202609280013_ai_dispatch_ledger/
    └─ migration.sql
  └─ 202609280014_ai_business/
    └─ migration.sql
  └─ 202609280015_ai_operations/
    └─ migration.sql
  └─ 202609290001_ai_connections/
    └─ migration.sql
  └─ 202609290002_media_documents_video/
    └─ migration.sql
  └─ 202609290003_project_parties/
    └─ migration.sql
  └─ 202609290004_project_party_export_fields/
    └─ migration.sql
  └─ 202609290005_media_erased_limits/
    └─ migration.sql
  └─ 202609300001_talent_experience_pr01b/
    └─ migration.sql
  └─ 202610010001_talent_auth_principals/
    └─ migration.sql
  └─ 202610010002_talent_auth_key_binding/
    └─ migration.sql
  └─ 202610010003_talent_maintenance/
    └─ migration.sql
  └─ 202610010004_talent_basis_rebuild/
    └─ migration.sql
  └─ 202610010005_talent_maintenance_permissions/
    └─ migration.sql
  └─ 202610010006_talent_submission_ownership/
    └─ migration.sql
  └─ 202610010007_media_ownership/
    └─ migration.sql
  └─ 202610010008_media_collections/
    └─ migration.sql
      
All migrations have been successfully applied.
TAP version 13
# {"checks":["ready-staged-cannot-enter-formal-collection","typed-staged-collection-draft-saved","server-draft-order-cover-tags-roundtrip","duplicate-asset-and-foreign-cover-rejected","submitted-collection-frozen","collection-cannot-adopt-without-staged-dependencies","audit-failure-rolls-back-adoption-and-collection","review-atomic-and-same-key-replayed","formal-same-assets-order-cover-tags","formal-self-read-and-cross-account-denied","cross-submission-adopted-reference-no-file-copy-one-current-version","collection-cover-never-mutates-person-cover","remove-link-clears-cover-without-retiring-original","internal-collection-formal-person-source-authority","image-in-showreel-rejected","duplicate-tag-rejected","unknown-tag-code-rejected","foreign-person-formal-asset-rejected","role-specific-asset-cannot-be-borrowed-by-person-general-collection","quarantined-media-rejected","retired-media-rejected","media-consent-required-even-existing-reference","concurrent-same-key-single-order-command","concurrent-new-keys-cas-conflict-no-duplicate-order","withdraw-item-source-filters-items-cover-without-deleting-independent-collection","collection-own-source-suspension-disables-whole-collection","revoked-grant-blocks-formal-gallery-and-original"]}
# Subtest: tests/postgres/media-collections.test.ts
ok 1 - tests/postgres/media-collections.test.ts
  ---
  duration_ms: 2667.442375
  type: 'test'
  ...
1..1
# tests 1
# suites 0
# pass 1
# fail 0
# cancelled 0
# skipped 0
# todo 0
# duration_ms 2672.501667
Prisma schema loaded from prisma/schema.prisma
Datasource "db": PostgreSQL database "once_test_collection_enroll_pr03cf_final", schema "public" at "127.0.0.1:56531"

63 migrations found in prisma/migrations

Applying migration `202609220001_initial`
Applying migration `202609230001_source_history`
Applying migration `202609230002_record_handoffs`
Applying migration `202609230003_private_images`
Applying migration `202609240001_works_projects`
Applying migration `202609240002_search_shortlists`
Applying migration `202609240003_shortlist_asset_unlink`
Applying migration `202609240004_search_facts_sql`
Applying migration `202609240005_dictionary_search_namespaces`
Applying migration `202609240006_export_dependencies`
Applying migration `202609240007_export_payload_json_null`
Applying migration `202609240008_deletion_impact_preview`
Applying migration `202609240009_deletion_blocking`
Applying migration `202609240010_deletion_retention_plan`
Applying migration `202609240011_deletion_cleanup_execution`
Applying migration `202609240012_cleanup_null_guards`
Applying migration `202609250001_deletion_finalization_states`
Applying migration `202609250002_person_merge_foundation`
Applying migration `202609250003_person_merge_integrity`
Applying migration `202609260001_recovery_runs`
Applying migration `202609260002_recovery_inspection`
Applying migration `202609260003_recovery_report_guards`
Applying migration `202609260004_recovery_approval_evidence`
Applying migration `202609260005_recovery_approval_media_guard`
Applying migration `202609260006_recovery_backup_media_identity`
Applying migration `202609260007_recovery_delta_resolution`
Applying migration `202609270001_talent_domain_v2`
Applying migration `202609270002_talent_merge_history`
Applying migration `202609270003_talent_transfer`
Applying migration `202609270004_capability_transfer`
Applying migration `202609270005_external_ref_transfer`
Applying migration `202609270006_representation_transfer`
Applying migration `202609270007_field_evidence_transfer`
Applying migration `202609270008_credential_transfer`
Applying migration `202609280001_credential_media_transfer`
Applying migration `202609280002_collection_transfer`
Applying migration `202609280003_adult_eligibility_transfer`
Applying migration `202609280004_identity_evidence_transfer`
Applying migration `202609280005_merge_history_transfer`
Applying migration `202609280006_candidate_review_lineage`
Applying migration `202609280007_identity_retention_permission`
Applying migration `202609280008_merge_history_erasure`
Applying migration `202609280009_internal_locale_texts`
Applying migration `202609280010_locale_dependency_identity`
Applying migration `202609280011_locale_transfer`
Applying migration `202609280012_locale_merge`
Applying migration `202609280013_ai_dispatch_ledger`
Applying migration `202609280014_ai_business`
Applying migration `202609280015_ai_operations`
Applying migration `202609290001_ai_connections`
Applying migration `202609290002_media_documents_video`
Applying migration `202609290003_project_parties`
Applying migration `202609290004_project_party_export_fields`
Applying migration `202609290005_media_erased_limits`
Applying migration `202609300001_talent_experience_pr01b`
Applying migration `202610010001_talent_auth_principals`
Applying migration `202610010002_talent_auth_key_binding`
Applying migration `202610010003_talent_maintenance`
Applying migration `202610010004_talent_basis_rebuild`
Applying migration `202610010005_talent_maintenance_permissions`
Applying migration `202610010006_talent_submission_ownership`
Applying migration `202610010007_media_ownership`
Applying migration `202610010008_media_collections`

The following migration(s) have been applied:

migrations/
  └─ 202609220001_initial/
    └─ migration.sql
  └─ 202609230001_source_history/
    └─ migration.sql
  └─ 202609230002_record_handoffs/
    └─ migration.sql
  └─ 202609230003_private_images/
    └─ migration.sql
  └─ 202609240001_works_projects/
    └─ migration.sql
  └─ 202609240002_search_shortlists/
    └─ migration.sql
  └─ 202609240003_shortlist_asset_unlink/
    └─ migration.sql
  └─ 202609240004_search_facts_sql/
    └─ migration.sql
  └─ 202609240005_dictionary_search_namespaces/
    └─ migration.sql
  └─ 202609240006_export_dependencies/
    └─ migration.sql
  └─ 202609240007_export_payload_json_null/
    └─ migration.sql
  └─ 202609240008_deletion_impact_preview/
    └─ migration.sql
  └─ 202609240009_deletion_blocking/
    └─ migration.sql
  └─ 202609240010_deletion_retention_plan/
    └─ migration.sql
  └─ 202609240011_deletion_cleanup_execution/
    └─ migration.sql
  └─ 202609240012_cleanup_null_guards/
    └─ migration.sql
  └─ 202609250001_deletion_finalization_states/
    └─ migration.sql
  └─ 202609250002_person_merge_foundation/
    └─ migration.sql
  └─ 202609250003_person_merge_integrity/
    └─ migration.sql
  └─ 202609260001_recovery_runs/
    └─ migration.sql
  └─ 202609260002_recovery_inspection/
    └─ migration.sql
  └─ 202609260003_recovery_report_guards/
    └─ migration.sql
  └─ 202609260004_recovery_approval_evidence/
    └─ migration.sql
  └─ 202609260005_recovery_approval_media_guard/
    └─ migration.sql
  └─ 202609260006_recovery_backup_media_identity/
    └─ migration.sql
  └─ 202609260007_recovery_delta_resolution/
    └─ migration.sql
  └─ 202609270001_talent_domain_v2/
    └─ migration.sql
  └─ 202609270002_talent_merge_history/
    └─ migration.sql
  └─ 202609270003_talent_transfer/
    └─ migration.sql
  └─ 202609270004_capability_transfer/
    └─ migration.sql
  └─ 202609270005_external_ref_transfer/
    └─ migration.sql
  └─ 202609270006_representation_transfer/
    └─ migration.sql
  └─ 202609270007_field_evidence_transfer/
    └─ migration.sql
  └─ 202609270008_credential_transfer/
    └─ migration.sql
  └─ 202609280001_credential_media_transfer/
    └─ migration.sql
  └─ 202609280002_collection_transfer/
    └─ migration.sql
  └─ 202609280003_adult_eligibility_transfer/
    └─ migration.sql
  └─ 202609280004_identity_evidence_transfer/
    └─ migration.sql
  └─ 202609280005_merge_history_transfer/
    └─ migration.sql
  └─ 202609280006_candidate_review_lineage/
    └─ migration.sql
  └─ 202609280007_identity_retention_permission/
    └─ migration.sql
  └─ 202609280008_merge_history_erasure/
    └─ migration.sql
  └─ 202609280009_internal_locale_texts/
    └─ migration.sql
  └─ 202609280010_locale_dependency_identity/
    └─ migration.sql
  └─ 202609280011_locale_transfer/
    └─ migration.sql
  └─ 202609280012_locale_merge/
    └─ migration.sql
  └─ 202609280013_ai_dispatch_ledger/
    └─ migration.sql
  └─ 202609280014_ai_business/
    └─ migration.sql
  └─ 202609280015_ai_operations/
    └─ migration.sql
  └─ 202609290001_ai_connections/
    └─ migration.sql
  └─ 202609290002_media_documents_video/
    └─ migration.sql
  └─ 202609290003_project_parties/
    └─ migration.sql
  └─ 202609290004_project_party_export_fields/
    └─ migration.sql
  └─ 202609290005_media_erased_limits/
    └─ migration.sql
  └─ 202609300001_talent_experience_pr01b/
    └─ migration.sql
  └─ 202610010001_talent_auth_principals/
    └─ migration.sql
  └─ 202610010002_talent_auth_key_binding/
    └─ migration.sql
  └─ 202610010003_talent_maintenance/
    └─ migration.sql
  └─ 202610010004_talent_basis_rebuild/
    └─ migration.sql
  └─ 202610010005_talent_maintenance_permissions/
    └─ migration.sql
  └─ 202610010006_talent_submission_ownership/
    └─ migration.sql
  └─ 202610010007_media_ownership/
    └─ migration.sql
  └─ 202610010008_media_collections/
    └─ migration.sql
      
All migrations have been successfully applied.
TAP version 13
# {"checks":["enroll-existing-reference-always-denied","enroll-collection-draft-no-fake-person","enroll-adoption-creates-person-grant-collection-in-one-transaction","person-deletion-blocks-collection-and-bytes-before-physical-cleanup"]}
# Subtest: tests/postgres/media-collections.test.ts
ok 1 - tests/postgres/media-collections.test.ts
  ---
  duration_ms: 1196.2165
  type: 'test'
  ...
1..1
# tests 1
# suites 0
# pass 1
# fail 0
# cancelled 0
# skipped 0
# todo 0
# duration_ms 1201.033291
Prisma schema loaded from prisma/schema.prisma
Datasource "db": PostgreSQL database "once_test_collection_export_pr03cf_final", schema "public" at "127.0.0.1:56531"

63 migrations found in prisma/migrations

Applying migration `202609220001_initial`
Applying migration `202609230001_source_history`
Applying migration `202609230002_record_handoffs`
Applying migration `202609230003_private_images`
Applying migration `202609240001_works_projects`
Applying migration `202609240002_search_shortlists`
Applying migration `202609240003_shortlist_asset_unlink`
Applying migration `202609240004_search_facts_sql`
Applying migration `202609240005_dictionary_search_namespaces`
Applying migration `202609240006_export_dependencies`
Applying migration `202609240007_export_payload_json_null`
Applying migration `202609240008_deletion_impact_preview`
Applying migration `202609240009_deletion_blocking`
Applying migration `202609240010_deletion_retention_plan`
Applying migration `202609240011_deletion_cleanup_execution`
Applying migration `202609240012_cleanup_null_guards`
Applying migration `202609250001_deletion_finalization_states`
Applying migration `202609250002_person_merge_foundation`
Applying migration `202609250003_person_merge_integrity`
Applying migration `202609260001_recovery_runs`
Applying migration `202609260002_recovery_inspection`
Applying migration `202609260003_recovery_report_guards`
Applying migration `202609260004_recovery_approval_evidence`
Applying migration `202609260005_recovery_approval_media_guard`
Applying migration `202609260006_recovery_backup_media_identity`
Applying migration `202609260007_recovery_delta_resolution`
Applying migration `202609270001_talent_domain_v2`
Applying migration `202609270002_talent_merge_history`
Applying migration `202609270003_talent_transfer`
Applying migration `202609270004_capability_transfer`
Applying migration `202609270005_external_ref_transfer`
Applying migration `202609270006_representation_transfer`
Applying migration `202609270007_field_evidence_transfer`
Applying migration `202609270008_credential_transfer`
Applying migration `202609280001_credential_media_transfer`
Applying migration `202609280002_collection_transfer`
Applying migration `202609280003_adult_eligibility_transfer`
Applying migration `202609280004_identity_evidence_transfer`
Applying migration `202609280005_merge_history_transfer`
Applying migration `202609280006_candidate_review_lineage`
Applying migration `202609280007_identity_retention_permission`
Applying migration `202609280008_merge_history_erasure`
Applying migration `202609280009_internal_locale_texts`
Applying migration `202609280010_locale_dependency_identity`
Applying migration `202609280011_locale_transfer`
Applying migration `202609280012_locale_merge`
Applying migration `202609280013_ai_dispatch_ledger`
Applying migration `202609280014_ai_business`
Applying migration `202609280015_ai_operations`
Applying migration `202609290001_ai_connections`
Applying migration `202609290002_media_documents_video`
Applying migration `202609290003_project_parties`
Applying migration `202609290004_project_party_export_fields`
Applying migration `202609290005_media_erased_limits`
Applying migration `202609300001_talent_experience_pr01b`
Applying migration `202610010001_talent_auth_principals`
Applying migration `202610010002_talent_auth_key_binding`
Applying migration `202610010003_talent_maintenance`
Applying migration `202610010004_talent_basis_rebuild`
Applying migration `202610010005_talent_maintenance_permissions`
Applying migration `202610010006_talent_submission_ownership`
Applying migration `202610010007_media_ownership`
Applying migration `202610010008_media_collections`

The following migration(s) have been applied:

migrations/
  └─ 202609220001_initial/
    └─ migration.sql
  └─ 202609230001_source_history/
    └─ migration.sql
  └─ 202609230002_record_handoffs/
    └─ migration.sql
  └─ 202609230003_private_images/
    └─ migration.sql
  └─ 202609240001_works_projects/
    └─ migration.sql
  └─ 202609240002_search_shortlists/
    └─ migration.sql
  └─ 202609240003_shortlist_asset_unlink/
    └─ migration.sql
  └─ 202609240004_search_facts_sql/
    └─ migration.sql
  └─ 202609240005_dictionary_search_namespaces/
    └─ migration.sql
  └─ 202609240006_export_dependencies/
    └─ migration.sql
  └─ 202609240007_export_payload_json_null/
    └─ migration.sql
  └─ 202609240008_deletion_impact_preview/
    └─ migration.sql
  └─ 202609240009_deletion_blocking/
    └─ migration.sql
  └─ 202609240010_deletion_retention_plan/
    └─ migration.sql
  └─ 202609240011_deletion_cleanup_execution/
    └─ migration.sql
  └─ 202609240012_cleanup_null_guards/
    └─ migration.sql
  └─ 202609250001_deletion_finalization_states/
    └─ migration.sql
  └─ 202609250002_person_merge_foundation/
    └─ migration.sql
  └─ 202609250003_person_merge_integrity/
    └─ migration.sql
  └─ 202609260001_recovery_runs/
    └─ migration.sql
  └─ 202609260002_recovery_inspection/
    └─ migration.sql
  └─ 202609260003_recovery_report_guards/
    └─ migration.sql
  └─ 202609260004_recovery_approval_evidence/
    └─ migration.sql
  └─ 202609260005_recovery_approval_media_guard/
    └─ migration.sql
  └─ 202609260006_recovery_backup_media_identity/
    └─ migration.sql
  └─ 202609260007_recovery_delta_resolution/
    └─ migration.sql
  └─ 202609270001_talent_domain_v2/
    └─ migration.sql
  └─ 202609270002_talent_merge_history/
    └─ migration.sql
  └─ 202609270003_talent_transfer/
    └─ migration.sql
  └─ 202609270004_capability_transfer/
    └─ migration.sql
  └─ 202609270005_external_ref_transfer/
    └─ migration.sql
  └─ 202609270006_representation_transfer/
    └─ migration.sql
  └─ 202609270007_field_evidence_transfer/
    └─ migration.sql
  └─ 202609270008_credential_transfer/
    └─ migration.sql
  └─ 202609280001_credential_media_transfer/
    └─ migration.sql
  └─ 202609280002_collection_transfer/
    └─ migration.sql
  └─ 202609280003_adult_eligibility_transfer/
    └─ migration.sql
  └─ 202609280004_identity_evidence_transfer/
    └─ migration.sql
  └─ 202609280005_merge_history_transfer/
    └─ migration.sql
  └─ 202609280006_candidate_review_lineage/
    └─ migration.sql
  └─ 202609280007_identity_retention_permission/
    └─ migration.sql
  └─ 202609280008_merge_history_erasure/
    └─ migration.sql
  └─ 202609280009_internal_locale_texts/
    └─ migration.sql
  └─ 202609280010_locale_dependency_identity/
    └─ migration.sql
  └─ 202609280011_locale_transfer/
    └─ migration.sql
  └─ 202609280012_locale_merge/
    └─ migration.sql
  └─ 202609280013_ai_dispatch_ledger/
    └─ migration.sql
  └─ 202609280014_ai_business/
    └─ migration.sql
  └─ 202609280015_ai_operations/
    └─ migration.sql
  └─ 202609290001_ai_connections/
    └─ migration.sql
  └─ 202609290002_media_documents_video/
    └─ migration.sql
  └─ 202609290003_project_parties/
    └─ migration.sql
  └─ 202609290004_project_party_export_fields/
    └─ migration.sql
  └─ 202609290005_media_erased_limits/
    └─ migration.sql
  └─ 202609300001_talent_experience_pr01b/
    └─ migration.sql
  └─ 202610010001_talent_auth_principals/
    └─ migration.sql
  └─ 202610010002_talent_auth_key_binding/
    └─ migration.sql
  └─ 202610010003_talent_maintenance/
    └─ migration.sql
  └─ 202610010004_talent_basis_rebuild/
    └─ migration.sql
  └─ 202610010005_talent_maintenance_permissions/
    └─ migration.sql
  └─ 202610010006_talent_submission_ownership/
    └─ migration.sql
  └─ 202610010007_media_ownership/
    └─ migration.sql
  └─ 202610010008_media_collections/
    └─ migration.sql
      
All migrations have been successfully applied.
Prisma schema loaded from prisma/schema.prisma
Datasource "db": PostgreSQL database "once_test_collection_rebuild_pr03cf_final", schema "public" at "127.0.0.1:56531"

63 migrations found in prisma/migrations

Applying migration `202609220001_initial`
Applying migration `202609230001_source_history`
Applying migration `202609230002_record_handoffs`
Applying migration `202609230003_private_images`
Applying migration `202609240001_works_projects`
Applying migration `202609240002_search_shortlists`
Applying migration `202609240003_shortlist_asset_unlink`
Applying migration `202609240004_search_facts_sql`
Applying migration `202609240005_dictionary_search_namespaces`
Applying migration `202609240006_export_dependencies`
Applying migration `202609240007_export_payload_json_null`
Applying migration `202609240008_deletion_impact_preview`
Applying migration `202609240009_deletion_blocking`
Applying migration `202609240010_deletion_retention_plan`
Applying migration `202609240011_deletion_cleanup_execution`
Applying migration `202609240012_cleanup_null_guards`
Applying migration `202609250001_deletion_finalization_states`
Applying migration `202609250002_person_merge_foundation`
Applying migration `202609250003_person_merge_integrity`
Applying migration `202609260001_recovery_runs`
Applying migration `202609260002_recovery_inspection`
Applying migration `202609260003_recovery_report_guards`
Applying migration `202609260004_recovery_approval_evidence`
Applying migration `202609260005_recovery_approval_media_guard`
Applying migration `202609260006_recovery_backup_media_identity`
Applying migration `202609260007_recovery_delta_resolution`
Applying migration `202609270001_talent_domain_v2`
Applying migration `202609270002_talent_merge_history`
Applying migration `202609270003_talent_transfer`
Applying migration `202609270004_capability_transfer`
Applying migration `202609270005_external_ref_transfer`
Applying migration `202609270006_representation_transfer`
Applying migration `202609270007_field_evidence_transfer`
Applying migration `202609270008_credential_transfer`
Applying migration `202609280001_credential_media_transfer`
Applying migration `202609280002_collection_transfer`
Applying migration `202609280003_adult_eligibility_transfer`
Applying migration `202609280004_identity_evidence_transfer`
Applying migration `202609280005_merge_history_transfer`
Applying migration `202609280006_candidate_review_lineage`
Applying migration `202609280007_identity_retention_permission`
Applying migration `202609280008_merge_history_erasure`
Applying migration `202609280009_internal_locale_texts`
Applying migration `202609280010_locale_dependency_identity`
Applying migration `202609280011_locale_transfer`
Applying migration `202609280012_locale_merge`
Applying migration `202609280013_ai_dispatch_ledger`
Applying migration `202609280014_ai_business`
Applying migration `202609280015_ai_operations`
Applying migration `202609290001_ai_connections`
Applying migration `202609290002_media_documents_video`
Applying migration `202609290003_project_parties`
Applying migration `202609290004_project_party_export_fields`
Applying migration `202609290005_media_erased_limits`
Applying migration `202609300001_talent_experience_pr01b`
Applying migration `202610010001_talent_auth_principals`
Applying migration `202610010002_talent_auth_key_binding`
Applying migration `202610010003_talent_maintenance`
Applying migration `202610010004_talent_basis_rebuild`
Applying migration `202610010005_talent_maintenance_permissions`
Applying migration `202610010006_talent_submission_ownership`
Applying migration `202610010007_media_ownership`
Applying migration `202610010008_media_collections`

The following migration(s) have been applied:

migrations/
  └─ 202609220001_initial/
    └─ migration.sql
  └─ 202609230001_source_history/
    └─ migration.sql
  └─ 202609230002_record_handoffs/
    └─ migration.sql
  └─ 202609230003_private_images/
    └─ migration.sql
  └─ 202609240001_works_projects/
    └─ migration.sql
  └─ 202609240002_search_shortlists/
    └─ migration.sql
  └─ 202609240003_shortlist_asset_unlink/
    └─ migration.sql
  └─ 202609240004_search_facts_sql/
    └─ migration.sql
  └─ 202609240005_dictionary_search_namespaces/
    └─ migration.sql
  └─ 202609240006_export_dependencies/
    └─ migration.sql
  └─ 202609240007_export_payload_json_null/
    └─ migration.sql
  └─ 202609240008_deletion_impact_preview/
    └─ migration.sql
  └─ 202609240009_deletion_blocking/
    └─ migration.sql
  └─ 202609240010_deletion_retention_plan/
    └─ migration.sql
  └─ 202609240011_deletion_cleanup_execution/
    └─ migration.sql
  └─ 202609240012_cleanup_null_guards/
    └─ migration.sql
  └─ 202609250001_deletion_finalization_states/
    └─ migration.sql
  └─ 202609250002_person_merge_foundation/
    └─ migration.sql
  └─ 202609250003_person_merge_integrity/
    └─ migration.sql
  └─ 202609260001_recovery_runs/
    └─ migration.sql
  └─ 202609260002_recovery_inspection/
    └─ migration.sql
  └─ 202609260003_recovery_report_guards/
    └─ migration.sql
  └─ 202609260004_recovery_approval_evidence/
    └─ migration.sql
  └─ 202609260005_recovery_approval_media_guard/
    └─ migration.sql
  └─ 202609260006_recovery_backup_media_identity/
    └─ migration.sql
  └─ 202609260007_recovery_delta_resolution/
    └─ migration.sql
  └─ 202609270001_talent_domain_v2/
    └─ migration.sql
  └─ 202609270002_talent_merge_history/
    └─ migration.sql
  └─ 202609270003_talent_transfer/
    └─ migration.sql
  └─ 202609270004_capability_transfer/
    └─ migration.sql
  └─ 202609270005_external_ref_transfer/
    └─ migration.sql
  └─ 202609270006_representation_transfer/
    └─ migration.sql
  └─ 202609270007_field_evidence_transfer/
    └─ migration.sql
  └─ 202609270008_credential_transfer/
    └─ migration.sql
  └─ 202609280001_credential_media_transfer/
    └─ migration.sql
  └─ 202609280002_collection_transfer/
    └─ migration.sql
  └─ 202609280003_adult_eligibility_transfer/
    └─ migration.sql
  └─ 202609280004_identity_evidence_transfer/
    └─ migration.sql
  └─ 202609280005_merge_history_transfer/
    └─ migration.sql
  └─ 202609280006_candidate_review_lineage/
    └─ migration.sql
  └─ 202609280007_identity_retention_permission/
    └─ migration.sql
  └─ 202609280008_merge_history_erasure/
    └─ migration.sql
  └─ 202609280009_internal_locale_texts/
    └─ migration.sql
  └─ 202609280010_locale_dependency_identity/
    └─ migration.sql
  └─ 202609280011_locale_transfer/
    └─ migration.sql
  └─ 202609280012_locale_merge/
    └─ migration.sql
  └─ 202609280013_ai_dispatch_ledger/
    └─ migration.sql
  └─ 202609280014_ai_business/
    └─ migration.sql
  └─ 202609280015_ai_operations/
    └─ migration.sql
  └─ 202609290001_ai_connections/
    └─ migration.sql
  └─ 202609290002_media_documents_video/
    └─ migration.sql
  └─ 202609290003_project_parties/
    └─ migration.sql
  └─ 202609290004_project_party_export_fields/
    └─ migration.sql
  └─ 202609290005_media_erased_limits/
    └─ migration.sql
  └─ 202609300001_talent_experience_pr01b/
    └─ migration.sql
  └─ 202610010001_talent_auth_principals/
    └─ migration.sql
  └─ 202610010002_talent_auth_key_binding/
    └─ migration.sql
  └─ 202610010003_talent_maintenance/
    └─ migration.sql
  └─ 202610010004_talent_basis_rebuild/
    └─ migration.sql
  └─ 202610010005_talent_maintenance_permissions/
    └─ migration.sql
  └─ 202610010006_talent_submission_ownership/
    └─ migration.sql
  └─ 202610010007_media_ownership/
    └─ migration.sql
  └─ 202610010008_media_collections/
    └─ migration.sql
      
All migrations have been successfully applied.
TAP version 13
# {"checks":["ready-staged-cannot-enter-formal-collection","typed-staged-collection-draft-saved","server-draft-order-cover-tags-roundtrip","duplicate-asset-and-foreign-cover-rejected","submitted-collection-frozen","collection-cannot-adopt-without-staged-dependencies","audit-failure-rolls-back-adoption-and-collection","review-atomic-and-same-key-replayed","formal-same-assets-order-cover-tags","formal-self-read-and-cross-account-denied","cross-submission-adopted-reference-no-file-copy-one-current-version","collection-cover-never-mutates-person-cover","remove-link-clears-cover-without-retiring-original","real-export-worker-formal-collection-cover-current-order-tags-without-draft","json-rebuild-preserves-cover-current-order-tags-sources-without-authorizations-or-drafts"]}
# Subtest: tests/postgres/media-collections.test.ts
ok 1 - tests/postgres/media-collections.test.ts
  ---
  duration_ms: 9156.582666
  type: 'test'
  ...
1..1
# tests 1
# suites 0
# pass 1
# fail 0
# cancelled 0
# skipped 0
# todo 0
# duration_ms 9166.673958
Prisma schema loaded from prisma/schema.prisma
Datasource "db": PostgreSQL database "once_test_collection_merge_pr03cf_final", schema "public" at "127.0.0.1:56531"

63 migrations found in prisma/migrations

Applying migration `202609220001_initial`
Applying migration `202609230001_source_history`
Applying migration `202609230002_record_handoffs`
Applying migration `202609230003_private_images`
Applying migration `202609240001_works_projects`
Applying migration `202609240002_search_shortlists`
Applying migration `202609240003_shortlist_asset_unlink`
Applying migration `202609240004_search_facts_sql`
Applying migration `202609240005_dictionary_search_namespaces`
Applying migration `202609240006_export_dependencies`
Applying migration `202609240007_export_payload_json_null`
Applying migration `202609240008_deletion_impact_preview`
Applying migration `202609240009_deletion_blocking`
Applying migration `202609240010_deletion_retention_plan`
Applying migration `202609240011_deletion_cleanup_execution`
Applying migration `202609240012_cleanup_null_guards`
Applying migration `202609250001_deletion_finalization_states`
Applying migration `202609250002_person_merge_foundation`
Applying migration `202609250003_person_merge_integrity`
Applying migration `202609260001_recovery_runs`
Applying migration `202609260002_recovery_inspection`
Applying migration `202609260003_recovery_report_guards`
Applying migration `202609260004_recovery_approval_evidence`
Applying migration `202609260005_recovery_approval_media_guard`
Applying migration `202609260006_recovery_backup_media_identity`
Applying migration `202609260007_recovery_delta_resolution`
Applying migration `202609270001_talent_domain_v2`
Applying migration `202609270002_talent_merge_history`
Applying migration `202609270003_talent_transfer`
Applying migration `202609270004_capability_transfer`
Applying migration `202609270005_external_ref_transfer`
Applying migration `202609270006_representation_transfer`
Applying migration `202609270007_field_evidence_transfer`
Applying migration `202609270008_credential_transfer`
Applying migration `202609280001_credential_media_transfer`
Applying migration `202609280002_collection_transfer`
Applying migration `202609280003_adult_eligibility_transfer`
Applying migration `202609280004_identity_evidence_transfer`
Applying migration `202609280005_merge_history_transfer`
Applying migration `202609280006_candidate_review_lineage`
Applying migration `202609280007_identity_retention_permission`
Applying migration `202609280008_merge_history_erasure`
Applying migration `202609280009_internal_locale_texts`
Applying migration `202609280010_locale_dependency_identity`
Applying migration `202609280011_locale_transfer`
Applying migration `202609280012_locale_merge`
Applying migration `202609280013_ai_dispatch_ledger`
Applying migration `202609280014_ai_business`
Applying migration `202609280015_ai_operations`
Applying migration `202609290001_ai_connections`
Applying migration `202609290002_media_documents_video`
Applying migration `202609290003_project_parties`
Applying migration `202609290004_project_party_export_fields`
Applying migration `202609290005_media_erased_limits`
Applying migration `202609300001_talent_experience_pr01b`
Applying migration `202610010001_talent_auth_principals`
Applying migration `202610010002_talent_auth_key_binding`
Applying migration `202610010003_talent_maintenance`
Applying migration `202610010004_talent_basis_rebuild`
Applying migration `202610010005_talent_maintenance_permissions`
Applying migration `202610010006_talent_submission_ownership`
Applying migration `202610010007_media_ownership`
Applying migration `202610010008_media_collections`

The following migration(s) have been applied:

migrations/
  └─ 202609220001_initial/
    └─ migration.sql
  └─ 202609230001_source_history/
    └─ migration.sql
  └─ 202609230002_record_handoffs/
    └─ migration.sql
  └─ 202609230003_private_images/
    └─ migration.sql
  └─ 202609240001_works_projects/
    └─ migration.sql
  └─ 202609240002_search_shortlists/
    └─ migration.sql
  └─ 202609240003_shortlist_asset_unlink/
    └─ migration.sql
  └─ 202609240004_search_facts_sql/
    └─ migration.sql
  └─ 202609240005_dictionary_search_namespaces/
    └─ migration.sql
  └─ 202609240006_export_dependencies/
    └─ migration.sql
  └─ 202609240007_export_payload_json_null/
    └─ migration.sql
  └─ 202609240008_deletion_impact_preview/
    └─ migration.sql
  └─ 202609240009_deletion_blocking/
    └─ migration.sql
  └─ 202609240010_deletion_retention_plan/
    └─ migration.sql
  └─ 202609240011_deletion_cleanup_execution/
    └─ migration.sql
  └─ 202609240012_cleanup_null_guards/
    └─ migration.sql
  └─ 202609250001_deletion_finalization_states/
    └─ migration.sql
  └─ 202609250002_person_merge_foundation/
    └─ migration.sql
  └─ 202609250003_person_merge_integrity/
    └─ migration.sql
  └─ 202609260001_recovery_runs/
    └─ migration.sql
  └─ 202609260002_recovery_inspection/
    └─ migration.sql
  └─ 202609260003_recovery_report_guards/
    └─ migration.sql
  └─ 202609260004_recovery_approval_evidence/
    └─ migration.sql
  └─ 202609260005_recovery_approval_media_guard/
    └─ migration.sql
  └─ 202609260006_recovery_backup_media_identity/
    └─ migration.sql
  └─ 202609260007_recovery_delta_resolution/
    └─ migration.sql
  └─ 202609270001_talent_domain_v2/
    └─ migration.sql
  └─ 202609270002_talent_merge_history/
    └─ migration.sql
  └─ 202609270003_talent_transfer/
    └─ migration.sql
  └─ 202609270004_capability_transfer/
    └─ migration.sql
  └─ 202609270005_external_ref_transfer/
    └─ migration.sql
  └─ 202609270006_representation_transfer/
    └─ migration.sql
  └─ 202609270007_field_evidence_transfer/
    └─ migration.sql
  └─ 202609270008_credential_transfer/
    └─ migration.sql
  └─ 202609280001_credential_media_transfer/
    └─ migration.sql
  └─ 202609280002_collection_transfer/
    └─ migration.sql
  └─ 202609280003_adult_eligibility_transfer/
    └─ migration.sql
  └─ 202609280004_identity_evidence_transfer/
    └─ migration.sql
  └─ 202609280005_merge_history_transfer/
    └─ migration.sql
  └─ 202609280006_candidate_review_lineage/
    └─ migration.sql
  └─ 202609280007_identity_retention_permission/
    └─ migration.sql
  └─ 202609280008_merge_history_erasure/
    └─ migration.sql
  └─ 202609280009_internal_locale_texts/
    └─ migration.sql
  └─ 202609280010_locale_dependency_identity/
    └─ migration.sql
  └─ 202609280011_locale_transfer/
    └─ migration.sql
  └─ 202609280012_locale_merge/
    └─ migration.sql
  └─ 202609280013_ai_dispatch_ledger/
    └─ migration.sql
  └─ 202609280014_ai_business/
    └─ migration.sql
  └─ 202609280015_ai_operations/
    └─ migration.sql
  └─ 202609290001_ai_connections/
    └─ migration.sql
  └─ 202609290002_media_documents_video/
    └─ migration.sql
  └─ 202609290003_project_parties/
    └─ migration.sql
  └─ 202609290004_project_party_export_fields/
    └─ migration.sql
  └─ 202609290005_media_erased_limits/
    └─ migration.sql
  └─ 202609300001_talent_experience_pr01b/
    └─ migration.sql
  └─ 202610010001_talent_auth_principals/
    └─ migration.sql
  └─ 202610010002_talent_auth_key_binding/
    └─ migration.sql
  └─ 202610010003_talent_maintenance/
    └─ migration.sql
  └─ 202610010004_talent_basis_rebuild/
    └─ migration.sql
  └─ 202610010005_talent_maintenance_permissions/
    └─ migration.sql
  └─ 202610010006_talent_submission_ownership/
    └─ migration.sql
  └─ 202610010007_media_ownership/
    └─ migration.sql
  └─ 202610010008_media_collections/
    └─ migration.sql
      
All migrations have been successfully applied.
TAP version 13
# {"checks":["ready-staged-cannot-enter-formal-collection","typed-staged-collection-draft-saved","server-draft-order-cover-tags-roundtrip","duplicate-asset-and-foreign-cover-rejected","submitted-collection-frozen","collection-cannot-adopt-without-staged-dependencies","audit-failure-rolls-back-adoption-and-collection","review-atomic-and-same-key-replayed","formal-same-assets-order-cover-tags","formal-self-read-and-cross-account-denied","cross-submission-adopted-reference-no-file-copy-one-current-version","collection-cover-never-mutates-person-cover","remove-link-clears-cover-without-retiring-original","actual-person-merge-moves-formal-collections-cover-items-and-revokes-old-grant"]}
# Subtest: tests/postgres/media-collections.test.ts
ok 1 - tests/postgres/media-collections.test.ts
  ---
  duration_ms: 3373.987042
  type: 'test'
  ...
1..1
# tests 1
# suites 0
# pass 1
# fail 0
# cancelled 0
# skipped 0
# todo 0
# duration_ms 3380.294875
Prisma schema loaded from prisma/schema.prisma
Datasource "db": PostgreSQL database "once_test_collection_finalization_pr03cf_final", schema "public" at "127.0.0.1:56531"

63 migrations found in prisma/migrations

Applying migration `202609220001_initial`
Applying migration `202609230001_source_history`
Applying migration `202609230002_record_handoffs`
Applying migration `202609230003_private_images`
Applying migration `202609240001_works_projects`
Applying migration `202609240002_search_shortlists`
Applying migration `202609240003_shortlist_asset_unlink`
Applying migration `202609240004_search_facts_sql`
Applying migration `202609240005_dictionary_search_namespaces`
Applying migration `202609240006_export_dependencies`
Applying migration `202609240007_export_payload_json_null`
Applying migration `202609240008_deletion_impact_preview`
Applying migration `202609240009_deletion_blocking`
Applying migration `202609240010_deletion_retention_plan`
Applying migration `202609240011_deletion_cleanup_execution`
Applying migration `202609240012_cleanup_null_guards`
Applying migration `202609250001_deletion_finalization_states`
Applying migration `202609250002_person_merge_foundation`
Applying migration `202609250003_person_merge_integrity`
Applying migration `202609260001_recovery_runs`
Applying migration `202609260002_recovery_inspection`
Applying migration `202609260003_recovery_report_guards`
Applying migration `202609260004_recovery_approval_evidence`
Applying migration `202609260005_recovery_approval_media_guard`
Applying migration `202609260006_recovery_backup_media_identity`
Applying migration `202609260007_recovery_delta_resolution`
Applying migration `202609270001_talent_domain_v2`
Applying migration `202609270002_talent_merge_history`
Applying migration `202609270003_talent_transfer`
Applying migration `202609270004_capability_transfer`
Applying migration `202609270005_external_ref_transfer`
Applying migration `202609270006_representation_transfer`
Applying migration `202609270007_field_evidence_transfer`
Applying migration `202609270008_credential_transfer`
Applying migration `202609280001_credential_media_transfer`
Applying migration `202609280002_collection_transfer`
Applying migration `202609280003_adult_eligibility_transfer`
Applying migration `202609280004_identity_evidence_transfer`
Applying migration `202609280005_merge_history_transfer`
Applying migration `202609280006_candidate_review_lineage`
Applying migration `202609280007_identity_retention_permission`
Applying migration `202609280008_merge_history_erasure`
Applying migration `202609280009_internal_locale_texts`
Applying migration `202609280010_locale_dependency_identity`
Applying migration `202609280011_locale_transfer`
Applying migration `202609280012_locale_merge`
Applying migration `202609280013_ai_dispatch_ledger`
Applying migration `202609280014_ai_business`
Applying migration `202609280015_ai_operations`
Applying migration `202609290001_ai_connections`
Applying migration `202609290002_media_documents_video`
Applying migration `202609290003_project_parties`
Applying migration `202609290004_project_party_export_fields`
Applying migration `202609290005_media_erased_limits`
Applying migration `202609300001_talent_experience_pr01b`
Applying migration `202610010001_talent_auth_principals`
Applying migration `202610010002_talent_auth_key_binding`
Applying migration `202610010003_talent_maintenance`
Applying migration `202610010004_talent_basis_rebuild`
Applying migration `202610010005_talent_maintenance_permissions`
Applying migration `202610010006_talent_submission_ownership`
Applying migration `202610010007_media_ownership`
Applying migration `202610010008_media_collections`

The following migration(s) have been applied:

migrations/
  └─ 202609220001_initial/
    └─ migration.sql
  └─ 202609230001_source_history/
    └─ migration.sql
  └─ 202609230002_record_handoffs/
    └─ migration.sql
  └─ 202609230003_private_images/
    └─ migration.sql
  └─ 202609240001_works_projects/
    └─ migration.sql
  └─ 202609240002_search_shortlists/
    └─ migration.sql
  └─ 202609240003_shortlist_asset_unlink/
    └─ migration.sql
  └─ 202609240004_search_facts_sql/
    └─ migration.sql
  └─ 202609240005_dictionary_search_namespaces/
    └─ migration.sql
  └─ 202609240006_export_dependencies/
    └─ migration.sql
  └─ 202609240007_export_payload_json_null/
    └─ migration.sql
  └─ 202609240008_deletion_impact_preview/
    └─ migration.sql
  └─ 202609240009_deletion_blocking/
    └─ migration.sql
  └─ 202609240010_deletion_retention_plan/
    └─ migration.sql
  └─ 202609240011_deletion_cleanup_execution/
    └─ migration.sql
  └─ 202609240012_cleanup_null_guards/
    └─ migration.sql
  └─ 202609250001_deletion_finalization_states/
    └─ migration.sql
  └─ 202609250002_person_merge_foundation/
    └─ migration.sql
  └─ 202609250003_person_merge_integrity/
    └─ migration.sql
  └─ 202609260001_recovery_runs/
    └─ migration.sql
  └─ 202609260002_recovery_inspection/
    └─ migration.sql
  └─ 202609260003_recovery_report_guards/
    └─ migration.sql
  └─ 202609260004_recovery_approval_evidence/
    └─ migration.sql
  └─ 202609260005_recovery_approval_media_guard/
    └─ migration.sql
  └─ 202609260006_recovery_backup_media_identity/
    └─ migration.sql
  └─ 202609260007_recovery_delta_resolution/
    └─ migration.sql
  └─ 202609270001_talent_domain_v2/
    └─ migration.sql
  └─ 202609270002_talent_merge_history/
    └─ migration.sql
  └─ 202609270003_talent_transfer/
    └─ migration.sql
  └─ 202609270004_capability_transfer/
    └─ migration.sql
  └─ 202609270005_external_ref_transfer/
    └─ migration.sql
  └─ 202609270006_representation_transfer/
    └─ migration.sql
  └─ 202609270007_field_evidence_transfer/
    └─ migration.sql
  └─ 202609270008_credential_transfer/
    └─ migration.sql
  └─ 202609280001_credential_media_transfer/
    └─ migration.sql
  └─ 202609280002_collection_transfer/
    └─ migration.sql
  └─ 202609280003_adult_eligibility_transfer/
    └─ migration.sql
  └─ 202609280004_identity_evidence_transfer/
    └─ migration.sql
  └─ 202609280005_merge_history_transfer/
    └─ migration.sql
  └─ 202609280006_candidate_review_lineage/
    └─ migration.sql
  └─ 202609280007_identity_retention_permission/
    └─ migration.sql
  └─ 202609280008_merge_history_erasure/
    └─ migration.sql
  └─ 202609280009_internal_locale_texts/
    └─ migration.sql
  └─ 202609280010_locale_dependency_identity/
    └─ migration.sql
  └─ 202609280011_locale_transfer/
    └─ migration.sql
  └─ 202609280012_locale_merge/
    └─ migration.sql
  └─ 202609280013_ai_dispatch_ledger/
    └─ migration.sql
  └─ 202609280014_ai_business/
    └─ migration.sql
  └─ 202609280015_ai_operations/
    └─ migration.sql
  └─ 202609290001_ai_connections/
    └─ migration.sql
  └─ 202609290002_media_documents_video/
    └─ migration.sql
  └─ 202609290003_project_parties/
    └─ migration.sql
  └─ 202609290004_project_party_export_fields/
    └─ migration.sql
  └─ 202609290005_media_erased_limits/
    └─ migration.sql
  └─ 202609300001_talent_experience_pr01b/
    └─ migration.sql
  └─ 202610010001_talent_auth_principals/
    └─ migration.sql
  └─ 202610010002_talent_auth_key_binding/
    └─ migration.sql
  └─ 202610010003_talent_maintenance/
    └─ migration.sql
  └─ 202610010004_talent_basis_rebuild/
    └─ migration.sql
  └─ 202610010005_talent_maintenance_permissions/
    └─ migration.sql
  └─ 202610010006_talent_submission_ownership/
    └─ migration.sql
  └─ 202610010007_media_ownership/
    └─ migration.sql
  └─ 202610010008_media_collections/
    └─ migration.sql
      
All migrations have been successfully applied.
TAP version 13
# {"checks":["ready-staged-cannot-enter-formal-collection","typed-staged-collection-draft-saved","server-draft-order-cover-tags-roundtrip","duplicate-asset-and-foreign-cover-rejected","submitted-collection-frozen","collection-cannot-adopt-without-staged-dependencies","audit-failure-rolls-back-adoption-and-collection","review-atomic-and-same-key-replayed","formal-same-assets-order-cover-tags","formal-self-read-and-cross-account-denied","cross-submission-adopted-reference-no-file-copy-one-current-version","collection-cover-never-mutates-person-cover","remove-link-clears-cover-without-retiring-original","collection-type-identity-portal-internal-generic-conflict-new-type-allowed","employee-formal-media-and-collection-explicit-grant-exposure-current-account-only","explicit-exposure-revocation-immediately-denies-formal-original","simulated-future-agent-formal-source-needs-new-explicit-exposure-no-uploader-rewrite-or-machine-entry","source-revocation-invalidates-explicit-grant-exposure","generic-tag-create-and-patch-advance-parent-saved-draft-review-conflicts","archived-tag-reenabled-with-current-approval-source-history-preserved","suspended-old-current-can-be-retired-with-new-valid-review-basis","hidden-old-current-scope-fails-closed"]}
# Subtest: tests/postgres/media-collections.test.ts
ok 1 - tests/postgres/media-collections.test.ts
  ---
  duration_ms: 6083.230042
  type: 'test'
  ...
1..1
# tests 1
# suites 0
# pass 1
# fail 0
# cancelled 0
# skipped 0
# todo 0
# duration_ms 6088.010625
Prisma schema loaded from prisma/schema.prisma
Datasource "db": PostgreSQL database "once_test_media_formal_bound_pr03cf_final", schema "public" at "127.0.0.1:56531"

63 migrations found in prisma/migrations

Applying migration `202609220001_initial`
Applying migration `202609230001_source_history`
Applying migration `202609230002_record_handoffs`
Applying migration `202609230003_private_images`
Applying migration `202609240001_works_projects`
Applying migration `202609240002_search_shortlists`
Applying migration `202609240003_shortlist_asset_unlink`
Applying migration `202609240004_search_facts_sql`
Applying migration `202609240005_dictionary_search_namespaces`
Applying migration `202609240006_export_dependencies`
Applying migration `202609240007_export_payload_json_null`
Applying migration `202609240008_deletion_impact_preview`
Applying migration `202609240009_deletion_blocking`
Applying migration `202609240010_deletion_retention_plan`
Applying migration `202609240011_deletion_cleanup_execution`
Applying migration `202609240012_cleanup_null_guards`
Applying migration `202609250001_deletion_finalization_states`
Applying migration `202609250002_person_merge_foundation`
Applying migration `202609250003_person_merge_integrity`
Applying migration `202609260001_recovery_runs`
Applying migration `202609260002_recovery_inspection`
Applying migration `202609260003_recovery_report_guards`
Applying migration `202609260004_recovery_approval_evidence`
Applying migration `202609260005_recovery_approval_media_guard`
Applying migration `202609260006_recovery_backup_media_identity`
Applying migration `202609260007_recovery_delta_resolution`
Applying migration `202609270001_talent_domain_v2`
Applying migration `202609270002_talent_merge_history`
Applying migration `202609270003_talent_transfer`
Applying migration `202609270004_capability_transfer`
Applying migration `202609270005_external_ref_transfer`
Applying migration `202609270006_representation_transfer`
Applying migration `202609270007_field_evidence_transfer`
Applying migration `202609270008_credential_transfer`
Applying migration `202609280001_credential_media_transfer`
Applying migration `202609280002_collection_transfer`
Applying migration `202609280003_adult_eligibility_transfer`
Applying migration `202609280004_identity_evidence_transfer`
Applying migration `202609280005_merge_history_transfer`
Applying migration `202609280006_candidate_review_lineage`
Applying migration `202609280007_identity_retention_permission`
Applying migration `202609280008_merge_history_erasure`
Applying migration `202609280009_internal_locale_texts`
Applying migration `202609280010_locale_dependency_identity`
Applying migration `202609280011_locale_transfer`
Applying migration `202609280012_locale_merge`
Applying migration `202609280013_ai_dispatch_ledger`
Applying migration `202609280014_ai_business`
Applying migration `202609280015_ai_operations`
Applying migration `202609290001_ai_connections`
Applying migration `202609290002_media_documents_video`
Applying migration `202609290003_project_parties`
Applying migration `202609290004_project_party_export_fields`
Applying migration `202609290005_media_erased_limits`
Applying migration `202609300001_talent_experience_pr01b`
Applying migration `202610010001_talent_auth_principals`
Applying migration `202610010002_talent_auth_key_binding`
Applying migration `202610010003_talent_maintenance`
Applying migration `202610010004_talent_basis_rebuild`
Applying migration `202610010005_talent_maintenance_permissions`
Applying migration `202610010006_talent_submission_ownership`
Applying migration `202610010007_media_ownership`
Applying migration `202610010008_media_collections`

The following migration(s) have been applied:

migrations/
  └─ 202609220001_initial/
    └─ migration.sql
  └─ 202609230001_source_history/
    └─ migration.sql
  └─ 202609230002_record_handoffs/
    └─ migration.sql
  └─ 202609230003_private_images/
    └─ migration.sql
  └─ 202609240001_works_projects/
    └─ migration.sql
  └─ 202609240002_search_shortlists/
    └─ migration.sql
  └─ 202609240003_shortlist_asset_unlink/
    └─ migration.sql
  └─ 202609240004_search_facts_sql/
    └─ migration.sql
  └─ 202609240005_dictionary_search_namespaces/
    └─ migration.sql
  └─ 202609240006_export_dependencies/
    └─ migration.sql
  └─ 202609240007_export_payload_json_null/
    └─ migration.sql
  └─ 202609240008_deletion_impact_preview/
    └─ migration.sql
  └─ 202609240009_deletion_blocking/
    └─ migration.sql
  └─ 202609240010_deletion_retention_plan/
    └─ migration.sql
  └─ 202609240011_deletion_cleanup_execution/
    └─ migration.sql
  └─ 202609240012_cleanup_null_guards/
    └─ migration.sql
  └─ 202609250001_deletion_finalization_states/
    └─ migration.sql
  └─ 202609250002_person_merge_foundation/
    └─ migration.sql
  └─ 202609250003_person_merge_integrity/
    └─ migration.sql
  └─ 202609260001_recovery_runs/
    └─ migration.sql
  └─ 202609260002_recovery_inspection/
    └─ migration.sql
  └─ 202609260003_recovery_report_guards/
    └─ migration.sql
  └─ 202609260004_recovery_approval_evidence/
    └─ migration.sql
  └─ 202609260005_recovery_approval_media_guard/
    └─ migration.sql
  └─ 202609260006_recovery_backup_media_identity/
    └─ migration.sql
  └─ 202609260007_recovery_delta_resolution/
    └─ migration.sql
  └─ 202609270001_talent_domain_v2/
    └─ migration.sql
  └─ 202609270002_talent_merge_history/
    └─ migration.sql
  └─ 202609270003_talent_transfer/
    └─ migration.sql
  └─ 202609270004_capability_transfer/
    └─ migration.sql
  └─ 202609270005_external_ref_transfer/
    └─ migration.sql
  └─ 202609270006_representation_transfer/
    └─ migration.sql
  └─ 202609270007_field_evidence_transfer/
    └─ migration.sql
  └─ 202609270008_credential_transfer/
    └─ migration.sql
  └─ 202609280001_credential_media_transfer/
    └─ migration.sql
  └─ 202609280002_collection_transfer/
    └─ migration.sql
  └─ 202609280003_adult_eligibility_transfer/
    └─ migration.sql
  └─ 202609280004_identity_evidence_transfer/
    └─ migration.sql
  └─ 202609280005_merge_history_transfer/
    └─ migration.sql
  └─ 202609280006_candidate_review_lineage/
    └─ migration.sql
  └─ 202609280007_identity_retention_permission/
    └─ migration.sql
  └─ 202609280008_merge_history_erasure/
    └─ migration.sql
  └─ 202609280009_internal_locale_texts/
    └─ migration.sql
  └─ 202609280010_locale_dependency_identity/
    └─ migration.sql
  └─ 202609280011_locale_transfer/
    └─ migration.sql
  └─ 202609280012_locale_merge/
    └─ migration.sql
  └─ 202609280013_ai_dispatch_ledger/
    └─ migration.sql
  └─ 202609280014_ai_business/
    └─ migration.sql
  └─ 202609280015_ai_operations/
    └─ migration.sql
  └─ 202609290001_ai_connections/
    └─ migration.sql
  └─ 202609290002_media_documents_video/
    └─ migration.sql
  └─ 202609290003_project_parties/
    └─ migration.sql
  └─ 202609290004_project_party_export_fields/
    └─ migration.sql
  └─ 202609290005_media_erased_limits/
    └─ migration.sql
  └─ 202609300001_talent_experience_pr01b/
    └─ migration.sql
  └─ 202610010001_talent_auth_principals/
    └─ migration.sql
  └─ 202610010002_talent_auth_key_binding/
    └─ migration.sql
  └─ 202610010003_talent_maintenance/
    └─ migration.sql
  └─ 202610010004_talent_basis_rebuild/
    └─ migration.sql
  └─ 202610010005_talent_maintenance_permissions/
    └─ migration.sql
  └─ 202610010006_talent_submission_ownership/
    └─ migration.sql
  └─ 202610010007_media_ownership/
    └─ migration.sql
  └─ 202610010008_media_collections/
    └─ migration.sql
      
All migrations have been successfully applied.
TAP version 13
# {"checks":["merge-STAGED-keeps-intake-scope","READY-STAGED-denies-formal-B-without-intake","ADOPTED-direct-list-preview-TD2-use-formal-Person-Source-not-intake","formal-B-export-adopted-without-intake","formal-B-merge-preview-without-historical-intake","current-person-scope-remains-required","current-formal-source-scope-revocation-denies-all-consumers"]}
# Subtest: tests/postgres/media-staging.test.ts
ok 1 - tests/postgres/media-staging.test.ts
  ---
  duration_ms: 7320.494708
  type: 'test'
  ...
1..1
# tests 1
# suites 0
# pass 1
# fail 0
# cancelled 0
# skipped 0
# todo 0
# duration_ms 7335.434625
Prisma schema loaded from prisma/schema.prisma
Datasource "db": PostgreSQL database "once_test_media_formal_enroll_pr03cf_final", schema "public" at "127.0.0.1:56531"

63 migrations found in prisma/migrations

Applying migration `202609220001_initial`
Applying migration `202609230001_source_history`
Applying migration `202609230002_record_handoffs`
Applying migration `202609230003_private_images`
Applying migration `202609240001_works_projects`
Applying migration `202609240002_search_shortlists`
Applying migration `202609240003_shortlist_asset_unlink`
Applying migration `202609240004_search_facts_sql`
Applying migration `202609240005_dictionary_search_namespaces`
Applying migration `202609240006_export_dependencies`
Applying migration `202609240007_export_payload_json_null`
Applying migration `202609240008_deletion_impact_preview`
Applying migration `202609240009_deletion_blocking`
Applying migration `202609240010_deletion_retention_plan`
Applying migration `202609240011_deletion_cleanup_execution`
Applying migration `202609240012_cleanup_null_guards`
Applying migration `202609250001_deletion_finalization_states`
Applying migration `202609250002_person_merge_foundation`
Applying migration `202609250003_person_merge_integrity`
Applying migration `202609260001_recovery_runs`
Applying migration `202609260002_recovery_inspection`
Applying migration `202609260003_recovery_report_guards`
Applying migration `202609260004_recovery_approval_evidence`
Applying migration `202609260005_recovery_approval_media_guard`
Applying migration `202609260006_recovery_backup_media_identity`
Applying migration `202609260007_recovery_delta_resolution`
Applying migration `202609270001_talent_domain_v2`
Applying migration `202609270002_talent_merge_history`
Applying migration `202609270003_talent_transfer`
Applying migration `202609270004_capability_transfer`
Applying migration `202609270005_external_ref_transfer`
Applying migration `202609270006_representation_transfer`
Applying migration `202609270007_field_evidence_transfer`
Applying migration `202609270008_credential_transfer`
Applying migration `202609280001_credential_media_transfer`
Applying migration `202609280002_collection_transfer`
Applying migration `202609280003_adult_eligibility_transfer`
Applying migration `202609280004_identity_evidence_transfer`
Applying migration `202609280005_merge_history_transfer`
Applying migration `202609280006_candidate_review_lineage`
Applying migration `202609280007_identity_retention_permission`
Applying migration `202609280008_merge_history_erasure`
Applying migration `202609280009_internal_locale_texts`
Applying migration `202609280010_locale_dependency_identity`
Applying migration `202609280011_locale_transfer`
Applying migration `202609280012_locale_merge`
Applying migration `202609280013_ai_dispatch_ledger`
Applying migration `202609280014_ai_business`
Applying migration `202609280015_ai_operations`
Applying migration `202609290001_ai_connections`
Applying migration `202609290002_media_documents_video`
Applying migration `202609290003_project_parties`
Applying migration `202609290004_project_party_export_fields`
Applying migration `202609290005_media_erased_limits`
Applying migration `202609300001_talent_experience_pr01b`
Applying migration `202610010001_talent_auth_principals`
Applying migration `202610010002_talent_auth_key_binding`
Applying migration `202610010003_talent_maintenance`
Applying migration `202610010004_talent_basis_rebuild`
Applying migration `202610010005_talent_maintenance_permissions`
Applying migration `202610010006_talent_submission_ownership`
Applying migration `202610010007_media_ownership`
Applying migration `202610010008_media_collections`

The following migration(s) have been applied:

migrations/
  └─ 202609220001_initial/
    └─ migration.sql
  └─ 202609230001_source_history/
    └─ migration.sql
  └─ 202609230002_record_handoffs/
    └─ migration.sql
  └─ 202609230003_private_images/
    └─ migration.sql
  └─ 202609240001_works_projects/
    └─ migration.sql
  └─ 202609240002_search_shortlists/
    └─ migration.sql
  └─ 202609240003_shortlist_asset_unlink/
    └─ migration.sql
  └─ 202609240004_search_facts_sql/
    └─ migration.sql
  └─ 202609240005_dictionary_search_namespaces/
    └─ migration.sql
  └─ 202609240006_export_dependencies/
    └─ migration.sql
  └─ 202609240007_export_payload_json_null/
    └─ migration.sql
  └─ 202609240008_deletion_impact_preview/
    └─ migration.sql
  └─ 202609240009_deletion_blocking/
    └─ migration.sql
  └─ 202609240010_deletion_retention_plan/
    └─ migration.sql
  └─ 202609240011_deletion_cleanup_execution/
    └─ migration.sql
  └─ 202609240012_cleanup_null_guards/
    └─ migration.sql
  └─ 202609250001_deletion_finalization_states/
    └─ migration.sql
  └─ 202609250002_person_merge_foundation/
    └─ migration.sql
  └─ 202609250003_person_merge_integrity/
    └─ migration.sql
  └─ 202609260001_recovery_runs/
    └─ migration.sql
  └─ 202609260002_recovery_inspection/
    └─ migration.sql
  └─ 202609260003_recovery_report_guards/
    └─ migration.sql
  └─ 202609260004_recovery_approval_evidence/
    └─ migration.sql
  └─ 202609260005_recovery_approval_media_guard/
    └─ migration.sql
  └─ 202609260006_recovery_backup_media_identity/
    └─ migration.sql
  └─ 202609260007_recovery_delta_resolution/
    └─ migration.sql
  └─ 202609270001_talent_domain_v2/
    └─ migration.sql
  └─ 202609270002_talent_merge_history/
    └─ migration.sql
  └─ 202609270003_talent_transfer/
    └─ migration.sql
  └─ 202609270004_capability_transfer/
    └─ migration.sql
  └─ 202609270005_external_ref_transfer/
    └─ migration.sql
  └─ 202609270006_representation_transfer/
    └─ migration.sql
  └─ 202609270007_field_evidence_transfer/
    └─ migration.sql
  └─ 202609270008_credential_transfer/
    └─ migration.sql
  └─ 202609280001_credential_media_transfer/
    └─ migration.sql
  └─ 202609280002_collection_transfer/
    └─ migration.sql
  └─ 202609280003_adult_eligibility_transfer/
    └─ migration.sql
  └─ 202609280004_identity_evidence_transfer/
    └─ migration.sql
  └─ 202609280005_merge_history_transfer/
    └─ migration.sql
  └─ 202609280006_candidate_review_lineage/
    └─ migration.sql
  └─ 202609280007_identity_retention_permission/
    └─ migration.sql
  └─ 202609280008_merge_history_erasure/
    └─ migration.sql
  └─ 202609280009_internal_locale_texts/
    └─ migration.sql
  └─ 202609280010_locale_dependency_identity/
    └─ migration.sql
  └─ 202609280011_locale_transfer/
    └─ migration.sql
  └─ 202609280012_locale_merge/
    └─ migration.sql
  └─ 202609280013_ai_dispatch_ledger/
    └─ migration.sql
  └─ 202609280014_ai_business/
    └─ migration.sql
  └─ 202609280015_ai_operations/
    └─ migration.sql
  └─ 202609290001_ai_connections/
    └─ migration.sql
  └─ 202609290002_media_documents_video/
    └─ migration.sql
  └─ 202609290003_project_parties/
    └─ migration.sql
  └─ 202609290004_project_party_export_fields/
    └─ migration.sql
  └─ 202609290005_media_erased_limits/
    └─ migration.sql
  └─ 202609300001_talent_experience_pr01b/
    └─ migration.sql
  └─ 202610010001_talent_auth_principals/
    └─ migration.sql
  └─ 202610010002_talent_auth_key_binding/
    └─ migration.sql
  └─ 202610010003_talent_maintenance/
    └─ migration.sql
  └─ 202610010004_talent_basis_rebuild/
    └─ migration.sql
  └─ 202610010005_talent_maintenance_permissions/
    └─ migration.sql
  └─ 202610010006_talent_submission_ownership/
    └─ migration.sql
  └─ 202610010007_media_ownership/
    └─ migration.sql
  └─ 202610010008_media_collections/
    └─ migration.sql
      
All migrations have been successfully applied.
TAP version 13
# {"checks":["READY-STAGED-denies-formal-B-without-intake","ADOPTED-direct-list-preview-TD2-use-formal-Person-Source-not-intake","current-person-scope-remains-required","current-formal-source-scope-revocation-denies-all-consumers"]}
# Subtest: tests/postgres/media-staging.test.ts
ok 1 - tests/postgres/media-staging.test.ts
  ---
  duration_ms: 6205.3715
  type: 'test'
  ...
1..1
# tests 1
# suites 0
# pass 1
# fail 0
# cancelled 0
# skipped 0
# todo 0
# duration_ms 6213.428834
Prisma schema loaded from prisma/schema.prisma
Datasource "db": PostgreSQL database "once_test_media_formal_role_pr03cf_final", schema "public" at "127.0.0.1:56531"

63 migrations found in prisma/migrations

Applying migration `202609220001_initial`
Applying migration `202609230001_source_history`
Applying migration `202609230002_record_handoffs`
Applying migration `202609230003_private_images`
Applying migration `202609240001_works_projects`
Applying migration `202609240002_search_shortlists`
Applying migration `202609240003_shortlist_asset_unlink`
Applying migration `202609240004_search_facts_sql`
Applying migration `202609240005_dictionary_search_namespaces`
Applying migration `202609240006_export_dependencies`
Applying migration `202609240007_export_payload_json_null`
Applying migration `202609240008_deletion_impact_preview`
Applying migration `202609240009_deletion_blocking`
Applying migration `202609240010_deletion_retention_plan`
Applying migration `202609240011_deletion_cleanup_execution`
Applying migration `202609240012_cleanup_null_guards`
Applying migration `202609250001_deletion_finalization_states`
Applying migration `202609250002_person_merge_foundation`
Applying migration `202609250003_person_merge_integrity`
Applying migration `202609260001_recovery_runs`
Applying migration `202609260002_recovery_inspection`
Applying migration `202609260003_recovery_report_guards`
Applying migration `202609260004_recovery_approval_evidence`
Applying migration `202609260005_recovery_approval_media_guard`
Applying migration `202609260006_recovery_backup_media_identity`
Applying migration `202609260007_recovery_delta_resolution`
Applying migration `202609270001_talent_domain_v2`
Applying migration `202609270002_talent_merge_history`
Applying migration `202609270003_talent_transfer`
Applying migration `202609270004_capability_transfer`
Applying migration `202609270005_external_ref_transfer`
Applying migration `202609270006_representation_transfer`
Applying migration `202609270007_field_evidence_transfer`
Applying migration `202609270008_credential_transfer`
Applying migration `202609280001_credential_media_transfer`
Applying migration `202609280002_collection_transfer`
Applying migration `202609280003_adult_eligibility_transfer`
Applying migration `202609280004_identity_evidence_transfer`
Applying migration `202609280005_merge_history_transfer`
Applying migration `202609280006_candidate_review_lineage`
Applying migration `202609280007_identity_retention_permission`
Applying migration `202609280008_merge_history_erasure`
Applying migration `202609280009_internal_locale_texts`
Applying migration `202609280010_locale_dependency_identity`
Applying migration `202609280011_locale_transfer`
Applying migration `202609280012_locale_merge`
Applying migration `202609280013_ai_dispatch_ledger`
Applying migration `202609280014_ai_business`
Applying migration `202609280015_ai_operations`
Applying migration `202609290001_ai_connections`
Applying migration `202609290002_media_documents_video`
Applying migration `202609290003_project_parties`
Applying migration `202609290004_project_party_export_fields`
Applying migration `202609290005_media_erased_limits`
Applying migration `202609300001_talent_experience_pr01b`
Applying migration `202610010001_talent_auth_principals`
Applying migration `202610010002_talent_auth_key_binding`
Applying migration `202610010003_talent_maintenance`
Applying migration `202610010004_talent_basis_rebuild`
Applying migration `202610010005_talent_maintenance_permissions`
Applying migration `202610010006_talent_submission_ownership`
Applying migration `202610010007_media_ownership`
Applying migration `202610010008_media_collections`

The following migration(s) have been applied:

migrations/
  └─ 202609220001_initial/
    └─ migration.sql
  └─ 202609230001_source_history/
    └─ migration.sql
  └─ 202609230002_record_handoffs/
    └─ migration.sql
  └─ 202609230003_private_images/
    └─ migration.sql
  └─ 202609240001_works_projects/
    └─ migration.sql
  └─ 202609240002_search_shortlists/
    └─ migration.sql
  └─ 202609240003_shortlist_asset_unlink/
    └─ migration.sql
  └─ 202609240004_search_facts_sql/
    └─ migration.sql
  └─ 202609240005_dictionary_search_namespaces/
    └─ migration.sql
  └─ 202609240006_export_dependencies/
    └─ migration.sql
  └─ 202609240007_export_payload_json_null/
    └─ migration.sql
  └─ 202609240008_deletion_impact_preview/
    └─ migration.sql
  └─ 202609240009_deletion_blocking/
    └─ migration.sql
  └─ 202609240010_deletion_retention_plan/
    └─ migration.sql
  └─ 202609240011_deletion_cleanup_execution/
    └─ migration.sql
  └─ 202609240012_cleanup_null_guards/
    └─ migration.sql
  └─ 202609250001_deletion_finalization_states/
    └─ migration.sql
  └─ 202609250002_person_merge_foundation/
    └─ migration.sql
  └─ 202609250003_person_merge_integrity/
    └─ migration.sql
  └─ 202609260001_recovery_runs/
    └─ migration.sql
  └─ 202609260002_recovery_inspection/
    └─ migration.sql
  └─ 202609260003_recovery_report_guards/
    └─ migration.sql
  └─ 202609260004_recovery_approval_evidence/
    └─ migration.sql
  └─ 202609260005_recovery_approval_media_guard/
    └─ migration.sql
  └─ 202609260006_recovery_backup_media_identity/
    └─ migration.sql
  └─ 202609260007_recovery_delta_resolution/
    └─ migration.sql
  └─ 202609270001_talent_domain_v2/
    └─ migration.sql
  └─ 202609270002_talent_merge_history/
    └─ migration.sql
  └─ 202609270003_talent_transfer/
    └─ migration.sql
  └─ 202609270004_capability_transfer/
    └─ migration.sql
  └─ 202609270005_external_ref_transfer/
    └─ migration.sql
  └─ 202609270006_representation_transfer/
    └─ migration.sql
  └─ 202609270007_field_evidence_transfer/
    └─ migration.sql
  └─ 202609270008_credential_transfer/
    └─ migration.sql
  └─ 202609280001_credential_media_transfer/
    └─ migration.sql
  └─ 202609280002_collection_transfer/
    └─ migration.sql
  └─ 202609280003_adult_eligibility_transfer/
    └─ migration.sql
  └─ 202609280004_identity_evidence_transfer/
    └─ migration.sql
  └─ 202609280005_merge_history_transfer/
    └─ migration.sql
  └─ 202609280006_candidate_review_lineage/
    └─ migration.sql
  └─ 202609280007_identity_retention_permission/
    └─ migration.sql
  └─ 202609280008_merge_history_erasure/
    └─ migration.sql
  └─ 202609280009_internal_locale_texts/
    └─ migration.sql
  └─ 202609280010_locale_dependency_identity/
    └─ migration.sql
  └─ 202609280011_locale_transfer/
    └─ migration.sql
  └─ 202609280012_locale_merge/
    └─ migration.sql
  └─ 202609280013_ai_dispatch_ledger/
    └─ migration.sql
  └─ 202609280014_ai_business/
    └─ migration.sql
  └─ 202609280015_ai_operations/
    └─ migration.sql
  └─ 202609290001_ai_connections/
    └─ migration.sql
  └─ 202609290002_media_documents_video/
    └─ migration.sql
  └─ 202609290003_project_parties/
    └─ migration.sql
  └─ 202609290004_project_party_export_fields/
    └─ migration.sql
  └─ 202609290005_media_erased_limits/
    └─ migration.sql
  └─ 202609300001_talent_experience_pr01b/
    └─ migration.sql
  └─ 202610010001_talent_auth_principals/
    └─ migration.sql
  └─ 202610010002_talent_auth_key_binding/
    └─ migration.sql
  └─ 202610010003_talent_maintenance/
    └─ migration.sql
  └─ 202610010004_talent_basis_rebuild/
    └─ migration.sql
  └─ 202610010005_talent_maintenance_permissions/
    └─ migration.sql
  └─ 202610010006_talent_submission_ownership/
    └─ migration.sql
  └─ 202610010007_media_ownership/
    └─ migration.sql
  └─ 202610010008_media_collections/
    └─ migration.sql
      
All migrations have been successfully applied.
TAP version 13
# {"checks":["merge-STAGED-keeps-intake-scope","READY-STAGED-denies-formal-B-without-intake","ADOPTED-direct-list-preview-TD2-use-formal-Person-Source-not-intake","formal-B-export-adopted-without-intake","formal-B-merge-preview-without-historical-intake","current-person-scope-remains-required","current-formal-source-scope-revocation-denies-all-consumers","exact-formal-Role-inactivation-denies-direct-list-preview-and-graph"]}
# Subtest: tests/postgres/media-staging.test.ts
ok 1 - tests/postgres/media-staging.test.ts
  ---
  duration_ms: 6256.40725
  type: 'test'
  ...
1..1
# tests 1
# suites 0
# pass 1
# fail 0
# cancelled 0
# skipped 0
# todo 0
# duration_ms 6262.192166
Prisma schema loaded from prisma/schema.prisma
Datasource "db": PostgreSQL database "once_test_media_bound_pr03cf_final", schema "public" at "127.0.0.1:56531"

63 migrations found in prisma/migrations

Applying migration `202609220001_initial`
Applying migration `202609230001_source_history`
Applying migration `202609230002_record_handoffs`
Applying migration `202609230003_private_images`
Applying migration `202609240001_works_projects`
Applying migration `202609240002_search_shortlists`
Applying migration `202609240003_shortlist_asset_unlink`
Applying migration `202609240004_search_facts_sql`
Applying migration `202609240005_dictionary_search_namespaces`
Applying migration `202609240006_export_dependencies`
Applying migration `202609240007_export_payload_json_null`
Applying migration `202609240008_deletion_impact_preview`
Applying migration `202609240009_deletion_blocking`
Applying migration `202609240010_deletion_retention_plan`
Applying migration `202609240011_deletion_cleanup_execution`
Applying migration `202609240012_cleanup_null_guards`
Applying migration `202609250001_deletion_finalization_states`
Applying migration `202609250002_person_merge_foundation`
Applying migration `202609250003_person_merge_integrity`
Applying migration `202609260001_recovery_runs`
Applying migration `202609260002_recovery_inspection`
Applying migration `202609260003_recovery_report_guards`
Applying migration `202609260004_recovery_approval_evidence`
Applying migration `202609260005_recovery_approval_media_guard`
Applying migration `202609260006_recovery_backup_media_identity`
Applying migration `202609260007_recovery_delta_resolution`
Applying migration `202609270001_talent_domain_v2`
Applying migration `202609270002_talent_merge_history`
Applying migration `202609270003_talent_transfer`
Applying migration `202609270004_capability_transfer`
Applying migration `202609270005_external_ref_transfer`
Applying migration `202609270006_representation_transfer`
Applying migration `202609270007_field_evidence_transfer`
Applying migration `202609270008_credential_transfer`
Applying migration `202609280001_credential_media_transfer`
Applying migration `202609280002_collection_transfer`
Applying migration `202609280003_adult_eligibility_transfer`
Applying migration `202609280004_identity_evidence_transfer`
Applying migration `202609280005_merge_history_transfer`
Applying migration `202609280006_candidate_review_lineage`
Applying migration `202609280007_identity_retention_permission`
Applying migration `202609280008_merge_history_erasure`
Applying migration `202609280009_internal_locale_texts`
Applying migration `202609280010_locale_dependency_identity`
Applying migration `202609280011_locale_transfer`
Applying migration `202609280012_locale_merge`
Applying migration `202609280013_ai_dispatch_ledger`
Applying migration `202609280014_ai_business`
Applying migration `202609280015_ai_operations`
Applying migration `202609290001_ai_connections`
Applying migration `202609290002_media_documents_video`
Applying migration `202609290003_project_parties`
Applying migration `202609290004_project_party_export_fields`
Applying migration `202609290005_media_erased_limits`
Applying migration `202609300001_talent_experience_pr01b`
Applying migration `202610010001_talent_auth_principals`
Applying migration `202610010002_talent_auth_key_binding`
Applying migration `202610010003_talent_maintenance`
Applying migration `202610010004_talent_basis_rebuild`
Applying migration `202610010005_talent_maintenance_permissions`
Applying migration `202610010006_talent_submission_ownership`
Applying migration `202610010007_media_ownership`
Applying migration `202610010008_media_collections`

The following migration(s) have been applied:

migrations/
  └─ 202609220001_initial/
    └─ migration.sql
  └─ 202609230001_source_history/
    └─ migration.sql
  └─ 202609230002_record_handoffs/
    └─ migration.sql
  └─ 202609230003_private_images/
    └─ migration.sql
  └─ 202609240001_works_projects/
    └─ migration.sql
  └─ 202609240002_search_shortlists/
    └─ migration.sql
  └─ 202609240003_shortlist_asset_unlink/
    └─ migration.sql
  └─ 202609240004_search_facts_sql/
    └─ migration.sql
  └─ 202609240005_dictionary_search_namespaces/
    └─ migration.sql
  └─ 202609240006_export_dependencies/
    └─ migration.sql
  └─ 202609240007_export_payload_json_null/
    └─ migration.sql
  └─ 202609240008_deletion_impact_preview/
    └─ migration.sql
  └─ 202609240009_deletion_blocking/
    └─ migration.sql
  └─ 202609240010_deletion_retention_plan/
    └─ migration.sql
  └─ 202609240011_deletion_cleanup_execution/
    └─ migration.sql
  └─ 202609240012_cleanup_null_guards/
    └─ migration.sql
  └─ 202609250001_deletion_finalization_states/
    └─ migration.sql
  └─ 202609250002_person_merge_foundation/
    └─ migration.sql
  └─ 202609250003_person_merge_integrity/
    └─ migration.sql
  └─ 202609260001_recovery_runs/
    └─ migration.sql
  └─ 202609260002_recovery_inspection/
    └─ migration.sql
  └─ 202609260003_recovery_report_guards/
    └─ migration.sql
  └─ 202609260004_recovery_approval_evidence/
    └─ migration.sql
  └─ 202609260005_recovery_approval_media_guard/
    └─ migration.sql
  └─ 202609260006_recovery_backup_media_identity/
    └─ migration.sql
  └─ 202609260007_recovery_delta_resolution/
    └─ migration.sql
  └─ 202609270001_talent_domain_v2/
    └─ migration.sql
  └─ 202609270002_talent_merge_history/
    └─ migration.sql
  └─ 202609270003_talent_transfer/
    └─ migration.sql
  └─ 202609270004_capability_transfer/
    └─ migration.sql
  └─ 202609270005_external_ref_transfer/
    └─ migration.sql
  └─ 202609270006_representation_transfer/
    └─ migration.sql
  └─ 202609270007_field_evidence_transfer/
    └─ migration.sql
  └─ 202609270008_credential_transfer/
    └─ migration.sql
  └─ 202609280001_credential_media_transfer/
    └─ migration.sql
  └─ 202609280002_collection_transfer/
    └─ migration.sql
  └─ 202609280003_adult_eligibility_transfer/
    └─ migration.sql
  └─ 202609280004_identity_evidence_transfer/
    └─ migration.sql
  └─ 202609280005_merge_history_transfer/
    └─ migration.sql
  └─ 202609280006_candidate_review_lineage/
    └─ migration.sql
  └─ 202609280007_identity_retention_permission/
    └─ migration.sql
  └─ 202609280008_merge_history_erasure/
    └─ migration.sql
  └─ 202609280009_internal_locale_texts/
    └─ migration.sql
  └─ 202609280010_locale_dependency_identity/
    └─ migration.sql
  └─ 202609280011_locale_transfer/
    └─ migration.sql
  └─ 202609280012_locale_merge/
    └─ migration.sql
  └─ 202609280013_ai_dispatch_ledger/
    └─ migration.sql
  └─ 202609280014_ai_business/
    └─ migration.sql
  └─ 202609280015_ai_operations/
    └─ migration.sql
  └─ 202609290001_ai_connections/
    └─ migration.sql
  └─ 202609290002_media_documents_video/
    └─ migration.sql
  └─ 202609290003_project_parties/
    └─ migration.sql
  └─ 202609290004_project_party_export_fields/
    └─ migration.sql
  └─ 202609290005_media_erased_limits/
    └─ migration.sql
  └─ 202609300001_talent_experience_pr01b/
    └─ migration.sql
  └─ 202610010001_talent_auth_principals/
    └─ migration.sql
  └─ 202610010002_talent_auth_key_binding/
    └─ migration.sql
  └─ 202610010003_talent_maintenance/
    └─ migration.sql
  └─ 202610010004_talent_basis_rebuild/
    └─ migration.sql
  └─ 202610010005_talent_maintenance_permissions/
    └─ migration.sql
  └─ 202610010006_talent_submission_ownership/
    └─ migration.sql
  └─ 202610010007_media_ownership/
    └─ migration.sql
  └─ 202610010008_media_collections/
    └─ migration.sql
      
All migrations have been successfully applied.
TAP version 13
# {"checks":["real-principal-and-ready-staged-orthogonal","cross-account-staged-read-denied","staged-hidden-from-ordinary-assets","staged-hidden-from-td2-directory-work-candidate-policy-and-business-transfer","submitted-freezes-media-membership","atomic-adoption-preserves-asset-id-hash-uploader-origin","formal-source-relation-allows-multi-source","postgres-uploader-xor","postgres-uploader-fk","postgres-submission-account-fk","postgres-immutable-asset-origin","postgres-immutable-hash","postgres-no-half-adoption","postgres-formal-media-export-with-source-basis-and-relation","postgres-json-rebuild-formal-multi-source-relation-and-bytes-without-auth"]}
# Subtest: tests/postgres/media-staging.test.ts
ok 1 - tests/postgres/media-staging.test.ts
  ---
  duration_ms: 5189.768417
  type: 'test'
  ...
1..1
# tests 1
# suites 0
# pass 1
# fail 0
# cancelled 0
# skipped 0
# todo 0
# duration_ms 5194.574416
Prisma schema loaded from prisma/schema.prisma
Datasource "db": PostgreSQL database "once_test_media_enroll_pr03cf_final", schema "public" at "127.0.0.1:56531"

63 migrations found in prisma/migrations

Applying migration `202609220001_initial`
Applying migration `202609230001_source_history`
Applying migration `202609230002_record_handoffs`
Applying migration `202609230003_private_images`
Applying migration `202609240001_works_projects`
Applying migration `202609240002_search_shortlists`
Applying migration `202609240003_shortlist_asset_unlink`
Applying migration `202609240004_search_facts_sql`
Applying migration `202609240005_dictionary_search_namespaces`
Applying migration `202609240006_export_dependencies`
Applying migration `202609240007_export_payload_json_null`
Applying migration `202609240008_deletion_impact_preview`
Applying migration `202609240009_deletion_blocking`
Applying migration `202609240010_deletion_retention_plan`
Applying migration `202609240011_deletion_cleanup_execution`
Applying migration `202609240012_cleanup_null_guards`
Applying migration `202609250001_deletion_finalization_states`
Applying migration `202609250002_person_merge_foundation`
Applying migration `202609250003_person_merge_integrity`
Applying migration `202609260001_recovery_runs`
Applying migration `202609260002_recovery_inspection`
Applying migration `202609260003_recovery_report_guards`
Applying migration `202609260004_recovery_approval_evidence`
Applying migration `202609260005_recovery_approval_media_guard`
Applying migration `202609260006_recovery_backup_media_identity`
Applying migration `202609260007_recovery_delta_resolution`
Applying migration `202609270001_talent_domain_v2`
Applying migration `202609270002_talent_merge_history`
Applying migration `202609270003_talent_transfer`
Applying migration `202609270004_capability_transfer`
Applying migration `202609270005_external_ref_transfer`
Applying migration `202609270006_representation_transfer`
Applying migration `202609270007_field_evidence_transfer`
Applying migration `202609270008_credential_transfer`
Applying migration `202609280001_credential_media_transfer`
Applying migration `202609280002_collection_transfer`
Applying migration `202609280003_adult_eligibility_transfer`
Applying migration `202609280004_identity_evidence_transfer`
Applying migration `202609280005_merge_history_transfer`
Applying migration `202609280006_candidate_review_lineage`
Applying migration `202609280007_identity_retention_permission`
Applying migration `202609280008_merge_history_erasure`
Applying migration `202609280009_internal_locale_texts`
Applying migration `202609280010_locale_dependency_identity`
Applying migration `202609280011_locale_transfer`
Applying migration `202609280012_locale_merge`
Applying migration `202609280013_ai_dispatch_ledger`
Applying migration `202609280014_ai_business`
Applying migration `202609280015_ai_operations`
Applying migration `202609290001_ai_connections`
Applying migration `202609290002_media_documents_video`
Applying migration `202609290003_project_parties`
Applying migration `202609290004_project_party_export_fields`
Applying migration `202609290005_media_erased_limits`
Applying migration `202609300001_talent_experience_pr01b`
Applying migration `202610010001_talent_auth_principals`
Applying migration `202610010002_talent_auth_key_binding`
Applying migration `202610010003_talent_maintenance`
Applying migration `202610010004_talent_basis_rebuild`
Applying migration `202610010005_talent_maintenance_permissions`
Applying migration `202610010006_talent_submission_ownership`
Applying migration `202610010007_media_ownership`
Applying migration `202610010008_media_collections`

The following migration(s) have been applied:

migrations/
  └─ 202609220001_initial/
    └─ migration.sql
  └─ 202609230001_source_history/
    └─ migration.sql
  └─ 202609230002_record_handoffs/
    └─ migration.sql
  └─ 202609230003_private_images/
    └─ migration.sql
  └─ 202609240001_works_projects/
    └─ migration.sql
  └─ 202609240002_search_shortlists/
    └─ migration.sql
  └─ 202609240003_shortlist_asset_unlink/
    └─ migration.sql
  └─ 202609240004_search_facts_sql/
    └─ migration.sql
  └─ 202609240005_dictionary_search_namespaces/
    └─ migration.sql
  └─ 202609240006_export_dependencies/
    └─ migration.sql
  └─ 202609240007_export_payload_json_null/
    └─ migration.sql
  └─ 202609240008_deletion_impact_preview/
    └─ migration.sql
  └─ 202609240009_deletion_blocking/
    └─ migration.sql
  └─ 202609240010_deletion_retention_plan/
    └─ migration.sql
  └─ 202609240011_deletion_cleanup_execution/
    └─ migration.sql
  └─ 202609240012_cleanup_null_guards/
    └─ migration.sql
  └─ 202609250001_deletion_finalization_states/
    └─ migration.sql
  └─ 202609250002_person_merge_foundation/
    └─ migration.sql
  └─ 202609250003_person_merge_integrity/
    └─ migration.sql
  └─ 202609260001_recovery_runs/
    └─ migration.sql
  └─ 202609260002_recovery_inspection/
    └─ migration.sql
  └─ 202609260003_recovery_report_guards/
    └─ migration.sql
  └─ 202609260004_recovery_approval_evidence/
    └─ migration.sql
  └─ 202609260005_recovery_approval_media_guard/
    └─ migration.sql
  └─ 202609260006_recovery_backup_media_identity/
    └─ migration.sql
  └─ 202609260007_recovery_delta_resolution/
    └─ migration.sql
  └─ 202609270001_talent_domain_v2/
    └─ migration.sql
  └─ 202609270002_talent_merge_history/
    └─ migration.sql
  └─ 202609270003_talent_transfer/
    └─ migration.sql
  └─ 202609270004_capability_transfer/
    └─ migration.sql
  └─ 202609270005_external_ref_transfer/
    └─ migration.sql
  └─ 202609270006_representation_transfer/
    └─ migration.sql
  └─ 202609270007_field_evidence_transfer/
    └─ migration.sql
  └─ 202609270008_credential_transfer/
    └─ migration.sql
  └─ 202609280001_credential_media_transfer/
    └─ migration.sql
  └─ 202609280002_collection_transfer/
    └─ migration.sql
  └─ 202609280003_adult_eligibility_transfer/
    └─ migration.sql
  └─ 202609280004_identity_evidence_transfer/
    └─ migration.sql
  └─ 202609280005_merge_history_transfer/
    └─ migration.sql
  └─ 202609280006_candidate_review_lineage/
    └─ migration.sql
  └─ 202609280007_identity_retention_permission/
    └─ migration.sql
  └─ 202609280008_merge_history_erasure/
    └─ migration.sql
  └─ 202609280009_internal_locale_texts/
    └─ migration.sql
  └─ 202609280010_locale_dependency_identity/
    └─ migration.sql
  └─ 202609280011_locale_transfer/
    └─ migration.sql
  └─ 202609280012_locale_merge/
    └─ migration.sql
  └─ 202609280013_ai_dispatch_ledger/
    └─ migration.sql
  └─ 202609280014_ai_business/
    └─ migration.sql
  └─ 202609280015_ai_operations/
    └─ migration.sql
  └─ 202609290001_ai_connections/
    └─ migration.sql
  └─ 202609290002_media_documents_video/
    └─ migration.sql
  └─ 202609290003_project_parties/
    └─ migration.sql
  └─ 202609290004_project_party_export_fields/
    └─ migration.sql
  └─ 202609290005_media_erased_limits/
    └─ migration.sql
  └─ 202609300001_talent_experience_pr01b/
    └─ migration.sql
  └─ 202610010001_talent_auth_principals/
    └─ migration.sql
  └─ 202610010002_talent_auth_key_binding/
    └─ migration.sql
  └─ 202610010003_talent_maintenance/
    └─ migration.sql
  └─ 202610010004_talent_basis_rebuild/
    └─ migration.sql
  └─ 202610010005_talent_maintenance_permissions/
    └─ migration.sql
  └─ 202610010006_talent_submission_ownership/
    └─ migration.sql
  └─ 202610010007_media_ownership/
    └─ migration.sql
  └─ 202610010008_media_collections/
    └─ migration.sql
      
All migrations have been successfully applied.
TAP version 13
# {"checks":["real-principal-and-ready-staged-orthogonal","cross-account-staged-read-denied","staged-hidden-from-ordinary-assets","staged-hidden-from-td2-directory-work-candidate-policy-and-business-transfer","submitted-freezes-media-membership","atomic-adoption-preserves-asset-id-hash-uploader-origin","formal-source-relation-allows-multi-source","postgres-uploader-xor","postgres-uploader-fk","postgres-submission-account-fk","postgres-immutable-asset-origin","postgres-immutable-hash","postgres-no-half-adoption","postgres-formal-media-export-with-source-basis-and-relation"]}
# Subtest: tests/postgres/media-staging.test.ts
ok 1 - tests/postgres/media-staging.test.ts
  ---
  duration_ms: 2970.491208
  type: 'test'
  ...
1..1
# tests 1
# suites 0
# pass 1
# fail 0
# cancelled 0
# skipped 0
# todo 0
# duration_ms 2975.317083
Prisma schema loaded from prisma/schema.prisma
Datasource "db": PostgreSQL database "once_test_media_security_pr03cf_final", schema "public" at "127.0.0.1:56531"

63 migrations found in prisma/migrations

Applying migration `202609220001_initial`
Applying migration `202609230001_source_history`
Applying migration `202609230002_record_handoffs`
Applying migration `202609230003_private_images`
Applying migration `202609240001_works_projects`
Applying migration `202609240002_search_shortlists`
Applying migration `202609240003_shortlist_asset_unlink`
Applying migration `202609240004_search_facts_sql`
Applying migration `202609240005_dictionary_search_namespaces`
Applying migration `202609240006_export_dependencies`
Applying migration `202609240007_export_payload_json_null`
Applying migration `202609240008_deletion_impact_preview`
Applying migration `202609240009_deletion_blocking`
Applying migration `202609240010_deletion_retention_plan`
Applying migration `202609240011_deletion_cleanup_execution`
Applying migration `202609240012_cleanup_null_guards`
Applying migration `202609250001_deletion_finalization_states`
Applying migration `202609250002_person_merge_foundation`
Applying migration `202609250003_person_merge_integrity`
Applying migration `202609260001_recovery_runs`
Applying migration `202609260002_recovery_inspection`
Applying migration `202609260003_recovery_report_guards`
Applying migration `202609260004_recovery_approval_evidence`
Applying migration `202609260005_recovery_approval_media_guard`
Applying migration `202609260006_recovery_backup_media_identity`
Applying migration `202609260007_recovery_delta_resolution`
Applying migration `202609270001_talent_domain_v2`
Applying migration `202609270002_talent_merge_history`
Applying migration `202609270003_talent_transfer`
Applying migration `202609270004_capability_transfer`
Applying migration `202609270005_external_ref_transfer`
Applying migration `202609270006_representation_transfer`
Applying migration `202609270007_field_evidence_transfer`
Applying migration `202609270008_credential_transfer`
Applying migration `202609280001_credential_media_transfer`
Applying migration `202609280002_collection_transfer`
Applying migration `202609280003_adult_eligibility_transfer`
Applying migration `202609280004_identity_evidence_transfer`
Applying migration `202609280005_merge_history_transfer`
Applying migration `202609280006_candidate_review_lineage`
Applying migration `202609280007_identity_retention_permission`
Applying migration `202609280008_merge_history_erasure`
Applying migration `202609280009_internal_locale_texts`
Applying migration `202609280010_locale_dependency_identity`
Applying migration `202609280011_locale_transfer`
Applying migration `202609280012_locale_merge`
Applying migration `202609280013_ai_dispatch_ledger`
Applying migration `202609280014_ai_business`
Applying migration `202609280015_ai_operations`
Applying migration `202609290001_ai_connections`
Applying migration `202609290002_media_documents_video`
Applying migration `202609290003_project_parties`
Applying migration `202609290004_project_party_export_fields`
Applying migration `202609290005_media_erased_limits`
Applying migration `202609300001_talent_experience_pr01b`
Applying migration `202610010001_talent_auth_principals`
Applying migration `202610010002_talent_auth_key_binding`
Applying migration `202610010003_talent_maintenance`
Applying migration `202610010004_talent_basis_rebuild`
Applying migration `202610010005_talent_maintenance_permissions`
Applying migration `202610010006_talent_submission_ownership`
Applying migration `202610010007_media_ownership`
Applying migration `202610010008_media_collections`

The following migration(s) have been applied:

migrations/
  └─ 202609220001_initial/
    └─ migration.sql
  └─ 202609230001_source_history/
    └─ migration.sql
  └─ 202609230002_record_handoffs/
    └─ migration.sql
  └─ 202609230003_private_images/
    └─ migration.sql
  └─ 202609240001_works_projects/
    └─ migration.sql
  └─ 202609240002_search_shortlists/
    └─ migration.sql
  └─ 202609240003_shortlist_asset_unlink/
    └─ migration.sql
  └─ 202609240004_search_facts_sql/
    └─ migration.sql
  └─ 202609240005_dictionary_search_namespaces/
    └─ migration.sql
  └─ 202609240006_export_dependencies/
    └─ migration.sql
  └─ 202609240007_export_payload_json_null/
    └─ migration.sql
  └─ 202609240008_deletion_impact_preview/
    └─ migration.sql
  └─ 202609240009_deletion_blocking/
    └─ migration.sql
  └─ 202609240010_deletion_retention_plan/
    └─ migration.sql
  └─ 202609240011_deletion_cleanup_execution/
    └─ migration.sql
  └─ 202609240012_cleanup_null_guards/
    └─ migration.sql
  └─ 202609250001_deletion_finalization_states/
    └─ migration.sql
  └─ 202609250002_person_merge_foundation/
    └─ migration.sql
  └─ 202609250003_person_merge_integrity/
    └─ migration.sql
  └─ 202609260001_recovery_runs/
    └─ migration.sql
  └─ 202609260002_recovery_inspection/
    └─ migration.sql
  └─ 202609260003_recovery_report_guards/
    └─ migration.sql
  └─ 202609260004_recovery_approval_evidence/
    └─ migration.sql
  └─ 202609260005_recovery_approval_media_guard/
    └─ migration.sql
  └─ 202609260006_recovery_backup_media_identity/
    └─ migration.sql
  └─ 202609260007_recovery_delta_resolution/
    └─ migration.sql
  └─ 202609270001_talent_domain_v2/
    └─ migration.sql
  └─ 202609270002_talent_merge_history/
    └─ migration.sql
  └─ 202609270003_talent_transfer/
    └─ migration.sql
  └─ 202609270004_capability_transfer/
    └─ migration.sql
  └─ 202609270005_external_ref_transfer/
    └─ migration.sql
  └─ 202609270006_representation_transfer/
    └─ migration.sql
  └─ 202609270007_field_evidence_transfer/
    └─ migration.sql
  └─ 202609270008_credential_transfer/
    └─ migration.sql
  └─ 202609280001_credential_media_transfer/
    └─ migration.sql
  └─ 202609280002_collection_transfer/
    └─ migration.sql
  └─ 202609280003_adult_eligibility_transfer/
    └─ migration.sql
  └─ 202609280004_identity_evidence_transfer/
    └─ migration.sql
  └─ 202609280005_merge_history_transfer/
    └─ migration.sql
  └─ 202609280006_candidate_review_lineage/
    └─ migration.sql
  └─ 202609280007_identity_retention_permission/
    └─ migration.sql
  └─ 202609280008_merge_history_erasure/
    └─ migration.sql
  └─ 202609280009_internal_locale_texts/
    └─ migration.sql
  └─ 202609280010_locale_dependency_identity/
    └─ migration.sql
  └─ 202609280011_locale_transfer/
    └─ migration.sql
  └─ 202609280012_locale_merge/
    └─ migration.sql
  └─ 202609280013_ai_dispatch_ledger/
    └─ migration.sql
  └─ 202609280014_ai_business/
    └─ migration.sql
  └─ 202609280015_ai_operations/
    └─ migration.sql
  └─ 202609290001_ai_connections/
    └─ migration.sql
  └─ 202609290002_media_documents_video/
    └─ migration.sql
  └─ 202609290003_project_parties/
    └─ migration.sql
  └─ 202609290004_project_party_export_fields/
    └─ migration.sql
  └─ 202609290005_media_erased_limits/
    └─ migration.sql
  └─ 202609300001_talent_experience_pr01b/
    └─ migration.sql
  └─ 202610010001_talent_auth_principals/
    └─ migration.sql
  └─ 202610010002_talent_auth_key_binding/
    └─ migration.sql
  └─ 202610010003_talent_maintenance/
    └─ migration.sql
  └─ 202610010004_talent_basis_rebuild/
    └─ migration.sql
  └─ 202610010005_talent_maintenance_permissions/
    └─ migration.sql
  └─ 202610010006_talent_submission_ownership/
    └─ migration.sql
  └─ 202610010007_media_ownership/
    └─ migration.sql
  └─ 202610010008_media_collections/
    └─ migration.sql
      
All migrations have been successfully applied.
TAP version 13
# {"checks":["unknown-fields-no-existing-asset-reference","review-permission-does-not-bypass-intake-scope","adoption-audit-failure-rolls-back-source-relation-state-receipt","media-source-B-revoked-person-primary-A-remains-readable","grant-revocation-stops-real-worker-claim-before-asset","grant-revocation-denies-self-read"]}
# Subtest: tests/postgres/media-staging.test.ts
ok 1 - tests/postgres/media-staging.test.ts
  ---
  duration_ms: 2825.870334
  type: 'test'
  ...
1..1
# tests 1
# suites 0
# pass 1
# fail 0
# cancelled 0
# skipped 0
# todo 0
# duration_ms 2830.85925
Prisma schema loaded from prisma/schema.prisma
Datasource "db": PostgreSQL database "once_test_media_merge_pr03cf_final", schema "public" at "127.0.0.1:56531"

63 migrations found in prisma/migrations

Applying migration `202609220001_initial`
Applying migration `202609230001_source_history`
Applying migration `202609230002_record_handoffs`
Applying migration `202609230003_private_images`
Applying migration `202609240001_works_projects`
Applying migration `202609240002_search_shortlists`
Applying migration `202609240003_shortlist_asset_unlink`
Applying migration `202609240004_search_facts_sql`
Applying migration `202609240005_dictionary_search_namespaces`
Applying migration `202609240006_export_dependencies`
Applying migration `202609240007_export_payload_json_null`
Applying migration `202609240008_deletion_impact_preview`
Applying migration `202609240009_deletion_blocking`
Applying migration `202609240010_deletion_retention_plan`
Applying migration `202609240011_deletion_cleanup_execution`
Applying migration `202609240012_cleanup_null_guards`
Applying migration `202609250001_deletion_finalization_states`
Applying migration `202609250002_person_merge_foundation`
Applying migration `202609250003_person_merge_integrity`
Applying migration `202609260001_recovery_runs`
Applying migration `202609260002_recovery_inspection`
Applying migration `202609260003_recovery_report_guards`
Applying migration `202609260004_recovery_approval_evidence`
Applying migration `202609260005_recovery_approval_media_guard`
Applying migration `202609260006_recovery_backup_media_identity`
Applying migration `202609260007_recovery_delta_resolution`
Applying migration `202609270001_talent_domain_v2`
Applying migration `202609270002_talent_merge_history`
Applying migration `202609270003_talent_transfer`
Applying migration `202609270004_capability_transfer`
Applying migration `202609270005_external_ref_transfer`
Applying migration `202609270006_representation_transfer`
Applying migration `202609270007_field_evidence_transfer`
Applying migration `202609270008_credential_transfer`
Applying migration `202609280001_credential_media_transfer`
Applying migration `202609280002_collection_transfer`
Applying migration `202609280003_adult_eligibility_transfer`
Applying migration `202609280004_identity_evidence_transfer`
Applying migration `202609280005_merge_history_transfer`
Applying migration `202609280006_candidate_review_lineage`
Applying migration `202609280007_identity_retention_permission`
Applying migration `202609280008_merge_history_erasure`
Applying migration `202609280009_internal_locale_texts`
Applying migration `202609280010_locale_dependency_identity`
Applying migration `202609280011_locale_transfer`
Applying migration `202609280012_locale_merge`
Applying migration `202609280013_ai_dispatch_ledger`
Applying migration `202609280014_ai_business`
Applying migration `202609280015_ai_operations`
Applying migration `202609290001_ai_connections`
Applying migration `202609290002_media_documents_video`
Applying migration `202609290003_project_parties`
Applying migration `202609290004_project_party_export_fields`
Applying migration `202609290005_media_erased_limits`
Applying migration `202609300001_talent_experience_pr01b`
Applying migration `202610010001_talent_auth_principals`
Applying migration `202610010002_talent_auth_key_binding`
Applying migration `202610010003_talent_maintenance`
Applying migration `202610010004_talent_basis_rebuild`
Applying migration `202610010005_talent_maintenance_permissions`
Applying migration `202610010006_talent_submission_ownership`
Applying migration `202610010007_media_ownership`
Applying migration `202610010008_media_collections`

The following migration(s) have been applied:

migrations/
  └─ 202609220001_initial/
    └─ migration.sql
  └─ 202609230001_source_history/
    └─ migration.sql
  └─ 202609230002_record_handoffs/
    └─ migration.sql
  └─ 202609230003_private_images/
    └─ migration.sql
  └─ 202609240001_works_projects/
    └─ migration.sql
  └─ 202609240002_search_shortlists/
    └─ migration.sql
  └─ 202609240003_shortlist_asset_unlink/
    └─ migration.sql
  └─ 202609240004_search_facts_sql/
    └─ migration.sql
  └─ 202609240005_dictionary_search_namespaces/
    └─ migration.sql
  └─ 202609240006_export_dependencies/
    └─ migration.sql
  └─ 202609240007_export_payload_json_null/
    └─ migration.sql
  └─ 202609240008_deletion_impact_preview/
    └─ migration.sql
  └─ 202609240009_deletion_blocking/
    └─ migration.sql
  └─ 202609240010_deletion_retention_plan/
    └─ migration.sql
  └─ 202609240011_deletion_cleanup_execution/
    └─ migration.sql
  └─ 202609240012_cleanup_null_guards/
    └─ migration.sql
  └─ 202609250001_deletion_finalization_states/
    └─ migration.sql
  └─ 202609250002_person_merge_foundation/
    └─ migration.sql
  └─ 202609250003_person_merge_integrity/
    └─ migration.sql
  └─ 202609260001_recovery_runs/
    └─ migration.sql
  └─ 202609260002_recovery_inspection/
    └─ migration.sql
  └─ 202609260003_recovery_report_guards/
    └─ migration.sql
  └─ 202609260004_recovery_approval_evidence/
    └─ migration.sql
  └─ 202609260005_recovery_approval_media_guard/
    └─ migration.sql
  └─ 202609260006_recovery_backup_media_identity/
    └─ migration.sql
  └─ 202609260007_recovery_delta_resolution/
    └─ migration.sql
  └─ 202609270001_talent_domain_v2/
    └─ migration.sql
  └─ 202609270002_talent_merge_history/
    └─ migration.sql
  └─ 202609270003_talent_transfer/
    └─ migration.sql
  └─ 202609270004_capability_transfer/
    └─ migration.sql
  └─ 202609270005_external_ref_transfer/
    └─ migration.sql
  └─ 202609270006_representation_transfer/
    └─ migration.sql
  └─ 202609270007_field_evidence_transfer/
    └─ migration.sql
  └─ 202609270008_credential_transfer/
    └─ migration.sql
  └─ 202609280001_credential_media_transfer/
    └─ migration.sql
  └─ 202609280002_collection_transfer/
    └─ migration.sql
  └─ 202609280003_adult_eligibility_transfer/
    └─ migration.sql
  └─ 202609280004_identity_evidence_transfer/
    └─ migration.sql
  └─ 202609280005_merge_history_transfer/
    └─ migration.sql
  └─ 202609280006_candidate_review_lineage/
    └─ migration.sql
  └─ 202609280007_identity_retention_permission/
    └─ migration.sql
  └─ 202609280008_merge_history_erasure/
    └─ migration.sql
  └─ 202609280009_internal_locale_texts/
    └─ migration.sql
  └─ 202609280010_locale_dependency_identity/
    └─ migration.sql
  └─ 202609280011_locale_transfer/
    └─ migration.sql
  └─ 202609280012_locale_merge/
    └─ migration.sql
  └─ 202609280013_ai_dispatch_ledger/
    └─ migration.sql
  └─ 202609280014_ai_business/
    └─ migration.sql
  └─ 202609280015_ai_operations/
    └─ migration.sql
  └─ 202609290001_ai_connections/
    └─ migration.sql
  └─ 202609290002_media_documents_video/
    └─ migration.sql
  └─ 202609290003_project_parties/
    └─ migration.sql
  └─ 202609290004_project_party_export_fields/
    └─ migration.sql
  └─ 202609290005_media_erased_limits/
    └─ migration.sql
  └─ 202609300001_talent_experience_pr01b/
    └─ migration.sql
  └─ 202610010001_talent_auth_principals/
    └─ migration.sql
  └─ 202610010002_talent_auth_key_binding/
    └─ migration.sql
  └─ 202610010003_talent_maintenance/
    └─ migration.sql
  └─ 202610010004_talent_basis_rebuild/
    └─ migration.sql
  └─ 202610010005_talent_maintenance_permissions/
    └─ migration.sql
  └─ 202610010006_talent_submission_ownership/
    └─ migration.sql
  └─ 202610010007_media_ownership/
    └─ migration.sql
  └─ 202610010008_media_collections/
    └─ migration.sql
      
All migrations have been successfully applied.
TAP version 13
# {"checks":["actual-merge-keeps-staged-origin-does-not-transfer-to-canonical"]}
# Subtest: tests/postgres/media-staging.test.ts
ok 1 - tests/postgres/media-staging.test.ts
  ---
  duration_ms: 1831.622375
  type: 'test'
  ...
1..1
# tests 1
# suites 0
# pass 1
# fail 0
# cancelled 0
# skipped 0
# todo 0
# duration_ms 1836.011167
Prisma schema loaded from prisma/schema.prisma
Datasource "db": PostgreSQL database "once_test_media_adopted_merge_pr03cf_final", schema "public" at "127.0.0.1:56531"

63 migrations found in prisma/migrations

Applying migration `202609220001_initial`
Applying migration `202609230001_source_history`
Applying migration `202609230002_record_handoffs`
Applying migration `202609230003_private_images`
Applying migration `202609240001_works_projects`
Applying migration `202609240002_search_shortlists`
Applying migration `202609240003_shortlist_asset_unlink`
Applying migration `202609240004_search_facts_sql`
Applying migration `202609240005_dictionary_search_namespaces`
Applying migration `202609240006_export_dependencies`
Applying migration `202609240007_export_payload_json_null`
Applying migration `202609240008_deletion_impact_preview`
Applying migration `202609240009_deletion_blocking`
Applying migration `202609240010_deletion_retention_plan`
Applying migration `202609240011_deletion_cleanup_execution`
Applying migration `202609240012_cleanup_null_guards`
Applying migration `202609250001_deletion_finalization_states`
Applying migration `202609250002_person_merge_foundation`
Applying migration `202609250003_person_merge_integrity`
Applying migration `202609260001_recovery_runs`
Applying migration `202609260002_recovery_inspection`
Applying migration `202609260003_recovery_report_guards`
Applying migration `202609260004_recovery_approval_evidence`
Applying migration `202609260005_recovery_approval_media_guard`
Applying migration `202609260006_recovery_backup_media_identity`
Applying migration `202609260007_recovery_delta_resolution`
Applying migration `202609270001_talent_domain_v2`
Applying migration `202609270002_talent_merge_history`
Applying migration `202609270003_talent_transfer`
Applying migration `202609270004_capability_transfer`
Applying migration `202609270005_external_ref_transfer`
Applying migration `202609270006_representation_transfer`
Applying migration `202609270007_field_evidence_transfer`
Applying migration `202609270008_credential_transfer`
Applying migration `202609280001_credential_media_transfer`
Applying migration `202609280002_collection_transfer`
Applying migration `202609280003_adult_eligibility_transfer`
Applying migration `202609280004_identity_evidence_transfer`
Applying migration `202609280005_merge_history_transfer`
Applying migration `202609280006_candidate_review_lineage`
Applying migration `202609280007_identity_retention_permission`
Applying migration `202609280008_merge_history_erasure`
Applying migration `202609280009_internal_locale_texts`
Applying migration `202609280010_locale_dependency_identity`
Applying migration `202609280011_locale_transfer`
Applying migration `202609280012_locale_merge`
Applying migration `202609280013_ai_dispatch_ledger`
Applying migration `202609280014_ai_business`
Applying migration `202609280015_ai_operations`
Applying migration `202609290001_ai_connections`
Applying migration `202609290002_media_documents_video`
Applying migration `202609290003_project_parties`
Applying migration `202609290004_project_party_export_fields`
Applying migration `202609290005_media_erased_limits`
Applying migration `202609300001_talent_experience_pr01b`
Applying migration `202610010001_talent_auth_principals`
Applying migration `202610010002_talent_auth_key_binding`
Applying migration `202610010003_talent_maintenance`
Applying migration `202610010004_talent_basis_rebuild`
Applying migration `202610010005_talent_maintenance_permissions`
Applying migration `202610010006_talent_submission_ownership`
Applying migration `202610010007_media_ownership`
Applying migration `202610010008_media_collections`

The following migration(s) have been applied:

migrations/
  └─ 202609220001_initial/
    └─ migration.sql
  └─ 202609230001_source_history/
    └─ migration.sql
  └─ 202609230002_record_handoffs/
    └─ migration.sql
  └─ 202609230003_private_images/
    └─ migration.sql
  └─ 202609240001_works_projects/
    └─ migration.sql
  └─ 202609240002_search_shortlists/
    └─ migration.sql
  └─ 202609240003_shortlist_asset_unlink/
    └─ migration.sql
  └─ 202609240004_search_facts_sql/
    └─ migration.sql
  └─ 202609240005_dictionary_search_namespaces/
    └─ migration.sql
  └─ 202609240006_export_dependencies/
    └─ migration.sql
  └─ 202609240007_export_payload_json_null/
    └─ migration.sql
  └─ 202609240008_deletion_impact_preview/
    └─ migration.sql
  └─ 202609240009_deletion_blocking/
    └─ migration.sql
  └─ 202609240010_deletion_retention_plan/
    └─ migration.sql
  └─ 202609240011_deletion_cleanup_execution/
    └─ migration.sql
  └─ 202609240012_cleanup_null_guards/
    └─ migration.sql
  └─ 202609250001_deletion_finalization_states/
    └─ migration.sql
  └─ 202609250002_person_merge_foundation/
    └─ migration.sql
  └─ 202609250003_person_merge_integrity/
    └─ migration.sql
  └─ 202609260001_recovery_runs/
    └─ migration.sql
  └─ 202609260002_recovery_inspection/
    └─ migration.sql
  └─ 202609260003_recovery_report_guards/
    └─ migration.sql
  └─ 202609260004_recovery_approval_evidence/
    └─ migration.sql
  └─ 202609260005_recovery_approval_media_guard/
    └─ migration.sql
  └─ 202609260006_recovery_backup_media_identity/
    └─ migration.sql
  └─ 202609260007_recovery_delta_resolution/
    └─ migration.sql
  └─ 202609270001_talent_domain_v2/
    └─ migration.sql
  └─ 202609270002_talent_merge_history/
    └─ migration.sql
  └─ 202609270003_talent_transfer/
    └─ migration.sql
  └─ 202609270004_capability_transfer/
    └─ migration.sql
  └─ 202609270005_external_ref_transfer/
    └─ migration.sql
  └─ 202609270006_representation_transfer/
    └─ migration.sql
  └─ 202609270007_field_evidence_transfer/
    └─ migration.sql
  └─ 202609270008_credential_transfer/
    └─ migration.sql
  └─ 202609280001_credential_media_transfer/
    └─ migration.sql
  └─ 202609280002_collection_transfer/
    └─ migration.sql
  └─ 202609280003_adult_eligibility_transfer/
    └─ migration.sql
  └─ 202609280004_identity_evidence_transfer/
    └─ migration.sql
  └─ 202609280005_merge_history_transfer/
    └─ migration.sql
  └─ 202609280006_candidate_review_lineage/
    └─ migration.sql
  └─ 202609280007_identity_retention_permission/
    └─ migration.sql
  └─ 202609280008_merge_history_erasure/
    └─ migration.sql
  └─ 202609280009_internal_locale_texts/
    └─ migration.sql
  └─ 202609280010_locale_dependency_identity/
    └─ migration.sql
  └─ 202609280011_locale_transfer/
    └─ migration.sql
  └─ 202609280012_locale_merge/
    └─ migration.sql
  └─ 202609280013_ai_dispatch_ledger/
    └─ migration.sql
  └─ 202609280014_ai_business/
    └─ migration.sql
  └─ 202609280015_ai_operations/
    └─ migration.sql
  └─ 202609290001_ai_connections/
    └─ migration.sql
  └─ 202609290002_media_documents_video/
    └─ migration.sql
  └─ 202609290003_project_parties/
    └─ migration.sql
  └─ 202609290004_project_party_export_fields/
    └─ migration.sql
  └─ 202609290005_media_erased_limits/
    └─ migration.sql
  └─ 202609300001_talent_experience_pr01b/
    └─ migration.sql
  └─ 202610010001_talent_auth_principals/
    └─ migration.sql
  └─ 202610010002_talent_auth_key_binding/
    └─ migration.sql
  └─ 202610010003_talent_maintenance/
    └─ migration.sql
  └─ 202610010004_talent_basis_rebuild/
    └─ migration.sql
  └─ 202610010005_talent_maintenance_permissions/
    └─ migration.sql
  └─ 202610010006_talent_submission_ownership/
    └─ migration.sql
  └─ 202610010007_media_ownership/
    └─ migration.sql
  └─ 202610010008_media_collections/
    └─ migration.sql
      
All migrations have been successfully applied.
TAP version 13
# {"checks":["actual-merge-moves-only-adopted-formal-relation-preserves-upload-origin"]}
# Subtest: tests/postgres/media-staging.test.ts
ok 1 - tests/postgres/media-staging.test.ts
  ---
  duration_ms: 2818.146
  type: 'test'
  ...
1..1
# tests 1
# suites 0
# pass 1
# fail 0
# cancelled 0
# skipped 0
# todo 0
# duration_ms 2823.000583
Prisma schema loaded from prisma/schema.prisma
Datasource "db": PostgreSQL database "once_test_media_delete_pr03cf_final", schema "public" at "127.0.0.1:56531"

63 migrations found in prisma/migrations

Applying migration `202609220001_initial`
Applying migration `202609230001_source_history`
Applying migration `202609230002_record_handoffs`
Applying migration `202609230003_private_images`
Applying migration `202609240001_works_projects`
Applying migration `202609240002_search_shortlists`
Applying migration `202609240003_shortlist_asset_unlink`
Applying migration `202609240004_search_facts_sql`
Applying migration `202609240005_dictionary_search_namespaces`
Applying migration `202609240006_export_dependencies`
Applying migration `202609240007_export_payload_json_null`
Applying migration `202609240008_deletion_impact_preview`
Applying migration `202609240009_deletion_blocking`
Applying migration `202609240010_deletion_retention_plan`
Applying migration `202609240011_deletion_cleanup_execution`
Applying migration `202609240012_cleanup_null_guards`
Applying migration `202609250001_deletion_finalization_states`
Applying migration `202609250002_person_merge_foundation`
Applying migration `202609250003_person_merge_integrity`
Applying migration `202609260001_recovery_runs`
Applying migration `202609260002_recovery_inspection`
Applying migration `202609260003_recovery_report_guards`
Applying migration `202609260004_recovery_approval_evidence`
Applying migration `202609260005_recovery_approval_media_guard`
Applying migration `202609260006_recovery_backup_media_identity`
Applying migration `202609260007_recovery_delta_resolution`
Applying migration `202609270001_talent_domain_v2`
Applying migration `202609270002_talent_merge_history`
Applying migration `202609270003_talent_transfer`
Applying migration `202609270004_capability_transfer`
Applying migration `202609270005_external_ref_transfer`
Applying migration `202609270006_representation_transfer`
Applying migration `202609270007_field_evidence_transfer`
Applying migration `202609270008_credential_transfer`
Applying migration `202609280001_credential_media_transfer`
Applying migration `202609280002_collection_transfer`
Applying migration `202609280003_adult_eligibility_transfer`
Applying migration `202609280004_identity_evidence_transfer`
Applying migration `202609280005_merge_history_transfer`
Applying migration `202609280006_candidate_review_lineage`
Applying migration `202609280007_identity_retention_permission`
Applying migration `202609280008_merge_history_erasure`
Applying migration `202609280009_internal_locale_texts`
Applying migration `202609280010_locale_dependency_identity`
Applying migration `202609280011_locale_transfer`
Applying migration `202609280012_locale_merge`
Applying migration `202609280013_ai_dispatch_ledger`
Applying migration `202609280014_ai_business`
Applying migration `202609280015_ai_operations`
Applying migration `202609290001_ai_connections`
Applying migration `202609290002_media_documents_video`
Applying migration `202609290003_project_parties`
Applying migration `202609290004_project_party_export_fields`
Applying migration `202609290005_media_erased_limits`
Applying migration `202609300001_talent_experience_pr01b`
Applying migration `202610010001_talent_auth_principals`
Applying migration `202610010002_talent_auth_key_binding`
Applying migration `202610010003_talent_maintenance`
Applying migration `202610010004_talent_basis_rebuild`
Applying migration `202610010005_talent_maintenance_permissions`
Applying migration `202610010006_talent_submission_ownership`
Applying migration `202610010007_media_ownership`
Applying migration `202610010008_media_collections`

The following migration(s) have been applied:

migrations/
  └─ 202609220001_initial/
    └─ migration.sql
  └─ 202609230001_source_history/
    └─ migration.sql
  └─ 202609230002_record_handoffs/
    └─ migration.sql
  └─ 202609230003_private_images/
    └─ migration.sql
  └─ 202609240001_works_projects/
    └─ migration.sql
  └─ 202609240002_search_shortlists/
    └─ migration.sql
  └─ 202609240003_shortlist_asset_unlink/
    └─ migration.sql
  └─ 202609240004_search_facts_sql/
    └─ migration.sql
  └─ 202609240005_dictionary_search_namespaces/
    └─ migration.sql
  └─ 202609240006_export_dependencies/
    └─ migration.sql
  └─ 202609240007_export_payload_json_null/
    └─ migration.sql
  └─ 202609240008_deletion_impact_preview/
    └─ migration.sql
  └─ 202609240009_deletion_blocking/
    └─ migration.sql
  └─ 202609240010_deletion_retention_plan/
    └─ migration.sql
  └─ 202609240011_deletion_cleanup_execution/
    └─ migration.sql
  └─ 202609240012_cleanup_null_guards/
    └─ migration.sql
  └─ 202609250001_deletion_finalization_states/
    └─ migration.sql
  └─ 202609250002_person_merge_foundation/
    └─ migration.sql
  └─ 202609250003_person_merge_integrity/
    └─ migration.sql
  └─ 202609260001_recovery_runs/
    └─ migration.sql
  └─ 202609260002_recovery_inspection/
    └─ migration.sql
  └─ 202609260003_recovery_report_guards/
    └─ migration.sql
  └─ 202609260004_recovery_approval_evidence/
    └─ migration.sql
  └─ 202609260005_recovery_approval_media_guard/
    └─ migration.sql
  └─ 202609260006_recovery_backup_media_identity/
    └─ migration.sql
  └─ 202609260007_recovery_delta_resolution/
    └─ migration.sql
  └─ 202609270001_talent_domain_v2/
    └─ migration.sql
  └─ 202609270002_talent_merge_history/
    └─ migration.sql
  └─ 202609270003_talent_transfer/
    └─ migration.sql
  └─ 202609270004_capability_transfer/
    └─ migration.sql
  └─ 202609270005_external_ref_transfer/
    └─ migration.sql
  └─ 202609270006_representation_transfer/
    └─ migration.sql
  └─ 202609270007_field_evidence_transfer/
    └─ migration.sql
  └─ 202609270008_credential_transfer/
    └─ migration.sql
  └─ 202609280001_credential_media_transfer/
    └─ migration.sql
  └─ 202609280002_collection_transfer/
    └─ migration.sql
  └─ 202609280003_adult_eligibility_transfer/
    └─ migration.sql
  └─ 202609280004_identity_evidence_transfer/
    └─ migration.sql
  └─ 202609280005_merge_history_transfer/
    └─ migration.sql
  └─ 202609280006_candidate_review_lineage/
    └─ migration.sql
  └─ 202609280007_identity_retention_permission/
    └─ migration.sql
  └─ 202609280008_merge_history_erasure/
    └─ migration.sql
  └─ 202609280009_internal_locale_texts/
    └─ migration.sql
  └─ 202609280010_locale_dependency_identity/
    └─ migration.sql
  └─ 202609280011_locale_transfer/
    └─ migration.sql
  └─ 202609280012_locale_merge/
    └─ migration.sql
  └─ 202609280013_ai_dispatch_ledger/
    └─ migration.sql
  └─ 202609280014_ai_business/
    └─ migration.sql
  └─ 202609280015_ai_operations/
    └─ migration.sql
  └─ 202609290001_ai_connections/
    └─ migration.sql
  └─ 202609290002_media_documents_video/
    └─ migration.sql
  └─ 202609290003_project_parties/
    └─ migration.sql
  └─ 202609290004_project_party_export_fields/
    └─ migration.sql
  └─ 202609290005_media_erased_limits/
    └─ migration.sql
  └─ 202609300001_talent_experience_pr01b/
    └─ migration.sql
  └─ 202610010001_talent_auth_principals/
    └─ migration.sql
  └─ 202610010002_talent_auth_key_binding/
    └─ migration.sql
  └─ 202610010003_talent_maintenance/
    └─ migration.sql
  └─ 202610010004_talent_basis_rebuild/
    └─ migration.sql
  └─ 202610010005_talent_maintenance_permissions/
    └─ migration.sql
  └─ 202610010006_talent_submission_ownership/
    └─ migration.sql
  └─ 202610010007_media_ownership/
    └─ migration.sql
  └─ 202610010008_media_collections/
    └─ migration.sql
      
All migrations have been successfully applied.
TAP version 13
# {"checks":["actual-person-deletion-block-denies-own-staged-bytes-capacity-not-released"]}
# Subtest: tests/postgres/media-staging.test.ts
ok 1 - tests/postgres/media-staging.test.ts
  ---
  duration_ms: 1334.212042
  type: 'test'
  ...
1..1
# tests 1
# suites 0
# pass 1
# fail 0
# cancelled 0
# skipped 0
# todo 0
# duration_ms 1338.505667
Prisma schema loaded from prisma/schema.prisma
Datasource "db": PostgreSQL database "once_test_media_expiry_pr03cf_final", schema "public" at "127.0.0.1:56531"

63 migrations found in prisma/migrations

Applying migration `202609220001_initial`
Applying migration `202609230001_source_history`
Applying migration `202609230002_record_handoffs`
Applying migration `202609230003_private_images`
Applying migration `202609240001_works_projects`
Applying migration `202609240002_search_shortlists`
Applying migration `202609240003_shortlist_asset_unlink`
Applying migration `202609240004_search_facts_sql`
Applying migration `202609240005_dictionary_search_namespaces`
Applying migration `202609240006_export_dependencies`
Applying migration `202609240007_export_payload_json_null`
Applying migration `202609240008_deletion_impact_preview`
Applying migration `202609240009_deletion_blocking`
Applying migration `202609240010_deletion_retention_plan`
Applying migration `202609240011_deletion_cleanup_execution`
Applying migration `202609240012_cleanup_null_guards`
Applying migration `202609250001_deletion_finalization_states`
Applying migration `202609250002_person_merge_foundation`
Applying migration `202609250003_person_merge_integrity`
Applying migration `202609260001_recovery_runs`
Applying migration `202609260002_recovery_inspection`
Applying migration `202609260003_recovery_report_guards`
Applying migration `202609260004_recovery_approval_evidence`
Applying migration `202609260005_recovery_approval_media_guard`
Applying migration `202609260006_recovery_backup_media_identity`
Applying migration `202609260007_recovery_delta_resolution`
Applying migration `202609270001_talent_domain_v2`
Applying migration `202609270002_talent_merge_history`
Applying migration `202609270003_talent_transfer`
Applying migration `202609270004_capability_transfer`
Applying migration `202609270005_external_ref_transfer`
Applying migration `202609270006_representation_transfer`
Applying migration `202609270007_field_evidence_transfer`
Applying migration `202609270008_credential_transfer`
Applying migration `202609280001_credential_media_transfer`
Applying migration `202609280002_collection_transfer`
Applying migration `202609280003_adult_eligibility_transfer`
Applying migration `202609280004_identity_evidence_transfer`
Applying migration `202609280005_merge_history_transfer`
Applying migration `202609280006_candidate_review_lineage`
Applying migration `202609280007_identity_retention_permission`
Applying migration `202609280008_merge_history_erasure`
Applying migration `202609280009_internal_locale_texts`
Applying migration `202609280010_locale_dependency_identity`
Applying migration `202609280011_locale_transfer`
Applying migration `202609280012_locale_merge`
Applying migration `202609280013_ai_dispatch_ledger`
Applying migration `202609280014_ai_business`
Applying migration `202609280015_ai_operations`
Applying migration `202609290001_ai_connections`
Applying migration `202609290002_media_documents_video`
Applying migration `202609290003_project_parties`
Applying migration `202609290004_project_party_export_fields`
Applying migration `202609290005_media_erased_limits`
Applying migration `202609300001_talent_experience_pr01b`
Applying migration `202610010001_talent_auth_principals`
Applying migration `202610010002_talent_auth_key_binding`
Applying migration `202610010003_talent_maintenance`
Applying migration `202610010004_talent_basis_rebuild`
Applying migration `202610010005_talent_maintenance_permissions`
Applying migration `202610010006_talent_submission_ownership`
Applying migration `202610010007_media_ownership`
Applying migration `202610010008_media_collections`

The following migration(s) have been applied:

migrations/
  └─ 202609220001_initial/
    └─ migration.sql
  └─ 202609230001_source_history/
    └─ migration.sql
  └─ 202609230002_record_handoffs/
    └─ migration.sql
  └─ 202609230003_private_images/
    └─ migration.sql
  └─ 202609240001_works_projects/
    └─ migration.sql
  └─ 202609240002_search_shortlists/
    └─ migration.sql
  └─ 202609240003_shortlist_asset_unlink/
    └─ migration.sql
  └─ 202609240004_search_facts_sql/
    └─ migration.sql
  └─ 202609240005_dictionary_search_namespaces/
    └─ migration.sql
  └─ 202609240006_export_dependencies/
    └─ migration.sql
  └─ 202609240007_export_payload_json_null/
    └─ migration.sql
  └─ 202609240008_deletion_impact_preview/
    └─ migration.sql
  └─ 202609240009_deletion_blocking/
    └─ migration.sql
  └─ 202609240010_deletion_retention_plan/
    └─ migration.sql
  └─ 202609240011_deletion_cleanup_execution/
    └─ migration.sql
  └─ 202609240012_cleanup_null_guards/
    └─ migration.sql
  └─ 202609250001_deletion_finalization_states/
    └─ migration.sql
  └─ 202609250002_person_merge_foundation/
    └─ migration.sql
  └─ 202609250003_person_merge_integrity/
    └─ migration.sql
  └─ 202609260001_recovery_runs/
    └─ migration.sql
  └─ 202609260002_recovery_inspection/
    └─ migration.sql
  └─ 202609260003_recovery_report_guards/
    └─ migration.sql
  └─ 202609260004_recovery_approval_evidence/
    └─ migration.sql
  └─ 202609260005_recovery_approval_media_guard/
    └─ migration.sql
  └─ 202609260006_recovery_backup_media_identity/
    └─ migration.sql
  └─ 202609260007_recovery_delta_resolution/
    └─ migration.sql
  └─ 202609270001_talent_domain_v2/
    └─ migration.sql
  └─ 202609270002_talent_merge_history/
    └─ migration.sql
  └─ 202609270003_talent_transfer/
    └─ migration.sql
  └─ 202609270004_capability_transfer/
    └─ migration.sql
  └─ 202609270005_external_ref_transfer/
    └─ migration.sql
  └─ 202609270006_representation_transfer/
    └─ migration.sql
  └─ 202609270007_field_evidence_transfer/
    └─ migration.sql
  └─ 202609270008_credential_transfer/
    └─ migration.sql
  └─ 202609280001_credential_media_transfer/
    └─ migration.sql
  └─ 202609280002_collection_transfer/
    └─ migration.sql
  └─ 202609280003_adult_eligibility_transfer/
    └─ migration.sql
  └─ 202609280004_identity_evidence_transfer/
    └─ migration.sql
  └─ 202609280005_merge_history_transfer/
    └─ migration.sql
  └─ 202609280006_candidate_review_lineage/
    └─ migration.sql
  └─ 202609280007_identity_retention_permission/
    └─ migration.sql
  └─ 202609280008_merge_history_erasure/
    └─ migration.sql
  └─ 202609280009_internal_locale_texts/
    └─ migration.sql
  └─ 202609280010_locale_dependency_identity/
    └─ migration.sql
  └─ 202609280011_locale_transfer/
    └─ migration.sql
  └─ 202609280012_locale_merge/
    └─ migration.sql
  └─ 202609280013_ai_dispatch_ledger/
    └─ migration.sql
  └─ 202609280014_ai_business/
    └─ migration.sql
  └─ 202609280015_ai_operations/
    └─ migration.sql
  └─ 202609290001_ai_connections/
    └─ migration.sql
  └─ 202609290002_media_documents_video/
    └─ migration.sql
  └─ 202609290003_project_parties/
    └─ migration.sql
  └─ 202609290004_project_party_export_fields/
    └─ migration.sql
  └─ 202609290005_media_erased_limits/
    └─ migration.sql
  └─ 202609300001_talent_experience_pr01b/
    └─ migration.sql
  └─ 202610010001_talent_auth_principals/
    └─ migration.sql
  └─ 202610010002_talent_auth_key_binding/
    └─ migration.sql
  └─ 202610010003_talent_maintenance/
    └─ migration.sql
  └─ 202610010004_talent_basis_rebuild/
    └─ migration.sql
  └─ 202610010005_talent_maintenance_permissions/
    └─ migration.sql
  └─ 202610010006_talent_submission_ownership/
    └─ migration.sql
  └─ 202610010007_media_ownership/
    └─ migration.sql
  └─ 202610010008_media_collections/
    └─ migration.sql
      
All migrations have been successfully applied.
TAP version 13
# {"checks":["expired-enroll-claim-denies-staged-read-without-faking-physical-cleanup"]}
# Subtest: tests/postgres/media-staging.test.ts
ok 1 - tests/postgres/media-staging.test.ts
  ---
  duration_ms: 943.536791
  type: 'test'
  ...
1..1
# tests 1
# suites 0
# pass 1
# fail 0
# cancelled 0
# skipped 0
# todo 0
# duration_ms 951.994584
Prisma schema loaded from prisma/schema.prisma
Datasource "db": PostgreSQL database "once_test_media_grant_pr03cf_final", schema "public" at "127.0.0.1:56531"

63 migrations found in prisma/migrations

Applying migration `202609220001_initial`
Applying migration `202609230001_source_history`
Applying migration `202609230002_record_handoffs`
Applying migration `202609230003_private_images`
Applying migration `202609240001_works_projects`
Applying migration `202609240002_search_shortlists`
Applying migration `202609240003_shortlist_asset_unlink`
Applying migration `202609240004_search_facts_sql`
Applying migration `202609240005_dictionary_search_namespaces`
Applying migration `202609240006_export_dependencies`
Applying migration `202609240007_export_payload_json_null`
Applying migration `202609240008_deletion_impact_preview`
Applying migration `202609240009_deletion_blocking`
Applying migration `202609240010_deletion_retention_plan`
Applying migration `202609240011_deletion_cleanup_execution`
Applying migration `202609240012_cleanup_null_guards`
Applying migration `202609250001_deletion_finalization_states`
Applying migration `202609250002_person_merge_foundation`
Applying migration `202609250003_person_merge_integrity`
Applying migration `202609260001_recovery_runs`
Applying migration `202609260002_recovery_inspection`
Applying migration `202609260003_recovery_report_guards`
Applying migration `202609260004_recovery_approval_evidence`
Applying migration `202609260005_recovery_approval_media_guard`
Applying migration `202609260006_recovery_backup_media_identity`
Applying migration `202609260007_recovery_delta_resolution`
Applying migration `202609270001_talent_domain_v2`
Applying migration `202609270002_talent_merge_history`
Applying migration `202609270003_talent_transfer`
Applying migration `202609270004_capability_transfer`
Applying migration `202609270005_external_ref_transfer`
Applying migration `202609270006_representation_transfer`
Applying migration `202609270007_field_evidence_transfer`
Applying migration `202609270008_credential_transfer`
Applying migration `202609280001_credential_media_transfer`
Applying migration `202609280002_collection_transfer`
Applying migration `202609280003_adult_eligibility_transfer`
Applying migration `202609280004_identity_evidence_transfer`
Applying migration `202609280005_merge_history_transfer`
Applying migration `202609280006_candidate_review_lineage`
Applying migration `202609280007_identity_retention_permission`
Applying migration `202609280008_merge_history_erasure`
Applying migration `202609280009_internal_locale_texts`
Applying migration `202609280010_locale_dependency_identity`
Applying migration `202609280011_locale_transfer`
Applying migration `202609280012_locale_merge`
Applying migration `202609280013_ai_dispatch_ledger`
Applying migration `202609280014_ai_business`
Applying migration `202609280015_ai_operations`
Applying migration `202609290001_ai_connections`
Applying migration `202609290002_media_documents_video`
Applying migration `202609290003_project_parties`
Applying migration `202609290004_project_party_export_fields`
Applying migration `202609290005_media_erased_limits`
Applying migration `202609300001_talent_experience_pr01b`
Applying migration `202610010001_talent_auth_principals`
Applying migration `202610010002_talent_auth_key_binding`
Applying migration `202610010003_talent_maintenance`
Applying migration `202610010004_talent_basis_rebuild`
Applying migration `202610010005_talent_maintenance_permissions`
Applying migration `202610010006_talent_submission_ownership`
Applying migration `202610010007_media_ownership`
Applying migration `202610010008_media_collections`

The following migration(s) have been applied:

migrations/
  └─ 202609220001_initial/
    └─ migration.sql
  └─ 202609230001_source_history/
    └─ migration.sql
  └─ 202609230002_record_handoffs/
    └─ migration.sql
  └─ 202609230003_private_images/
    └─ migration.sql
  └─ 202609240001_works_projects/
    └─ migration.sql
  └─ 202609240002_search_shortlists/
    └─ migration.sql
  └─ 202609240003_shortlist_asset_unlink/
    └─ migration.sql
  └─ 202609240004_search_facts_sql/
    └─ migration.sql
  └─ 202609240005_dictionary_search_namespaces/
    └─ migration.sql
  └─ 202609240006_export_dependencies/
    └─ migration.sql
  └─ 202609240007_export_payload_json_null/
    └─ migration.sql
  └─ 202609240008_deletion_impact_preview/
    └─ migration.sql
  └─ 202609240009_deletion_blocking/
    └─ migration.sql
  └─ 202609240010_deletion_retention_plan/
    └─ migration.sql
  └─ 202609240011_deletion_cleanup_execution/
    └─ migration.sql
  └─ 202609240012_cleanup_null_guards/
    └─ migration.sql
  └─ 202609250001_deletion_finalization_states/
    └─ migration.sql
  └─ 202609250002_person_merge_foundation/
    └─ migration.sql
  └─ 202609250003_person_merge_integrity/
    └─ migration.sql
  └─ 202609260001_recovery_runs/
    └─ migration.sql
  └─ 202609260002_recovery_inspection/
    └─ migration.sql
  └─ 202609260003_recovery_report_guards/
    └─ migration.sql
  └─ 202609260004_recovery_approval_evidence/
    └─ migration.sql
  └─ 202609260005_recovery_approval_media_guard/
    └─ migration.sql
  └─ 202609260006_recovery_backup_media_identity/
    └─ migration.sql
  └─ 202609260007_recovery_delta_resolution/
    └─ migration.sql
  └─ 202609270001_talent_domain_v2/
    └─ migration.sql
  └─ 202609270002_talent_merge_history/
    └─ migration.sql
  └─ 202609270003_talent_transfer/
    └─ migration.sql
  └─ 202609270004_capability_transfer/
    └─ migration.sql
  └─ 202609270005_external_ref_transfer/
    └─ migration.sql
  └─ 202609270006_representation_transfer/
    └─ migration.sql
  └─ 202609270007_field_evidence_transfer/
    └─ migration.sql
  └─ 202609270008_credential_transfer/
    └─ migration.sql
  └─ 202609280001_credential_media_transfer/
    └─ migration.sql
  └─ 202609280002_collection_transfer/
    └─ migration.sql
  └─ 202609280003_adult_eligibility_transfer/
    └─ migration.sql
  └─ 202609280004_identity_evidence_transfer/
    └─ migration.sql
  └─ 202609280005_merge_history_transfer/
    └─ migration.sql
  └─ 202609280006_candidate_review_lineage/
    └─ migration.sql
  └─ 202609280007_identity_retention_permission/
    └─ migration.sql
  └─ 202609280008_merge_history_erasure/
    └─ migration.sql
  └─ 202609280009_internal_locale_texts/
    └─ migration.sql
  └─ 202609280010_locale_dependency_identity/
    └─ migration.sql
  └─ 202609280011_locale_transfer/
    └─ migration.sql
  └─ 202609280012_locale_merge/
    └─ migration.sql
  └─ 202609280013_ai_dispatch_ledger/
    └─ migration.sql
  └─ 202609280014_ai_business/
    └─ migration.sql
  └─ 202609280015_ai_operations/
    └─ migration.sql
  └─ 202609290001_ai_connections/
    └─ migration.sql
  └─ 202609290002_media_documents_video/
    └─ migration.sql
  └─ 202609290003_project_parties/
    └─ migration.sql
  └─ 202609290004_project_party_export_fields/
    └─ migration.sql
  └─ 202609290005_media_erased_limits/
    └─ migration.sql
  └─ 202609300001_talent_experience_pr01b/
    └─ migration.sql
  └─ 202610010001_talent_auth_principals/
    └─ migration.sql
  └─ 202610010002_talent_auth_key_binding/
    └─ migration.sql
  └─ 202610010003_talent_maintenance/
    └─ migration.sql
  └─ 202610010004_talent_basis_rebuild/
    └─ migration.sql
  └─ 202610010005_talent_maintenance_permissions/
    └─ migration.sql
  └─ 202610010006_talent_submission_ownership/
    └─ migration.sql
  └─ 202610010007_media_ownership/
    └─ migration.sql
  └─ 202610010008_media_collections/
    └─ migration.sql
      
All migrations have been successfully applied.
TAP version 13
# {"checks":["grant-after-worker-claim-denies-heartbeat-finish-and-existing-staged-read-without-fake-purge"]}
# Subtest: tests/postgres/media-staging.test.ts
ok 1 - tests/postgres/media-staging.test.ts
  ---
  duration_ms: 1044.2835
  type: 'test'
  ...
1..1
# tests 1
# suites 0
# pass 1
# fail 0
# cancelled 0
# skipped 0
# todo 0
# duration_ms 1050.766625
Prisma schema loaded from prisma/schema.prisma
Datasource "db": PostgreSQL database "once_test_media_withdraw_pr03cf_final", schema "public" at "127.0.0.1:56531"

63 migrations found in prisma/migrations

Applying migration `202609220001_initial`
Applying migration `202609230001_source_history`
Applying migration `202609230002_record_handoffs`
Applying migration `202609230003_private_images`
Applying migration `202609240001_works_projects`
Applying migration `202609240002_search_shortlists`
Applying migration `202609240003_shortlist_asset_unlink`
Applying migration `202609240004_search_facts_sql`
Applying migration `202609240005_dictionary_search_namespaces`
Applying migration `202609240006_export_dependencies`
Applying migration `202609240007_export_payload_json_null`
Applying migration `202609240008_deletion_impact_preview`
Applying migration `202609240009_deletion_blocking`
Applying migration `202609240010_deletion_retention_plan`
Applying migration `202609240011_deletion_cleanup_execution`
Applying migration `202609240012_cleanup_null_guards`
Applying migration `202609250001_deletion_finalization_states`
Applying migration `202609250002_person_merge_foundation`
Applying migration `202609250003_person_merge_integrity`
Applying migration `202609260001_recovery_runs`
Applying migration `202609260002_recovery_inspection`
Applying migration `202609260003_recovery_report_guards`
Applying migration `202609260004_recovery_approval_evidence`
Applying migration `202609260005_recovery_approval_media_guard`
Applying migration `202609260006_recovery_backup_media_identity`
Applying migration `202609260007_recovery_delta_resolution`
Applying migration `202609270001_talent_domain_v2`
Applying migration `202609270002_talent_merge_history`
Applying migration `202609270003_talent_transfer`
Applying migration `202609270004_capability_transfer`
Applying migration `202609270005_external_ref_transfer`
Applying migration `202609270006_representation_transfer`
Applying migration `202609270007_field_evidence_transfer`
Applying migration `202609270008_credential_transfer`
Applying migration `202609280001_credential_media_transfer`
Applying migration `202609280002_collection_transfer`
Applying migration `202609280003_adult_eligibility_transfer`
Applying migration `202609280004_identity_evidence_transfer`
Applying migration `202609280005_merge_history_transfer`
Applying migration `202609280006_candidate_review_lineage`
Applying migration `202609280007_identity_retention_permission`
Applying migration `202609280008_merge_history_erasure`
Applying migration `202609280009_internal_locale_texts`
Applying migration `202609280010_locale_dependency_identity`
Applying migration `202609280011_locale_transfer`
Applying migration `202609280012_locale_merge`
Applying migration `202609280013_ai_dispatch_ledger`
Applying migration `202609280014_ai_business`
Applying migration `202609280015_ai_operations`
Applying migration `202609290001_ai_connections`
Applying migration `202609290002_media_documents_video`
Applying migration `202609290003_project_parties`
Applying migration `202609290004_project_party_export_fields`
Applying migration `202609290005_media_erased_limits`
Applying migration `202609300001_talent_experience_pr01b`
Applying migration `202610010001_talent_auth_principals`
Applying migration `202610010002_talent_auth_key_binding`
Applying migration `202610010003_talent_maintenance`
Applying migration `202610010004_talent_basis_rebuild`
Applying migration `202610010005_talent_maintenance_permissions`
Applying migration `202610010006_talent_submission_ownership`
Applying migration `202610010007_media_ownership`
Applying migration `202610010008_media_collections`

The following migration(s) have been applied:

migrations/
  └─ 202609220001_initial/
    └─ migration.sql
  └─ 202609230001_source_history/
    └─ migration.sql
  └─ 202609230002_record_handoffs/
    └─ migration.sql
  └─ 202609230003_private_images/
    └─ migration.sql
  └─ 202609240001_works_projects/
    └─ migration.sql
  └─ 202609240002_search_shortlists/
    └─ migration.sql
  └─ 202609240003_shortlist_asset_unlink/
    └─ migration.sql
  └─ 202609240004_search_facts_sql/
    └─ migration.sql
  └─ 202609240005_dictionary_search_namespaces/
    └─ migration.sql
  └─ 202609240006_export_dependencies/
    └─ migration.sql
  └─ 202609240007_export_payload_json_null/
    └─ migration.sql
  └─ 202609240008_deletion_impact_preview/
    └─ migration.sql
  └─ 202609240009_deletion_blocking/
    └─ migration.sql
  └─ 202609240010_deletion_retention_plan/
    └─ migration.sql
  └─ 202609240011_deletion_cleanup_execution/
    └─ migration.sql
  └─ 202609240012_cleanup_null_guards/
    └─ migration.sql
  └─ 202609250001_deletion_finalization_states/
    └─ migration.sql
  └─ 202609250002_person_merge_foundation/
    └─ migration.sql
  └─ 202609250003_person_merge_integrity/
    └─ migration.sql
  └─ 202609260001_recovery_runs/
    └─ migration.sql
  └─ 202609260002_recovery_inspection/
    └─ migration.sql
  └─ 202609260003_recovery_report_guards/
    └─ migration.sql
  └─ 202609260004_recovery_approval_evidence/
    └─ migration.sql
  └─ 202609260005_recovery_approval_media_guard/
    └─ migration.sql
  └─ 202609260006_recovery_backup_media_identity/
    └─ migration.sql
  └─ 202609260007_recovery_delta_resolution/
    └─ migration.sql
  └─ 202609270001_talent_domain_v2/
    └─ migration.sql
  └─ 202609270002_talent_merge_history/
    └─ migration.sql
  └─ 202609270003_talent_transfer/
    └─ migration.sql
  └─ 202609270004_capability_transfer/
    └─ migration.sql
  └─ 202609270005_external_ref_transfer/
    └─ migration.sql
  └─ 202609270006_representation_transfer/
    └─ migration.sql
  └─ 202609270007_field_evidence_transfer/
    └─ migration.sql
  └─ 202609270008_credential_transfer/
    └─ migration.sql
  └─ 202609280001_credential_media_transfer/
    └─ migration.sql
  └─ 202609280002_collection_transfer/
    └─ migration.sql
  └─ 202609280003_adult_eligibility_transfer/
    └─ migration.sql
  └─ 202609280004_identity_evidence_transfer/
    └─ migration.sql
  └─ 202609280005_merge_history_transfer/
    └─ migration.sql
  └─ 202609280006_candidate_review_lineage/
    └─ migration.sql
  └─ 202609280007_identity_retention_permission/
    └─ migration.sql
  └─ 202609280008_merge_history_erasure/
    └─ migration.sql
  └─ 202609280009_internal_locale_texts/
    └─ migration.sql
  └─ 202609280010_locale_dependency_identity/
    └─ migration.sql
  └─ 202609280011_locale_transfer/
    └─ migration.sql
  └─ 202609280012_locale_merge/
    └─ migration.sql
  └─ 202609280013_ai_dispatch_ledger/
    └─ migration.sql
  └─ 202609280014_ai_business/
    └─ migration.sql
  └─ 202609280015_ai_operations/
    └─ migration.sql
  └─ 202609290001_ai_connections/
    └─ migration.sql
  └─ 202609290002_media_documents_video/
    └─ migration.sql
  └─ 202609290003_project_parties/
    └─ migration.sql
  └─ 202609290004_project_party_export_fields/
    └─ migration.sql
  └─ 202609290005_media_erased_limits/
    └─ migration.sql
  └─ 202609300001_talent_experience_pr01b/
    └─ migration.sql
  └─ 202610010001_talent_auth_principals/
    └─ migration.sql
  └─ 202610010002_talent_auth_key_binding/
    └─ migration.sql
  └─ 202610010003_talent_maintenance/
    └─ migration.sql
  └─ 202610010004_talent_basis_rebuild/
    └─ migration.sql
  └─ 202610010005_talent_maintenance_permissions/
    └─ migration.sql
  └─ 202610010006_talent_submission_ownership/
    └─ migration.sql
  └─ 202610010007_media_ownership/
    └─ migration.sql
  └─ 202610010008_media_collections/
    └─ migration.sql
      
All migrations have been successfully applied.
TAP version 13
# {"checks":["withdraw-after-worker-claim-denies-heartbeat-finish-and-existing-staged-read-without-fake-purge"]}
# Subtest: tests/postgres/media-staging.test.ts
ok 1 - tests/postgres/media-staging.test.ts
  ---
  duration_ms: 906.363208
  type: 'test'
  ...
1..1
# tests 1
# suites 0
# pass 1
# fail 0
# cancelled 0
# skipped 0
# todo 0
# duration_ms 911.042584
Prisma schema loaded from prisma/schema.prisma
Datasource "db": PostgreSQL database "once_test_media_consent_pr03cf_final", schema "public" at "127.0.0.1:56531"

63 migrations found in prisma/migrations

Applying migration `202609220001_initial`
Applying migration `202609230001_source_history`
Applying migration `202609230002_record_handoffs`
Applying migration `202609230003_private_images`
Applying migration `202609240001_works_projects`
Applying migration `202609240002_search_shortlists`
Applying migration `202609240003_shortlist_asset_unlink`
Applying migration `202609240004_search_facts_sql`
Applying migration `202609240005_dictionary_search_namespaces`
Applying migration `202609240006_export_dependencies`
Applying migration `202609240007_export_payload_json_null`
Applying migration `202609240008_deletion_impact_preview`
Applying migration `202609240009_deletion_blocking`
Applying migration `202609240010_deletion_retention_plan`
Applying migration `202609240011_deletion_cleanup_execution`
Applying migration `202609240012_cleanup_null_guards`
Applying migration `202609250001_deletion_finalization_states`
Applying migration `202609250002_person_merge_foundation`
Applying migration `202609250003_person_merge_integrity`
Applying migration `202609260001_recovery_runs`
Applying migration `202609260002_recovery_inspection`
Applying migration `202609260003_recovery_report_guards`
Applying migration `202609260004_recovery_approval_evidence`
Applying migration `202609260005_recovery_approval_media_guard`
Applying migration `202609260006_recovery_backup_media_identity`
Applying migration `202609260007_recovery_delta_resolution`
Applying migration `202609270001_talent_domain_v2`
Applying migration `202609270002_talent_merge_history`
Applying migration `202609270003_talent_transfer`
Applying migration `202609270004_capability_transfer`
Applying migration `202609270005_external_ref_transfer`
Applying migration `202609270006_representation_transfer`
Applying migration `202609270007_field_evidence_transfer`
Applying migration `202609270008_credential_transfer`
Applying migration `202609280001_credential_media_transfer`
Applying migration `202609280002_collection_transfer`
Applying migration `202609280003_adult_eligibility_transfer`
Applying migration `202609280004_identity_evidence_transfer`
Applying migration `202609280005_merge_history_transfer`
Applying migration `202609280006_candidate_review_lineage`
Applying migration `202609280007_identity_retention_permission`
Applying migration `202609280008_merge_history_erasure`
Applying migration `202609280009_internal_locale_texts`
Applying migration `202609280010_locale_dependency_identity`
Applying migration `202609280011_locale_transfer`
Applying migration `202609280012_locale_merge`
Applying migration `202609280013_ai_dispatch_ledger`
Applying migration `202609280014_ai_business`
Applying migration `202609280015_ai_operations`
Applying migration `202609290001_ai_connections`
Applying migration `202609290002_media_documents_video`
Applying migration `202609290003_project_parties`
Applying migration `202609290004_project_party_export_fields`
Applying migration `202609290005_media_erased_limits`
Applying migration `202609300001_talent_experience_pr01b`
Applying migration `202610010001_talent_auth_principals`
Applying migration `202610010002_talent_auth_key_binding`
Applying migration `202610010003_talent_maintenance`
Applying migration `202610010004_talent_basis_rebuild`
Applying migration `202610010005_talent_maintenance_permissions`
Applying migration `202610010006_talent_submission_ownership`
Applying migration `202610010007_media_ownership`
Applying migration `202610010008_media_collections`

The following migration(s) have been applied:

migrations/
  └─ 202609220001_initial/
    └─ migration.sql
  └─ 202609230001_source_history/
    └─ migration.sql
  └─ 202609230002_record_handoffs/
    └─ migration.sql
  └─ 202609230003_private_images/
    └─ migration.sql
  └─ 202609240001_works_projects/
    └─ migration.sql
  └─ 202609240002_search_shortlists/
    └─ migration.sql
  └─ 202609240003_shortlist_asset_unlink/
    └─ migration.sql
  └─ 202609240004_search_facts_sql/
    └─ migration.sql
  └─ 202609240005_dictionary_search_namespaces/
    └─ migration.sql
  └─ 202609240006_export_dependencies/
    └─ migration.sql
  └─ 202609240007_export_payload_json_null/
    └─ migration.sql
  └─ 202609240008_deletion_impact_preview/
    └─ migration.sql
  └─ 202609240009_deletion_blocking/
    └─ migration.sql
  └─ 202609240010_deletion_retention_plan/
    └─ migration.sql
  └─ 202609240011_deletion_cleanup_execution/
    └─ migration.sql
  └─ 202609240012_cleanup_null_guards/
    └─ migration.sql
  └─ 202609250001_deletion_finalization_states/
    └─ migration.sql
  └─ 202609250002_person_merge_foundation/
    └─ migration.sql
  └─ 202609250003_person_merge_integrity/
    └─ migration.sql
  └─ 202609260001_recovery_runs/
    └─ migration.sql
  └─ 202609260002_recovery_inspection/
    └─ migration.sql
  └─ 202609260003_recovery_report_guards/
    └─ migration.sql
  └─ 202609260004_recovery_approval_evidence/
    └─ migration.sql
  └─ 202609260005_recovery_approval_media_guard/
    └─ migration.sql
  └─ 202609260006_recovery_backup_media_identity/
    └─ migration.sql
  └─ 202609260007_recovery_delta_resolution/
    └─ migration.sql
  └─ 202609270001_talent_domain_v2/
    └─ migration.sql
  └─ 202609270002_talent_merge_history/
    └─ migration.sql
  └─ 202609270003_talent_transfer/
    └─ migration.sql
  └─ 202609270004_capability_transfer/
    └─ migration.sql
  └─ 202609270005_external_ref_transfer/
    └─ migration.sql
  └─ 202609270006_representation_transfer/
    └─ migration.sql
  └─ 202609270007_field_evidence_transfer/
    └─ migration.sql
  └─ 202609270008_credential_transfer/
    └─ migration.sql
  └─ 202609280001_credential_media_transfer/
    └─ migration.sql
  └─ 202609280002_collection_transfer/
    └─ migration.sql
  └─ 202609280003_adult_eligibility_transfer/
    └─ migration.sql
  └─ 202609280004_identity_evidence_transfer/
    └─ migration.sql
  └─ 202609280005_merge_history_transfer/
    └─ migration.sql
  └─ 202609280006_candidate_review_lineage/
    └─ migration.sql
  └─ 202609280007_identity_retention_permission/
    └─ migration.sql
  └─ 202609280008_merge_history_erasure/
    └─ migration.sql
  └─ 202609280009_internal_locale_texts/
    └─ migration.sql
  └─ 202609280010_locale_dependency_identity/
    └─ migration.sql
  └─ 202609280011_locale_transfer/
    └─ migration.sql
  └─ 202609280012_locale_merge/
    └─ migration.sql
  └─ 202609280013_ai_dispatch_ledger/
    └─ migration.sql
  └─ 202609280014_ai_business/
    └─ migration.sql
  └─ 202609280015_ai_operations/
    └─ migration.sql
  └─ 202609290001_ai_connections/
    └─ migration.sql
  └─ 202609290002_media_documents_video/
    └─ migration.sql
  └─ 202609290003_project_parties/
    └─ migration.sql
  └─ 202609290004_project_party_export_fields/
    └─ migration.sql
  └─ 202609290005_media_erased_limits/
    └─ migration.sql
  └─ 202609300001_talent_experience_pr01b/
    └─ migration.sql
  └─ 202610010001_talent_auth_principals/
    └─ migration.sql
  └─ 202610010002_talent_auth_key_binding/
    └─ migration.sql
  └─ 202610010003_talent_maintenance/
    └─ migration.sql
  └─ 202610010004_talent_basis_rebuild/
    └─ migration.sql
  └─ 202610010005_talent_maintenance_permissions/
    └─ migration.sql
  └─ 202610010006_talent_submission_ownership/
    └─ migration.sql
  └─ 202610010007_media_ownership/
    └─ migration.sql
  └─ 202610010008_media_collections/
    └─ migration.sql
      
All migrations have been successfully applied.
TAP version 13
# {"checks":["consent-after-worker-claim-denies-heartbeat-finish-and-existing-staged-read-without-fake-purge"]}
# Subtest: tests/postgres/media-staging.test.ts
ok 1 - tests/postgres/media-staging.test.ts
  ---
  duration_ms: 1240.895292
  type: 'test'
  ...
1..1
# tests 1
# suites 0
# pass 1
# fail 0
# cancelled 0
# skipped 0
# todo 0
# duration_ms 1245.830125
Prisma schema loaded from prisma/schema.prisma
Datasource "db": PostgreSQL database "once_test_media_recovery_pr03cf_final", schema "public" at "127.0.0.1:56531"

63 migrations found in prisma/migrations

Applying migration `202609220001_initial`
Applying migration `202609230001_source_history`
Applying migration `202609230002_record_handoffs`
Applying migration `202609230003_private_images`
Applying migration `202609240001_works_projects`
Applying migration `202609240002_search_shortlists`
Applying migration `202609240003_shortlist_asset_unlink`
Applying migration `202609240004_search_facts_sql`
Applying migration `202609240005_dictionary_search_namespaces`
Applying migration `202609240006_export_dependencies`
Applying migration `202609240007_export_payload_json_null`
Applying migration `202609240008_deletion_impact_preview`
Applying migration `202609240009_deletion_blocking`
Applying migration `202609240010_deletion_retention_plan`
Applying migration `202609240011_deletion_cleanup_execution`
Applying migration `202609240012_cleanup_null_guards`
Applying migration `202609250001_deletion_finalization_states`
Applying migration `202609250002_person_merge_foundation`
Applying migration `202609250003_person_merge_integrity`
Applying migration `202609260001_recovery_runs`
Applying migration `202609260002_recovery_inspection`
Applying migration `202609260003_recovery_report_guards`
Applying migration `202609260004_recovery_approval_evidence`
Applying migration `202609260005_recovery_approval_media_guard`
Applying migration `202609260006_recovery_backup_media_identity`
Applying migration `202609260007_recovery_delta_resolution`
Applying migration `202609270001_talent_domain_v2`
Applying migration `202609270002_talent_merge_history`
Applying migration `202609270003_talent_transfer`
Applying migration `202609270004_capability_transfer`
Applying migration `202609270005_external_ref_transfer`
Applying migration `202609270006_representation_transfer`
Applying migration `202609270007_field_evidence_transfer`
Applying migration `202609270008_credential_transfer`
Applying migration `202609280001_credential_media_transfer`
Applying migration `202609280002_collection_transfer`
Applying migration `202609280003_adult_eligibility_transfer`
Applying migration `202609280004_identity_evidence_transfer`
Applying migration `202609280005_merge_history_transfer`
Applying migration `202609280006_candidate_review_lineage`
Applying migration `202609280007_identity_retention_permission`
Applying migration `202609280008_merge_history_erasure`
Applying migration `202609280009_internal_locale_texts`
Applying migration `202609280010_locale_dependency_identity`
Applying migration `202609280011_locale_transfer`
Applying migration `202609280012_locale_merge`
Applying migration `202609280013_ai_dispatch_ledger`
Applying migration `202609280014_ai_business`
Applying migration `202609280015_ai_operations`
Applying migration `202609290001_ai_connections`
Applying migration `202609290002_media_documents_video`
Applying migration `202609290003_project_parties`
Applying migration `202609290004_project_party_export_fields`
Applying migration `202609290005_media_erased_limits`
Applying migration `202609300001_talent_experience_pr01b`
Applying migration `202610010001_talent_auth_principals`
Applying migration `202610010002_talent_auth_key_binding`
Applying migration `202610010003_talent_maintenance`
Applying migration `202610010004_talent_basis_rebuild`
Applying migration `202610010005_talent_maintenance_permissions`
Applying migration `202610010006_talent_submission_ownership`
Applying migration `202610010007_media_ownership`
Applying migration `202610010008_media_collections`

The following migration(s) have been applied:

migrations/
  └─ 202609220001_initial/
    └─ migration.sql
  └─ 202609230001_source_history/
    └─ migration.sql
  └─ 202609230002_record_handoffs/
    └─ migration.sql
  └─ 202609230003_private_images/
    └─ migration.sql
  └─ 202609240001_works_projects/
    └─ migration.sql
  └─ 202609240002_search_shortlists/
    └─ migration.sql
  └─ 202609240003_shortlist_asset_unlink/
    └─ migration.sql
  └─ 202609240004_search_facts_sql/
    └─ migration.sql
  └─ 202609240005_dictionary_search_namespaces/
    └─ migration.sql
  └─ 202609240006_export_dependencies/
    └─ migration.sql
  └─ 202609240007_export_payload_json_null/
    └─ migration.sql
  └─ 202609240008_deletion_impact_preview/
    └─ migration.sql
  └─ 202609240009_deletion_blocking/
    └─ migration.sql
  └─ 202609240010_deletion_retention_plan/
    └─ migration.sql
  └─ 202609240011_deletion_cleanup_execution/
    └─ migration.sql
  └─ 202609240012_cleanup_null_guards/
    └─ migration.sql
  └─ 202609250001_deletion_finalization_states/
    └─ migration.sql
  └─ 202609250002_person_merge_foundation/
    └─ migration.sql
  └─ 202609250003_person_merge_integrity/
    └─ migration.sql
  └─ 202609260001_recovery_runs/
    └─ migration.sql
  └─ 202609260002_recovery_inspection/
    └─ migration.sql
  └─ 202609260003_recovery_report_guards/
    └─ migration.sql
  └─ 202609260004_recovery_approval_evidence/
    └─ migration.sql
  └─ 202609260005_recovery_approval_media_guard/
    └─ migration.sql
  └─ 202609260006_recovery_backup_media_identity/
    └─ migration.sql
  └─ 202609260007_recovery_delta_resolution/
    └─ migration.sql
  └─ 202609270001_talent_domain_v2/
    └─ migration.sql
  └─ 202609270002_talent_merge_history/
    └─ migration.sql
  └─ 202609270003_talent_transfer/
    └─ migration.sql
  └─ 202609270004_capability_transfer/
    └─ migration.sql
  └─ 202609270005_external_ref_transfer/
    └─ migration.sql
  └─ 202609270006_representation_transfer/
    └─ migration.sql
  └─ 202609270007_field_evidence_transfer/
    └─ migration.sql
  └─ 202609270008_credential_transfer/
    └─ migration.sql
  └─ 202609280001_credential_media_transfer/
    └─ migration.sql
  └─ 202609280002_collection_transfer/
    └─ migration.sql
  └─ 202609280003_adult_eligibility_transfer/
    └─ migration.sql
  └─ 202609280004_identity_evidence_transfer/
    └─ migration.sql
  └─ 202609280005_merge_history_transfer/
    └─ migration.sql
  └─ 202609280006_candidate_review_lineage/
    └─ migration.sql
  └─ 202609280007_identity_retention_permission/
    └─ migration.sql
  └─ 202609280008_merge_history_erasure/
    └─ migration.sql
  └─ 202609280009_internal_locale_texts/
    └─ migration.sql
  └─ 202609280010_locale_dependency_identity/
    └─ migration.sql
  └─ 202609280011_locale_transfer/
    └─ migration.sql
  └─ 202609280012_locale_merge/
    └─ migration.sql
  └─ 202609280013_ai_dispatch_ledger/
    └─ migration.sql
  └─ 202609280014_ai_business/
    └─ migration.sql
  └─ 202609280015_ai_operations/
    └─ migration.sql
  └─ 202609290001_ai_connections/
    └─ migration.sql
  └─ 202609290002_media_documents_video/
    └─ migration.sql
  └─ 202609290003_project_parties/
    └─ migration.sql
  └─ 202609290004_project_party_export_fields/
    └─ migration.sql
  └─ 202609290005_media_erased_limits/
    └─ migration.sql
  └─ 202609300001_talent_experience_pr01b/
    └─ migration.sql
  └─ 202610010001_talent_auth_principals/
    └─ migration.sql
  └─ 202610010002_talent_auth_key_binding/
    └─ migration.sql
  └─ 202610010003_talent_maintenance/
    └─ migration.sql
  └─ 202610010004_talent_basis_rebuild/
    └─ migration.sql
  └─ 202610010005_talent_maintenance_permissions/
    └─ migration.sql
  └─ 202610010006_talent_submission_ownership/
    └─ migration.sql
  └─ 202610010007_media_ownership/
    └─ migration.sql
  └─ 202610010008_media_collections/
    └─ migration.sql
      
All migrations have been successfully applied.
TAP version 13
# {"checks":["recovery-after-worker-claim-denies-heartbeat-finish-and-existing-staged-read-without-fake-purge"]}
# Subtest: tests/postgres/media-staging.test.ts
ok 1 - tests/postgres/media-staging.test.ts
  ---
  duration_ms: 1364.519916
  type: 'test'
  ...
1..1
# tests 1
# suites 0
# pass 1
# fail 0
# cancelled 0
# skipped 0
# todo 0
# duration_ms 1371.585125
Prisma schema loaded from prisma/schema.prisma
Datasource "db": PostgreSQL database "once_test_media_concurrency_pr03cf_final", schema "public" at "127.0.0.1:56531"

63 migrations found in prisma/migrations

Applying migration `202609220001_initial`
Applying migration `202609230001_source_history`
Applying migration `202609230002_record_handoffs`
Applying migration `202609230003_private_images`
Applying migration `202609240001_works_projects`
Applying migration `202609240002_search_shortlists`
Applying migration `202609240003_shortlist_asset_unlink`
Applying migration `202609240004_search_facts_sql`
Applying migration `202609240005_dictionary_search_namespaces`
Applying migration `202609240006_export_dependencies`
Applying migration `202609240007_export_payload_json_null`
Applying migration `202609240008_deletion_impact_preview`
Applying migration `202609240009_deletion_blocking`
Applying migration `202609240010_deletion_retention_plan`
Applying migration `202609240011_deletion_cleanup_execution`
Applying migration `202609240012_cleanup_null_guards`
Applying migration `202609250001_deletion_finalization_states`
Applying migration `202609250002_person_merge_foundation`
Applying migration `202609250003_person_merge_integrity`
Applying migration `202609260001_recovery_runs`
Applying migration `202609260002_recovery_inspection`
Applying migration `202609260003_recovery_report_guards`
Applying migration `202609260004_recovery_approval_evidence`
Applying migration `202609260005_recovery_approval_media_guard`
Applying migration `202609260006_recovery_backup_media_identity`
Applying migration `202609260007_recovery_delta_resolution`
Applying migration `202609270001_talent_domain_v2`
Applying migration `202609270002_talent_merge_history`
Applying migration `202609270003_talent_transfer`
Applying migration `202609270004_capability_transfer`
Applying migration `202609270005_external_ref_transfer`
Applying migration `202609270006_representation_transfer`
Applying migration `202609270007_field_evidence_transfer`
Applying migration `202609270008_credential_transfer`
Applying migration `202609280001_credential_media_transfer`
Applying migration `202609280002_collection_transfer`
Applying migration `202609280003_adult_eligibility_transfer`
Applying migration `202609280004_identity_evidence_transfer`
Applying migration `202609280005_merge_history_transfer`
Applying migration `202609280006_candidate_review_lineage`
Applying migration `202609280007_identity_retention_permission`
Applying migration `202609280008_merge_history_erasure`
Applying migration `202609280009_internal_locale_texts`
Applying migration `202609280010_locale_dependency_identity`
Applying migration `202609280011_locale_transfer`
Applying migration `202609280012_locale_merge`
Applying migration `202609280013_ai_dispatch_ledger`
Applying migration `202609280014_ai_business`
Applying migration `202609280015_ai_operations`
Applying migration `202609290001_ai_connections`
Applying migration `202609290002_media_documents_video`
Applying migration `202609290003_project_parties`
Applying migration `202609290004_project_party_export_fields`
Applying migration `202609290005_media_erased_limits`
Applying migration `202609300001_talent_experience_pr01b`
Applying migration `202610010001_talent_auth_principals`
Applying migration `202610010002_talent_auth_key_binding`
Applying migration `202610010003_talent_maintenance`
Applying migration `202610010004_talent_basis_rebuild`
Applying migration `202610010005_talent_maintenance_permissions`
Applying migration `202610010006_talent_submission_ownership`
Applying migration `202610010007_media_ownership`
Applying migration `202610010008_media_collections`

The following migration(s) have been applied:

migrations/
  └─ 202609220001_initial/
    └─ migration.sql
  └─ 202609230001_source_history/
    └─ migration.sql
  └─ 202609230002_record_handoffs/
    └─ migration.sql
  └─ 202609230003_private_images/
    └─ migration.sql
  └─ 202609240001_works_projects/
    └─ migration.sql
  └─ 202609240002_search_shortlists/
    └─ migration.sql
  └─ 202609240003_shortlist_asset_unlink/
    └─ migration.sql
  └─ 202609240004_search_facts_sql/
    └─ migration.sql
  └─ 202609240005_dictionary_search_namespaces/
    └─ migration.sql
  └─ 202609240006_export_dependencies/
    └─ migration.sql
  └─ 202609240007_export_payload_json_null/
    └─ migration.sql
  └─ 202609240008_deletion_impact_preview/
    └─ migration.sql
  └─ 202609240009_deletion_blocking/
    └─ migration.sql
  └─ 202609240010_deletion_retention_plan/
    └─ migration.sql
  └─ 202609240011_deletion_cleanup_execution/
    └─ migration.sql
  └─ 202609240012_cleanup_null_guards/
    └─ migration.sql
  └─ 202609250001_deletion_finalization_states/
    └─ migration.sql
  └─ 202609250002_person_merge_foundation/
    └─ migration.sql
  └─ 202609250003_person_merge_integrity/
    └─ migration.sql
  └─ 202609260001_recovery_runs/
    └─ migration.sql
  └─ 202609260002_recovery_inspection/
    └─ migration.sql
  └─ 202609260003_recovery_report_guards/
    └─ migration.sql
  └─ 202609260004_recovery_approval_evidence/
    └─ migration.sql
  └─ 202609260005_recovery_approval_media_guard/
    └─ migration.sql
  └─ 202609260006_recovery_backup_media_identity/
    └─ migration.sql
  └─ 202609260007_recovery_delta_resolution/
    └─ migration.sql
  └─ 202609270001_talent_domain_v2/
    └─ migration.sql
  └─ 202609270002_talent_merge_history/
    └─ migration.sql
  └─ 202609270003_talent_transfer/
    └─ migration.sql
  └─ 202609270004_capability_transfer/
    └─ migration.sql
  └─ 202609270005_external_ref_transfer/
    └─ migration.sql
  └─ 202609270006_representation_transfer/
    └─ migration.sql
  └─ 202609270007_field_evidence_transfer/
    └─ migration.sql
  └─ 202609270008_credential_transfer/
    └─ migration.sql
  └─ 202609280001_credential_media_transfer/
    └─ migration.sql
  └─ 202609280002_collection_transfer/
    └─ migration.sql
  └─ 202609280003_adult_eligibility_transfer/
    └─ migration.sql
  └─ 202609280004_identity_evidence_transfer/
    └─ migration.sql
  └─ 202609280005_merge_history_transfer/
    └─ migration.sql
  └─ 202609280006_candidate_review_lineage/
    └─ migration.sql
  └─ 202609280007_identity_retention_permission/
    └─ migration.sql
  └─ 202609280008_merge_history_erasure/
    └─ migration.sql
  └─ 202609280009_internal_locale_texts/
    └─ migration.sql
  └─ 202609280010_locale_dependency_identity/
    └─ migration.sql
  └─ 202609280011_locale_transfer/
    └─ migration.sql
  └─ 202609280012_locale_merge/
    └─ migration.sql
  └─ 202609280013_ai_dispatch_ledger/
    └─ migration.sql
  └─ 202609280014_ai_business/
    └─ migration.sql
  └─ 202609280015_ai_operations/
    └─ migration.sql
  └─ 202609290001_ai_connections/
    └─ migration.sql
  └─ 202609290002_media_documents_video/
    └─ migration.sql
  └─ 202609290003_project_parties/
    └─ migration.sql
  └─ 202609290004_project_party_export_fields/
    └─ migration.sql
  └─ 202609290005_media_erased_limits/
    └─ migration.sql
  └─ 202609300001_talent_experience_pr01b/
    └─ migration.sql
  └─ 202610010001_talent_auth_principals/
    └─ migration.sql
  └─ 202610010002_talent_auth_key_binding/
    └─ migration.sql
  └─ 202610010003_talent_maintenance/
    └─ migration.sql
  └─ 202610010004_talent_basis_rebuild/
    └─ migration.sql
  └─ 202610010005_talent_maintenance_permissions/
    └─ migration.sql
  └─ 202610010006_talent_submission_ownership/
    └─ migration.sql
  └─ 202610010007_media_ownership/
    └─ migration.sql
  └─ 202610010008_media_collections/
    └─ migration.sql
      
All migrations have been successfully applied.
TAP version 13
# {"checks":["concurrent-same-key-single-upload-replayed","concurrent-new-keys-submission-cas-prevents-double-membership"]}
# Subtest: tests/postgres/media-staging.test.ts
ok 1 - tests/postgres/media-staging.test.ts
  ---
  duration_ms: 1306.040125
  type: 'test'
  ...
1..1
# tests 1
# suites 0
# pass 1
# fail 0
# cancelled 0
# skipped 0
# todo 0
# duration_ms 1311.078541
TAP version 13
# Subtest: tests/postgres/collection-upgrade.test.ts
ok 1 - tests/postgres/collection-upgrade.test.ts
  ---
  duration_ms: 2747.066958
  type: 'test'
  ...
1..1
# tests 1
# suites 0
# pass 1
# fail 0
# cancelled 0
# skipped 0
# todo 0
# duration_ms 2752.376333
TAP version 13
# Subtest: tests/postgres/media-upgrade.test.ts
ok 1 - tests/postgres/media-upgrade.test.ts
  ---
  duration_ms: 2407.214625
  type: 'test'
  ...
1..1
# tests 1
# suites 0
# pass 1
# fail 0
# cancelled 0
# skipped 0
# todo 0
# duration_ms 2412.567542
Prisma schema loaded from prisma/schema.prisma
Datasource "db": PostgreSQL database "once_test_maint_pr03cf_final", schema "public" at "127.0.0.1:56531"

63 migrations found in prisma/migrations

Applying migration `202609220001_initial`
Applying migration `202609230001_source_history`
Applying migration `202609230002_record_handoffs`
Applying migration `202609230003_private_images`
Applying migration `202609240001_works_projects`
Applying migration `202609240002_search_shortlists`
Applying migration `202609240003_shortlist_asset_unlink`
Applying migration `202609240004_search_facts_sql`
Applying migration `202609240005_dictionary_search_namespaces`
Applying migration `202609240006_export_dependencies`
Applying migration `202609240007_export_payload_json_null`
Applying migration `202609240008_deletion_impact_preview`
Applying migration `202609240009_deletion_blocking`
Applying migration `202609240010_deletion_retention_plan`
Applying migration `202609240011_deletion_cleanup_execution`
Applying migration `202609240012_cleanup_null_guards`
Applying migration `202609250001_deletion_finalization_states`
Applying migration `202609250002_person_merge_foundation`
Applying migration `202609250003_person_merge_integrity`
Applying migration `202609260001_recovery_runs`
Applying migration `202609260002_recovery_inspection`
Applying migration `202609260003_recovery_report_guards`
Applying migration `202609260004_recovery_approval_evidence`
Applying migration `202609260005_recovery_approval_media_guard`
Applying migration `202609260006_recovery_backup_media_identity`
Applying migration `202609260007_recovery_delta_resolution`
Applying migration `202609270001_talent_domain_v2`
Applying migration `202609270002_talent_merge_history`
Applying migration `202609270003_talent_transfer`
Applying migration `202609270004_capability_transfer`
Applying migration `202609270005_external_ref_transfer`
Applying migration `202609270006_representation_transfer`
Applying migration `202609270007_field_evidence_transfer`
Applying migration `202609270008_credential_transfer`
Applying migration `202609280001_credential_media_transfer`
Applying migration `202609280002_collection_transfer`
Applying migration `202609280003_adult_eligibility_transfer`
Applying migration `202609280004_identity_evidence_transfer`
Applying migration `202609280005_merge_history_transfer`
Applying migration `202609280006_candidate_review_lineage`
Applying migration `202609280007_identity_retention_permission`
Applying migration `202609280008_merge_history_erasure`
Applying migration `202609280009_internal_locale_texts`
Applying migration `202609280010_locale_dependency_identity`
Applying migration `202609280011_locale_transfer`
Applying migration `202609280012_locale_merge`
Applying migration `202609280013_ai_dispatch_ledger`
Applying migration `202609280014_ai_business`
Applying migration `202609280015_ai_operations`
Applying migration `202609290001_ai_connections`
Applying migration `202609290002_media_documents_video`
Applying migration `202609290003_project_parties`
Applying migration `202609290004_project_party_export_fields`
Applying migration `202609290005_media_erased_limits`
Applying migration `202609300001_talent_experience_pr01b`
Applying migration `202610010001_talent_auth_principals`
Applying migration `202610010002_talent_auth_key_binding`
Applying migration `202610010003_talent_maintenance`
Applying migration `202610010004_talent_basis_rebuild`
Applying migration `202610010005_talent_maintenance_permissions`
Applying migration `202610010006_talent_submission_ownership`
Applying migration `202610010007_media_ownership`
Applying migration `202610010008_media_collections`

The following migration(s) have been applied:

migrations/
  └─ 202609220001_initial/
    └─ migration.sql
  └─ 202609230001_source_history/
    └─ migration.sql
  └─ 202609230002_record_handoffs/
    └─ migration.sql
  └─ 202609230003_private_images/
    └─ migration.sql
  └─ 202609240001_works_projects/
    └─ migration.sql
  └─ 202609240002_search_shortlists/
    └─ migration.sql
  └─ 202609240003_shortlist_asset_unlink/
    └─ migration.sql
  └─ 202609240004_search_facts_sql/
    └─ migration.sql
  └─ 202609240005_dictionary_search_namespaces/
    └─ migration.sql
  └─ 202609240006_export_dependencies/
    └─ migration.sql
  └─ 202609240007_export_payload_json_null/
    └─ migration.sql
  └─ 202609240008_deletion_impact_preview/
    └─ migration.sql
  └─ 202609240009_deletion_blocking/
    └─ migration.sql
  └─ 202609240010_deletion_retention_plan/
    └─ migration.sql
  └─ 202609240011_deletion_cleanup_execution/
    └─ migration.sql
  └─ 202609240012_cleanup_null_guards/
    └─ migration.sql
  └─ 202609250001_deletion_finalization_states/
    └─ migration.sql
  └─ 202609250002_person_merge_foundation/
    └─ migration.sql
  └─ 202609250003_person_merge_integrity/
    └─ migration.sql
  └─ 202609260001_recovery_runs/
    └─ migration.sql
  └─ 202609260002_recovery_inspection/
    └─ migration.sql
  └─ 202609260003_recovery_report_guards/
    └─ migration.sql
  └─ 202609260004_recovery_approval_evidence/
    └─ migration.sql
  └─ 202609260005_recovery_approval_media_guard/
    └─ migration.sql
  └─ 202609260006_recovery_backup_media_identity/
    └─ migration.sql
  └─ 202609260007_recovery_delta_resolution/
    └─ migration.sql
  └─ 202609270001_talent_domain_v2/
    └─ migration.sql
  └─ 202609270002_talent_merge_history/
    └─ migration.sql
  └─ 202609270003_talent_transfer/
    └─ migration.sql
  └─ 202609270004_capability_transfer/
    └─ migration.sql
  └─ 202609270005_external_ref_transfer/
    └─ migration.sql
  └─ 202609270006_representation_transfer/
    └─ migration.sql
  └─ 202609270007_field_evidence_transfer/
    └─ migration.sql
  └─ 202609270008_credential_transfer/
    └─ migration.sql
  └─ 202609280001_credential_media_transfer/
    └─ migration.sql
  └─ 202609280002_collection_transfer/
    └─ migration.sql
  └─ 202609280003_adult_eligibility_transfer/
    └─ migration.sql
  └─ 202609280004_identity_evidence_transfer/
    └─ migration.sql
  └─ 202609280005_merge_history_transfer/
    └─ migration.sql
  └─ 202609280006_candidate_review_lineage/
    └─ migration.sql
  └─ 202609280007_identity_retention_permission/
    └─ migration.sql
  └─ 202609280008_merge_history_erasure/
    └─ migration.sql
  └─ 202609280009_internal_locale_texts/
    └─ migration.sql
  └─ 202609280010_locale_dependency_identity/
    └─ migration.sql
  └─ 202609280011_locale_transfer/
    └─ migration.sql
  └─ 202609280012_locale_merge/
    └─ migration.sql
  └─ 202609280013_ai_dispatch_ledger/
    └─ migration.sql
  └─ 202609280014_ai_business/
    └─ migration.sql
  └─ 202609280015_ai_operations/
    └─ migration.sql
  └─ 202609290001_ai_connections/
    └─ migration.sql
  └─ 202609290002_media_documents_video/
    └─ migration.sql
  └─ 202609290003_project_parties/
    └─ migration.sql
  └─ 202609290004_project_party_export_fields/
    └─ migration.sql
  └─ 202609290005_media_erased_limits/
    └─ migration.sql
  └─ 202609300001_talent_experience_pr01b/
    └─ migration.sql
  └─ 202610010001_talent_auth_principals/
    └─ migration.sql
  └─ 202610010002_talent_auth_key_binding/
    └─ migration.sql
  └─ 202610010003_talent_maintenance/
    └─ migration.sql
  └─ 202610010004_talent_basis_rebuild/
    └─ migration.sql
  └─ 202610010005_talent_maintenance_permissions/
    └─ migration.sql
  └─ 202610010006_talent_submission_ownership/
    └─ migration.sql
  └─ 202610010007_media_ownership/
    └─ migration.sql
  └─ 202610010008_media_collections/
    └─ migration.sql
      
All migrations have been successfully applied.
Prisma schema loaded from prisma/schema.prisma
Datasource "db": PostgreSQL database "once_test_maint_rebuild_pr03cf_final", schema "public" at "127.0.0.1:56531"

63 migrations found in prisma/migrations

Applying migration `202609220001_initial`
Applying migration `202609230001_source_history`
Applying migration `202609230002_record_handoffs`
Applying migration `202609230003_private_images`
Applying migration `202609240001_works_projects`
Applying migration `202609240002_search_shortlists`
Applying migration `202609240003_shortlist_asset_unlink`
Applying migration `202609240004_search_facts_sql`
Applying migration `202609240005_dictionary_search_namespaces`
Applying migration `202609240006_export_dependencies`
Applying migration `202609240007_export_payload_json_null`
Applying migration `202609240008_deletion_impact_preview`
Applying migration `202609240009_deletion_blocking`
Applying migration `202609240010_deletion_retention_plan`
Applying migration `202609240011_deletion_cleanup_execution`
Applying migration `202609240012_cleanup_null_guards`
Applying migration `202609250001_deletion_finalization_states`
Applying migration `202609250002_person_merge_foundation`
Applying migration `202609250003_person_merge_integrity`
Applying migration `202609260001_recovery_runs`
Applying migration `202609260002_recovery_inspection`
Applying migration `202609260003_recovery_report_guards`
Applying migration `202609260004_recovery_approval_evidence`
Applying migration `202609260005_recovery_approval_media_guard`
Applying migration `202609260006_recovery_backup_media_identity`
Applying migration `202609260007_recovery_delta_resolution`
Applying migration `202609270001_talent_domain_v2`
Applying migration `202609270002_talent_merge_history`
Applying migration `202609270003_talent_transfer`
Applying migration `202609270004_capability_transfer`
Applying migration `202609270005_external_ref_transfer`
Applying migration `202609270006_representation_transfer`
Applying migration `202609270007_field_evidence_transfer`
Applying migration `202609270008_credential_transfer`
Applying migration `202609280001_credential_media_transfer`
Applying migration `202609280002_collection_transfer`
Applying migration `202609280003_adult_eligibility_transfer`
Applying migration `202609280004_identity_evidence_transfer`
Applying migration `202609280005_merge_history_transfer`
Applying migration `202609280006_candidate_review_lineage`
Applying migration `202609280007_identity_retention_permission`
Applying migration `202609280008_merge_history_erasure`
Applying migration `202609280009_internal_locale_texts`
Applying migration `202609280010_locale_dependency_identity`
Applying migration `202609280011_locale_transfer`
Applying migration `202609280012_locale_merge`
Applying migration `202609280013_ai_dispatch_ledger`
Applying migration `202609280014_ai_business`
Applying migration `202609280015_ai_operations`
Applying migration `202609290001_ai_connections`
Applying migration `202609290002_media_documents_video`
Applying migration `202609290003_project_parties`
Applying migration `202609290004_project_party_export_fields`
Applying migration `202609290005_media_erased_limits`
Applying migration `202609300001_talent_experience_pr01b`
Applying migration `202610010001_talent_auth_principals`
Applying migration `202610010002_talent_auth_key_binding`
Applying migration `202610010003_talent_maintenance`
Applying migration `202610010004_talent_basis_rebuild`
Applying migration `202610010005_talent_maintenance_permissions`
Applying migration `202610010006_talent_submission_ownership`
Applying migration `202610010007_media_ownership`
Applying migration `202610010008_media_collections`

The following migration(s) have been applied:

migrations/
  └─ 202609220001_initial/
    └─ migration.sql
  └─ 202609230001_source_history/
    └─ migration.sql
  └─ 202609230002_record_handoffs/
    └─ migration.sql
  └─ 202609230003_private_images/
    └─ migration.sql
  └─ 202609240001_works_projects/
    └─ migration.sql
  └─ 202609240002_search_shortlists/
    └─ migration.sql
  └─ 202609240003_shortlist_asset_unlink/
    └─ migration.sql
  └─ 202609240004_search_facts_sql/
    └─ migration.sql
  └─ 202609240005_dictionary_search_namespaces/
    └─ migration.sql
  └─ 202609240006_export_dependencies/
    └─ migration.sql
  └─ 202609240007_export_payload_json_null/
    └─ migration.sql
  └─ 202609240008_deletion_impact_preview/
    └─ migration.sql
  └─ 202609240009_deletion_blocking/
    └─ migration.sql
  └─ 202609240010_deletion_retention_plan/
    └─ migration.sql
  └─ 202609240011_deletion_cleanup_execution/
    └─ migration.sql
  └─ 202609240012_cleanup_null_guards/
    └─ migration.sql
  └─ 202609250001_deletion_finalization_states/
    └─ migration.sql
  └─ 202609250002_person_merge_foundation/
    └─ migration.sql
  └─ 202609250003_person_merge_integrity/
    └─ migration.sql
  └─ 202609260001_recovery_runs/
    └─ migration.sql
  └─ 202609260002_recovery_inspection/
    └─ migration.sql
  └─ 202609260003_recovery_report_guards/
    └─ migration.sql
  └─ 202609260004_recovery_approval_evidence/
    └─ migration.sql
  └─ 202609260005_recovery_approval_media_guard/
    └─ migration.sql
  └─ 202609260006_recovery_backup_media_identity/
    └─ migration.sql
  └─ 202609260007_recovery_delta_resolution/
    └─ migration.sql
  └─ 202609270001_talent_domain_v2/
    └─ migration.sql
  └─ 202609270002_talent_merge_history/
    └─ migration.sql
  └─ 202609270003_talent_transfer/
    └─ migration.sql
  └─ 202609270004_capability_transfer/
    └─ migration.sql
  └─ 202609270005_external_ref_transfer/
    └─ migration.sql
  └─ 202609270006_representation_transfer/
    └─ migration.sql
  └─ 202609270007_field_evidence_transfer/
    └─ migration.sql
  └─ 202609270008_credential_transfer/
    └─ migration.sql
  └─ 202609280001_credential_media_transfer/
    └─ migration.sql
  └─ 202609280002_collection_transfer/
    └─ migration.sql
  └─ 202609280003_adult_eligibility_transfer/
    └─ migration.sql
  └─ 202609280004_identity_evidence_transfer/
    └─ migration.sql
  └─ 202609280005_merge_history_transfer/
    └─ migration.sql
  └─ 202609280006_candidate_review_lineage/
    └─ migration.sql
  └─ 202609280007_identity_retention_permission/
    └─ migration.sql
  └─ 202609280008_merge_history_erasure/
    └─ migration.sql
  └─ 202609280009_internal_locale_texts/
    └─ migration.sql
  └─ 202609280010_locale_dependency_identity/
    └─ migration.sql
  └─ 202609280011_locale_transfer/
    └─ migration.sql
  └─ 202609280012_locale_merge/
    └─ migration.sql
  └─ 202609280013_ai_dispatch_ledger/
    └─ migration.sql
  └─ 202609280014_ai_business/
    └─ migration.sql
  └─ 202609280015_ai_operations/
    └─ migration.sql
  └─ 202609290001_ai_connections/
    └─ migration.sql
  └─ 202609290002_media_documents_video/
    └─ migration.sql
  └─ 202609290003_project_parties/
    └─ migration.sql
  └─ 202609290004_project_party_export_fields/
    └─ migration.sql
  └─ 202609290005_media_erased_limits/
    └─ migration.sql
  └─ 202609300001_talent_experience_pr01b/
    └─ migration.sql
  └─ 202610010001_talent_auth_principals/
    └─ migration.sql
  └─ 202610010002_talent_auth_key_binding/
    └─ migration.sql
  └─ 202610010003_talent_maintenance/
    └─ migration.sql
  └─ 202610010004_talent_basis_rebuild/
    └─ migration.sql
  └─ 202610010005_talent_maintenance_permissions/
    └─ migration.sql
  └─ 202610010006_talent_submission_ownership/
    └─ migration.sql
  └─ 202610010007_media_ownership/
    └─ migration.sql
  └─ 202610010008_media_collections/
    └─ migration.sql
      
All migrations have been successfully applied.
TAP version 13
# {"checks":["directed-recipient-mismatch-denied","pending-claim-no-person-access","claim-replay-after-invitation-consumption","read-account-header-and-grant-person-ownership","draft-owner-read-write-isolation","server-draft-cas-and-submitted-immutable","dependency-group-atomic-rejection","same-person-adoption-source-provider-reviewer-and-minimal-receipt","consent-revocation-immediately-hides-self-fields","consent-revocation-new-old-directory-and-counts","enroll-reservation-business-deduplication","enroll-approval-person-grant-quota-atomic","concurrent-last-enroll-slot-one-reservation","expired-admission-retains-owned-draft-no-new-submit-after-relogin","postgres-real-audit-failure-rolls-back-source-evidence-adoption-and-receipt","approved-original-key-replays-new-key-same-or-different-decision-closed","partially_approved-original-key-replays-new-key-same-or-different-decision-closed","rejected-original-key-replays-new-key-same-or-different-decision-closed","review-replay-bound-to-principal-and-request-digest-no-extra-success-audit","self-submission-source-rejects-text-payload-including-empty-independent-source-allowed","rejected-followup-to-approved-enroll-keeps-existing-claim-and-grant","enroll-total-rejection-atomic-claim-decision-provenance-and-reservation-release","enroll-rejection-audit-failure-rolls-back-claim-quota-submission-and-receipt","enroll-rejection-without-optional-basis-records-linked-internal-decision","postgres-active-self-unique","postgres-quota-check","postgres-grant-person-fk","postgres-grant-claim-account-compound-fk","postgres-submission-consent-grant-account-compound-fk","postgres-submitted-item-immutable-trigger","postgres-attribution-submission-account-compound-fk","rejected-enroll-draft-and-decision-excluded-from-business-export","postgres-json-rebuild-keeps-purpose-and-original-attribution-without-auth-grants","postgres-physical-backup-all-nine-entities-and-real-recovery-prepare","physical-recovery-retains-rejected-enroll-decision-without-reopening-reservation","partial-independent-items-ignore-unrelated-person-revision","fork-only-unapplied-items","save-retains-original-field-baseline-and-stale-review-needs-rebase","unknown-age-no-self-grant-without-adult-declaration","known-minor-cannot-bypass-with-adult-checkbox","guardian-independent-proof-required","actual-person-merge-closes-grant-without-transferring-account","actual-person-deletion-clears-server-submission-mirrors"]}
# Subtest: tests/postgres/talent-maintenance.test.ts
ok 1 - tests/postgres/talent-maintenance.test.ts
  ---
  duration_ms: 6289.216208
  type: 'test'
  ...
1..1
# tests 1
# suites 0
# pass 1
# fail 0
# cancelled 0
# skipped 0
# todo 0
# duration_ms 6293.496791
Prisma schema loaded from prisma/schema.prisma
Datasource "db": PostgreSQL database "once_test_auth_pr03cf_final", schema "public" at "127.0.0.1:56531"

63 migrations found in prisma/migrations

Applying migration `202609220001_initial`
Applying migration `202609230001_source_history`
Applying migration `202609230002_record_handoffs`
Applying migration `202609230003_private_images`
Applying migration `202609240001_works_projects`
Applying migration `202609240002_search_shortlists`
Applying migration `202609240003_shortlist_asset_unlink`
Applying migration `202609240004_search_facts_sql`
Applying migration `202609240005_dictionary_search_namespaces`
Applying migration `202609240006_export_dependencies`
Applying migration `202609240007_export_payload_json_null`
Applying migration `202609240008_deletion_impact_preview`
Applying migration `202609240009_deletion_blocking`
Applying migration `202609240010_deletion_retention_plan`
Applying migration `202609240011_deletion_cleanup_execution`
Applying migration `202609240012_cleanup_null_guards`
Applying migration `202609250001_deletion_finalization_states`
Applying migration `202609250002_person_merge_foundation`
Applying migration `202609250003_person_merge_integrity`
Applying migration `202609260001_recovery_runs`
Applying migration `202609260002_recovery_inspection`
Applying migration `202609260003_recovery_report_guards`
Applying migration `202609260004_recovery_approval_evidence`
Applying migration `202609260005_recovery_approval_media_guard`
Applying migration `202609260006_recovery_backup_media_identity`
Applying migration `202609260007_recovery_delta_resolution`
Applying migration `202609270001_talent_domain_v2`
Applying migration `202609270002_talent_merge_history`
Applying migration `202609270003_talent_transfer`
Applying migration `202609270004_capability_transfer`
Applying migration `202609270005_external_ref_transfer`
Applying migration `202609270006_representation_transfer`
Applying migration `202609270007_field_evidence_transfer`
Applying migration `202609270008_credential_transfer`
Applying migration `202609280001_credential_media_transfer`
Applying migration `202609280002_collection_transfer`
Applying migration `202609280003_adult_eligibility_transfer`
Applying migration `202609280004_identity_evidence_transfer`
Applying migration `202609280005_merge_history_transfer`
Applying migration `202609280006_candidate_review_lineage`
Applying migration `202609280007_identity_retention_permission`
Applying migration `202609280008_merge_history_erasure`
Applying migration `202609280009_internal_locale_texts`
Applying migration `202609280010_locale_dependency_identity`
Applying migration `202609280011_locale_transfer`
Applying migration `202609280012_locale_merge`
Applying migration `202609280013_ai_dispatch_ledger`
Applying migration `202609280014_ai_business`
Applying migration `202609280015_ai_operations`
Applying migration `202609290001_ai_connections`
Applying migration `202609290002_media_documents_video`
Applying migration `202609290003_project_parties`
Applying migration `202609290004_project_party_export_fields`
Applying migration `202609290005_media_erased_limits`
Applying migration `202609300001_talent_experience_pr01b`
Applying migration `202610010001_talent_auth_principals`
Applying migration `202610010002_talent_auth_key_binding`
Applying migration `202610010003_talent_maintenance`
Applying migration `202610010004_talent_basis_rebuild`
Applying migration `202610010005_talent_maintenance_permissions`
Applying migration `202610010006_talent_submission_ownership`
Applying migration `202610010007_media_ownership`
Applying migration `202610010008_media_collections`

The following migration(s) have been applied:

migrations/
  └─ 202609220001_initial/
    └─ migration.sql
  └─ 202609230001_source_history/
    └─ migration.sql
  └─ 202609230002_record_handoffs/
    └─ migration.sql
  └─ 202609230003_private_images/
    └─ migration.sql
  └─ 202609240001_works_projects/
    └─ migration.sql
  └─ 202609240002_search_shortlists/
    └─ migration.sql
  └─ 202609240003_shortlist_asset_unlink/
    └─ migration.sql
  └─ 202609240004_search_facts_sql/
    └─ migration.sql
  └─ 202609240005_dictionary_search_namespaces/
    └─ migration.sql
  └─ 202609240006_export_dependencies/
    └─ migration.sql
  └─ 202609240007_export_payload_json_null/
    └─ migration.sql
  └─ 202609240008_deletion_impact_preview/
    └─ migration.sql
  └─ 202609240009_deletion_blocking/
    └─ migration.sql
  └─ 202609240010_deletion_retention_plan/
    └─ migration.sql
  └─ 202609240011_deletion_cleanup_execution/
    └─ migration.sql
  └─ 202609240012_cleanup_null_guards/
    └─ migration.sql
  └─ 202609250001_deletion_finalization_states/
    └─ migration.sql
  └─ 202609250002_person_merge_foundation/
    └─ migration.sql
  └─ 202609250003_person_merge_integrity/
    └─ migration.sql
  └─ 202609260001_recovery_runs/
    └─ migration.sql
  └─ 202609260002_recovery_inspection/
    └─ migration.sql
  └─ 202609260003_recovery_report_guards/
    └─ migration.sql
  └─ 202609260004_recovery_approval_evidence/
    └─ migration.sql
  └─ 202609260005_recovery_approval_media_guard/
    └─ migration.sql
  └─ 202609260006_recovery_backup_media_identity/
    └─ migration.sql
  └─ 202609260007_recovery_delta_resolution/
    └─ migration.sql
  └─ 202609270001_talent_domain_v2/
    └─ migration.sql
  └─ 202609270002_talent_merge_history/
    └─ migration.sql
  └─ 202609270003_talent_transfer/
    └─ migration.sql
  └─ 202609270004_capability_transfer/
    └─ migration.sql
  └─ 202609270005_external_ref_transfer/
    └─ migration.sql
  └─ 202609270006_representation_transfer/
    └─ migration.sql
  └─ 202609270007_field_evidence_transfer/
    └─ migration.sql
  └─ 202609270008_credential_transfer/
    └─ migration.sql
  └─ 202609280001_credential_media_transfer/
    └─ migration.sql
  └─ 202609280002_collection_transfer/
    └─ migration.sql
  └─ 202609280003_adult_eligibility_transfer/
    └─ migration.sql
  └─ 202609280004_identity_evidence_transfer/
    └─ migration.sql
  └─ 202609280005_merge_history_transfer/
    └─ migration.sql
  └─ 202609280006_candidate_review_lineage/
    └─ migration.sql
  └─ 202609280007_identity_retention_permission/
    └─ migration.sql
  └─ 202609280008_merge_history_erasure/
    └─ migration.sql
  └─ 202609280009_internal_locale_texts/
    └─ migration.sql
  └─ 202609280010_locale_dependency_identity/
    └─ migration.sql
  └─ 202609280011_locale_transfer/
    └─ migration.sql
  └─ 202609280012_locale_merge/
    └─ migration.sql
  └─ 202609280013_ai_dispatch_ledger/
    └─ migration.sql
  └─ 202609280014_ai_business/
    └─ migration.sql
  └─ 202609280015_ai_operations/
    └─ migration.sql
  └─ 202609290001_ai_connections/
    └─ migration.sql
  └─ 202609290002_media_documents_video/
    └─ migration.sql
  └─ 202609290003_project_parties/
    └─ migration.sql
  └─ 202609290004_project_party_export_fields/
    └─ migration.sql
  └─ 202609290005_media_erased_limits/
    └─ migration.sql
  └─ 202609300001_talent_experience_pr01b/
    └─ migration.sql
  └─ 202610010001_talent_auth_principals/
    └─ migration.sql
  └─ 202610010002_talent_auth_key_binding/
    └─ migration.sql
  └─ 202610010003_talent_maintenance/
    └─ migration.sql
  └─ 202610010004_talent_basis_rebuild/
    └─ migration.sql
  └─ 202610010005_talent_maintenance_permissions/
    └─ migration.sql
  └─ 202610010006_talent_submission_ownership/
    └─ migration.sql
  └─ 202610010007_media_ownership/
    └─ migration.sql
  └─ 202610010008_media_collections/
    └─ migration.sql
      
All migrations have been successfully applied.
TAP version 13
# Subtest: PR02a real PostgreSQL authentication, principal FK/XOR, rollback and unique constraints
ok 1 - PR02a real PostgreSQL authentication, principal FK/XOR, rollback and unique constraints
  ---
  duration_ms: 1650.521125
  type: 'test'
  ...
1..1
# tests 1
# suites 0
# pass 1
# fail 0
# cancelled 0
# skipped 0
# todo 0
# duration_ms 1850.385333
TAP version 13
# Subtest: PR02a populated migration 55 preserves internal/machine receipts and system attribution
ok 1 - PR02a populated migration 55 preserves internal/machine receipts and system attribution
  ---
  duration_ms: 2064.98325
  type: 'test'
  ...
1..1
# tests 1
# suites 0
# pass 1
# fail 0
# cancelled 0
# skipped 0
# todo 0
# duration_ms 2291.923709
Prisma schema loaded from prisma/schema.prisma
Datasource "db": PostgreSQL database "once_rebuild_pr03cf_final", schema "public" at "127.0.0.1:56531"

63 migrations found in prisma/migrations

Applying migration `202609220001_initial`
Applying migration `202609230001_source_history`
Applying migration `202609230002_record_handoffs`
Applying migration `202609230003_private_images`
Applying migration `202609240001_works_projects`
Applying migration `202609240002_search_shortlists`
Applying migration `202609240003_shortlist_asset_unlink`
Applying migration `202609240004_search_facts_sql`
Applying migration `202609240005_dictionary_search_namespaces`
Applying migration `202609240006_export_dependencies`
Applying migration `202609240007_export_payload_json_null`
Applying migration `202609240008_deletion_impact_preview`
Applying migration `202609240009_deletion_blocking`
Applying migration `202609240010_deletion_retention_plan`
Applying migration `202609240011_deletion_cleanup_execution`
Applying migration `202609240012_cleanup_null_guards`
Applying migration `202609250001_deletion_finalization_states`
Applying migration `202609250002_person_merge_foundation`
Applying migration `202609250003_person_merge_integrity`
Applying migration `202609260001_recovery_runs`
Applying migration `202609260002_recovery_inspection`
Applying migration `202609260003_recovery_report_guards`
Applying migration `202609260004_recovery_approval_evidence`
Applying migration `202609260005_recovery_approval_media_guard`
Applying migration `202609260006_recovery_backup_media_identity`
Applying migration `202609260007_recovery_delta_resolution`
Applying migration `202609270001_talent_domain_v2`
Applying migration `202609270002_talent_merge_history`
Applying migration `202609270003_talent_transfer`
Applying migration `202609270004_capability_transfer`
Applying migration `202609270005_external_ref_transfer`
Applying migration `202609270006_representation_transfer`
Applying migration `202609270007_field_evidence_transfer`
Applying migration `202609270008_credential_transfer`
Applying migration `202609280001_credential_media_transfer`
Applying migration `202609280002_collection_transfer`
Applying migration `202609280003_adult_eligibility_transfer`
Applying migration `202609280004_identity_evidence_transfer`
Applying migration `202609280005_merge_history_transfer`
Applying migration `202609280006_candidate_review_lineage`
Applying migration `202609280007_identity_retention_permission`
Applying migration `202609280008_merge_history_erasure`
Applying migration `202609280009_internal_locale_texts`
Applying migration `202609280010_locale_dependency_identity`
Applying migration `202609280011_locale_transfer`
Applying migration `202609280012_locale_merge`
Applying migration `202609280013_ai_dispatch_ledger`
Applying migration `202609280014_ai_business`
Applying migration `202609280015_ai_operations`
Applying migration `202609290001_ai_connections`
Applying migration `202609290002_media_documents_video`
Applying migration `202609290003_project_parties`
Applying migration `202609290004_project_party_export_fields`
Applying migration `202609290005_media_erased_limits`
Applying migration `202609300001_talent_experience_pr01b`
Applying migration `202610010001_talent_auth_principals`
Applying migration `202610010002_talent_auth_key_binding`
Applying migration `202610010003_talent_maintenance`
Applying migration `202610010004_talent_basis_rebuild`
Applying migration `202610010005_talent_maintenance_permissions`
Applying migration `202610010006_talent_submission_ownership`
Applying migration `202610010007_media_ownership`
Applying migration `202610010008_media_collections`

The following migration(s) have been applied:

migrations/
  └─ 202609220001_initial/
    └─ migration.sql
  └─ 202609230001_source_history/
    └─ migration.sql
  └─ 202609230002_record_handoffs/
    └─ migration.sql
  └─ 202609230003_private_images/
    └─ migration.sql
  └─ 202609240001_works_projects/
    └─ migration.sql
  └─ 202609240002_search_shortlists/
    └─ migration.sql
  └─ 202609240003_shortlist_asset_unlink/
    └─ migration.sql
  └─ 202609240004_search_facts_sql/
    └─ migration.sql
  └─ 202609240005_dictionary_search_namespaces/
    └─ migration.sql
  └─ 202609240006_export_dependencies/
    └─ migration.sql
  └─ 202609240007_export_payload_json_null/
    └─ migration.sql
  └─ 202609240008_deletion_impact_preview/
    └─ migration.sql
  └─ 202609240009_deletion_blocking/
    └─ migration.sql
  └─ 202609240010_deletion_retention_plan/
    └─ migration.sql
  └─ 202609240011_deletion_cleanup_execution/
    └─ migration.sql
  └─ 202609240012_cleanup_null_guards/
    └─ migration.sql
  └─ 202609250001_deletion_finalization_states/
    └─ migration.sql
  └─ 202609250002_person_merge_foundation/
    └─ migration.sql
  └─ 202609250003_person_merge_integrity/
    └─ migration.sql
  └─ 202609260001_recovery_runs/
    └─ migration.sql
  └─ 202609260002_recovery_inspection/
    └─ migration.sql
  └─ 202609260003_recovery_report_guards/
    └─ migration.sql
  └─ 202609260004_recovery_approval_evidence/
    └─ migration.sql
  └─ 202609260005_recovery_approval_media_guard/
    └─ migration.sql
  └─ 202609260006_recovery_backup_media_identity/
    └─ migration.sql
  └─ 202609260007_recovery_delta_resolution/
    └─ migration.sql
  └─ 202609270001_talent_domain_v2/
    └─ migration.sql
  └─ 202609270002_talent_merge_history/
    └─ migration.sql
  └─ 202609270003_talent_transfer/
    └─ migration.sql
  └─ 202609270004_capability_transfer/
    └─ migration.sql
  └─ 202609270005_external_ref_transfer/
    └─ migration.sql
  └─ 202609270006_representation_transfer/
    └─ migration.sql
  └─ 202609270007_field_evidence_transfer/
    └─ migration.sql
  └─ 202609270008_credential_transfer/
    └─ migration.sql
  └─ 202609280001_credential_media_transfer/
    └─ migration.sql
  └─ 202609280002_collection_transfer/
    └─ migration.sql
  └─ 202609280003_adult_eligibility_transfer/
    └─ migration.sql
  └─ 202609280004_identity_evidence_transfer/
    └─ migration.sql
  └─ 202609280005_merge_history_transfer/
    └─ migration.sql
  └─ 202609280006_candidate_review_lineage/
    └─ migration.sql
  └─ 202609280007_identity_retention_permission/
    └─ migration.sql
  └─ 202609280008_merge_history_erasure/
    └─ migration.sql
  └─ 202609280009_internal_locale_texts/
    └─ migration.sql
  └─ 202609280010_locale_dependency_identity/
    └─ migration.sql
  └─ 202609280011_locale_transfer/
    └─ migration.sql
  └─ 202609280012_locale_merge/
    └─ migration.sql
  └─ 202609280013_ai_dispatch_ledger/
    └─ migration.sql
  └─ 202609280014_ai_business/
    └─ migration.sql
  └─ 202609280015_ai_operations/
    └─ migration.sql
  └─ 202609290001_ai_connections/
    └─ migration.sql
  └─ 202609290002_media_documents_video/
    └─ migration.sql
  └─ 202609290003_project_parties/
    └─ migration.sql
  └─ 202609290004_project_party_export_fields/
    └─ migration.sql
  └─ 202609290005_media_erased_limits/
    └─ migration.sql
  └─ 202609300001_talent_experience_pr01b/
    └─ migration.sql
  └─ 202610010001_talent_auth_principals/
    └─ migration.sql
  └─ 202610010002_talent_auth_key_binding/
    └─ migration.sql
  └─ 202610010003_talent_maintenance/
    └─ migration.sql
  └─ 202610010004_talent_basis_rebuild/
    └─ migration.sql
  └─ 202610010005_talent_maintenance_permissions/
    └─ migration.sql
  └─ 202610010006_talent_submission_ownership/
    └─ migration.sql
  └─ 202610010007_media_ownership/
    └─ migration.sql
  └─ 202610010008_media_collections/
    └─ migration.sql
      
All migrations have been successfully applied.
TAP version 13
# Subtest: DEV-07H T29 real once-export-v1 -> PostgreSQL rollback -> CLI rebuild 10/3/1 graph
ok 1 - DEV-07H T29 real once-export-v1 -> PostgreSQL rollback -> CLI rebuild 10/3/1 graph
  ---
  duration_ms: 2348.381625
  type: 'test'
  ...
1..1
# tests 1
# suites 0
# pass 1
# fail 0
# cancelled 0
# skipped 0
# todo 0
# duration_ms 2558.620667
Prisma schema loaded from prisma/schema.prisma
Datasource "db": PostgreSQL database "once_restore_pr03cf_final", schema "public" at "127.0.0.1:56531"

63 migrations found in prisma/migrations

Applying migration `202609220001_initial`
Applying migration `202609230001_source_history`
Applying migration `202609230002_record_handoffs`
Applying migration `202609230003_private_images`
Applying migration `202609240001_works_projects`
Applying migration `202609240002_search_shortlists`
Applying migration `202609240003_shortlist_asset_unlink`
Applying migration `202609240004_search_facts_sql`
Applying migration `202609240005_dictionary_search_namespaces`
Applying migration `202609240006_export_dependencies`
Applying migration `202609240007_export_payload_json_null`
Applying migration `202609240008_deletion_impact_preview`
Applying migration `202609240009_deletion_blocking`
Applying migration `202609240010_deletion_retention_plan`
Applying migration `202609240011_deletion_cleanup_execution`
Applying migration `202609240012_cleanup_null_guards`
Applying migration `202609250001_deletion_finalization_states`
Applying migration `202609250002_person_merge_foundation`
Applying migration `202609250003_person_merge_integrity`
Applying migration `202609260001_recovery_runs`
Applying migration `202609260002_recovery_inspection`
Applying migration `202609260003_recovery_report_guards`
Applying migration `202609260004_recovery_approval_evidence`
Applying migration `202609260005_recovery_approval_media_guard`
Applying migration `202609260006_recovery_backup_media_identity`
Applying migration `202609260007_recovery_delta_resolution`
Applying migration `202609270001_talent_domain_v2`
Applying migration `202609270002_talent_merge_history`
Applying migration `202609270003_talent_transfer`
Applying migration `202609270004_capability_transfer`
Applying migration `202609270005_external_ref_transfer`
Applying migration `202609270006_representation_transfer`
Applying migration `202609270007_field_evidence_transfer`
Applying migration `202609270008_credential_transfer`
Applying migration `202609280001_credential_media_transfer`
Applying migration `202609280002_collection_transfer`
Applying migration `202609280003_adult_eligibility_transfer`
Applying migration `202609280004_identity_evidence_transfer`
Applying migration `202609280005_merge_history_transfer`
Applying migration `202609280006_candidate_review_lineage`
Applying migration `202609280007_identity_retention_permission`
Applying migration `202609280008_merge_history_erasure`
Applying migration `202609280009_internal_locale_texts`
Applying migration `202609280010_locale_dependency_identity`
Applying migration `202609280011_locale_transfer`
Applying migration `202609280012_locale_merge`
Applying migration `202609280013_ai_dispatch_ledger`
Applying migration `202609280014_ai_business`
Applying migration `202609280015_ai_operations`
Applying migration `202609290001_ai_connections`
Applying migration `202609290002_media_documents_video`
Applying migration `202609290003_project_parties`
Applying migration `202609290004_project_party_export_fields`
Applying migration `202609290005_media_erased_limits`
Applying migration `202609300001_talent_experience_pr01b`
Applying migration `202610010001_talent_auth_principals`
Applying migration `202610010002_talent_auth_key_binding`
Applying migration `202610010003_talent_maintenance`
Applying migration `202610010004_talent_basis_rebuild`
Applying migration `202610010005_talent_maintenance_permissions`
Applying migration `202610010006_talent_submission_ownership`
Applying migration `202610010007_media_ownership`
Applying migration `202610010008_media_collections`

The following migration(s) have been applied:

migrations/
  └─ 202609220001_initial/
    └─ migration.sql
  └─ 202609230001_source_history/
    └─ migration.sql
  └─ 202609230002_record_handoffs/
    └─ migration.sql
  └─ 202609230003_private_images/
    └─ migration.sql
  └─ 202609240001_works_projects/
    └─ migration.sql
  └─ 202609240002_search_shortlists/
    └─ migration.sql
  └─ 202609240003_shortlist_asset_unlink/
    └─ migration.sql
  └─ 202609240004_search_facts_sql/
    └─ migration.sql
  └─ 202609240005_dictionary_search_namespaces/
    └─ migration.sql
  └─ 202609240006_export_dependencies/
    └─ migration.sql
  └─ 202609240007_export_payload_json_null/
    └─ migration.sql
  └─ 202609240008_deletion_impact_preview/
    └─ migration.sql
  └─ 202609240009_deletion_blocking/
    └─ migration.sql
  └─ 202609240010_deletion_retention_plan/
    └─ migration.sql
  └─ 202609240011_deletion_cleanup_execution/
    └─ migration.sql
  └─ 202609240012_cleanup_null_guards/
    └─ migration.sql
  └─ 202609250001_deletion_finalization_states/
    └─ migration.sql
  └─ 202609250002_person_merge_foundation/
    └─ migration.sql
  └─ 202609250003_person_merge_integrity/
    └─ migration.sql
  └─ 202609260001_recovery_runs/
    └─ migration.sql
  └─ 202609260002_recovery_inspection/
    └─ migration.sql
  └─ 202609260003_recovery_report_guards/
    └─ migration.sql
  └─ 202609260004_recovery_approval_evidence/
    └─ migration.sql
  └─ 202609260005_recovery_approval_media_guard/
    └─ migration.sql
  └─ 202609260006_recovery_backup_media_identity/
    └─ migration.sql
  └─ 202609260007_recovery_delta_resolution/
    └─ migration.sql
  └─ 202609270001_talent_domain_v2/
    └─ migration.sql
  └─ 202609270002_talent_merge_history/
    └─ migration.sql
  └─ 202609270003_talent_transfer/
    └─ migration.sql
  └─ 202609270004_capability_transfer/
    └─ migration.sql
  └─ 202609270005_external_ref_transfer/
    └─ migration.sql
  └─ 202609270006_representation_transfer/
    └─ migration.sql
  └─ 202609270007_field_evidence_transfer/
    └─ migration.sql
  └─ 202609270008_credential_transfer/
    └─ migration.sql
  └─ 202609280001_credential_media_transfer/
    └─ migration.sql
  └─ 202609280002_collection_transfer/
    └─ migration.sql
  └─ 202609280003_adult_eligibility_transfer/
    └─ migration.sql
  └─ 202609280004_identity_evidence_transfer/
    └─ migration.sql
  └─ 202609280005_merge_history_transfer/
    └─ migration.sql
  └─ 202609280006_candidate_review_lineage/
    └─ migration.sql
  └─ 202609280007_identity_retention_permission/
    └─ migration.sql
  └─ 202609280008_merge_history_erasure/
    └─ migration.sql
  └─ 202609280009_internal_locale_texts/
    └─ migration.sql
  └─ 202609280010_locale_dependency_identity/
    └─ migration.sql
  └─ 202609280011_locale_transfer/
    └─ migration.sql
  └─ 202609280012_locale_merge/
    └─ migration.sql
  └─ 202609280013_ai_dispatch_ledger/
    └─ migration.sql
  └─ 202609280014_ai_business/
    └─ migration.sql
  └─ 202609280015_ai_operations/
    └─ migration.sql
  └─ 202609290001_ai_connections/
    └─ migration.sql
  └─ 202609290002_media_documents_video/
    └─ migration.sql
  └─ 202609290003_project_parties/
    └─ migration.sql
  └─ 202609290004_project_party_export_fields/
    └─ migration.sql
  └─ 202609290005_media_erased_limits/
    └─ migration.sql
  └─ 202609300001_talent_experience_pr01b/
    └─ migration.sql
  └─ 202610010001_talent_auth_principals/
    └─ migration.sql
  └─ 202610010002_talent_auth_key_binding/
    └─ migration.sql
  └─ 202610010003_talent_maintenance/
    └─ migration.sql
  └─ 202610010004_talent_basis_rebuild/
    └─ migration.sql
  └─ 202610010005_talent_maintenance_permissions/
    └─ migration.sql
  └─ 202610010006_talent_submission_ownership/
    └─ migration.sql
  └─ 202610010007_media_ownership/
    └─ migration.sql
  └─ 202610010008_media_collections/
    └─ migration.sql
      
All migrations have been successfully applied.
TAP version 13
# PASS DEV-09A/09B recovery PG/CLI: old capabilities invalidated; DB/contact/media restore-check clean; tampered media, wrong key and state drift blocked; epoch remains unapproved
# Subtest: DEV-09A restored PostgreSQL is quarantined before any recovery epoch approval
ok 1 - DEV-09A restored PostgreSQL is quarantined before any recovery epoch approval
  ---
  duration_ms: 4324.602333
  type: 'test'
  ...
1..1
# tests 1
# suites 0
# pass 1
# fail 0
# cancelled 0
# skipped 0
# todo 0
# duration_ms 4522.540209
Prisma schema loaded from prisma/schema.prisma
Datasource "db": PostgreSQL database "once_backup_pr03cf_final", schema "public" at "127.0.0.1:56531"

63 migrations found in prisma/migrations

Applying migration `202609220001_initial`
Applying migration `202609230001_source_history`
Applying migration `202609230002_record_handoffs`
Applying migration `202609230003_private_images`
Applying migration `202609240001_works_projects`
Applying migration `202609240002_search_shortlists`
Applying migration `202609240003_shortlist_asset_unlink`
Applying migration `202609240004_search_facts_sql`
Applying migration `202609240005_dictionary_search_namespaces`
Applying migration `202609240006_export_dependencies`
Applying migration `202609240007_export_payload_json_null`
Applying migration `202609240008_deletion_impact_preview`
Applying migration `202609240009_deletion_blocking`
Applying migration `202609240010_deletion_retention_plan`
Applying migration `202609240011_deletion_cleanup_execution`
Applying migration `202609240012_cleanup_null_guards`
Applying migration `202609250001_deletion_finalization_states`
Applying migration `202609250002_person_merge_foundation`
Applying migration `202609250003_person_merge_integrity`
Applying migration `202609260001_recovery_runs`
Applying migration `202609260002_recovery_inspection`
Applying migration `202609260003_recovery_report_guards`
Applying migration `202609260004_recovery_approval_evidence`
Applying migration `202609260005_recovery_approval_media_guard`
Applying migration `202609260006_recovery_backup_media_identity`
Applying migration `202609260007_recovery_delta_resolution`
Applying migration `202609270001_talent_domain_v2`
Applying migration `202609270002_talent_merge_history`
Applying migration `202609270003_talent_transfer`
Applying migration `202609270004_capability_transfer`
Applying migration `202609270005_external_ref_transfer`
Applying migration `202609270006_representation_transfer`
Applying migration `202609270007_field_evidence_transfer`
Applying migration `202609270008_credential_transfer`
Applying migration `202609280001_credential_media_transfer`
Applying migration `202609280002_collection_transfer`
Applying migration `202609280003_adult_eligibility_transfer`
Applying migration `202609280004_identity_evidence_transfer`
Applying migration `202609280005_merge_history_transfer`
Applying migration `202609280006_candidate_review_lineage`
Applying migration `202609280007_identity_retention_permission`
Applying migration `202609280008_merge_history_erasure`
Applying migration `202609280009_internal_locale_texts`
Applying migration `202609280010_locale_dependency_identity`
Applying migration `202609280011_locale_transfer`
Applying migration `202609280012_locale_merge`
Applying migration `202609280013_ai_dispatch_ledger`
Applying migration `202609280014_ai_business`
Applying migration `202609280015_ai_operations`
Applying migration `202609290001_ai_connections`
Applying migration `202609290002_media_documents_video`
Applying migration `202609290003_project_parties`
Applying migration `202609290004_project_party_export_fields`
Applying migration `202609290005_media_erased_limits`
Applying migration `202609300001_talent_experience_pr01b`
Applying migration `202610010001_talent_auth_principals`
Applying migration `202610010002_talent_auth_key_binding`
Applying migration `202610010003_talent_maintenance`
Applying migration `202610010004_talent_basis_rebuild`
Applying migration `202610010005_talent_maintenance_permissions`
Applying migration `202610010006_talent_submission_ownership`
Applying migration `202610010007_media_ownership`
Applying migration `202610010008_media_collections`

The following migration(s) have been applied:

migrations/
  └─ 202609220001_initial/
    └─ migration.sql
  └─ 202609230001_source_history/
    └─ migration.sql
  └─ 202609230002_record_handoffs/
    └─ migration.sql
  └─ 202609230003_private_images/
    └─ migration.sql
  └─ 202609240001_works_projects/
    └─ migration.sql
  └─ 202609240002_search_shortlists/
    └─ migration.sql
  └─ 202609240003_shortlist_asset_unlink/
    └─ migration.sql
  └─ 202609240004_search_facts_sql/
    └─ migration.sql
  └─ 202609240005_dictionary_search_namespaces/
    └─ migration.sql
  └─ 202609240006_export_dependencies/
    └─ migration.sql
  └─ 202609240007_export_payload_json_null/
    └─ migration.sql
  └─ 202609240008_deletion_impact_preview/
    └─ migration.sql
  └─ 202609240009_deletion_blocking/
    └─ migration.sql
  └─ 202609240010_deletion_retention_plan/
    └─ migration.sql
  └─ 202609240011_deletion_cleanup_execution/
    └─ migration.sql
  └─ 202609240012_cleanup_null_guards/
    └─ migration.sql
  └─ 202609250001_deletion_finalization_states/
    └─ migration.sql
  └─ 202609250002_person_merge_foundation/
    └─ migration.sql
  └─ 202609250003_person_merge_integrity/
    └─ migration.sql
  └─ 202609260001_recovery_runs/
    └─ migration.sql
  └─ 202609260002_recovery_inspection/
    └─ migration.sql
  └─ 202609260003_recovery_report_guards/
    └─ migration.sql
  └─ 202609260004_recovery_approval_evidence/
    └─ migration.sql
  └─ 202609260005_recovery_approval_media_guard/
    └─ migration.sql
  └─ 202609260006_recovery_backup_media_identity/
    └─ migration.sql
  └─ 202609260007_recovery_delta_resolution/
    └─ migration.sql
  └─ 202609270001_talent_domain_v2/
    └─ migration.sql
  └─ 202609270002_talent_merge_history/
    └─ migration.sql
  └─ 202609270003_talent_transfer/
    └─ migration.sql
  └─ 202609270004_capability_transfer/
    └─ migration.sql
  └─ 202609270005_external_ref_transfer/
    └─ migration.sql
  └─ 202609270006_representation_transfer/
    └─ migration.sql
  └─ 202609270007_field_evidence_transfer/
    └─ migration.sql
  └─ 202609270008_credential_transfer/
    └─ migration.sql
  └─ 202609280001_credential_media_transfer/
    └─ migration.sql
  └─ 202609280002_collection_transfer/
    └─ migration.sql
  └─ 202609280003_adult_eligibility_transfer/
    └─ migration.sql
  └─ 202609280004_identity_evidence_transfer/
    └─ migration.sql
  └─ 202609280005_merge_history_transfer/
    └─ migration.sql
  └─ 202609280006_candidate_review_lineage/
    └─ migration.sql
  └─ 202609280007_identity_retention_permission/
    └─ migration.sql
  └─ 202609280008_merge_history_erasure/
    └─ migration.sql
  └─ 202609280009_internal_locale_texts/
    └─ migration.sql
  └─ 202609280010_locale_dependency_identity/
    └─ migration.sql
  └─ 202609280011_locale_transfer/
    └─ migration.sql
  └─ 202609280012_locale_merge/
    └─ migration.sql
  └─ 202609280013_ai_dispatch_ledger/
    └─ migration.sql
  └─ 202609280014_ai_business/
    └─ migration.sql
  └─ 202609280015_ai_operations/
    └─ migration.sql
  └─ 202609290001_ai_connections/
    └─ migration.sql
  └─ 202609290002_media_documents_video/
    └─ migration.sql
  └─ 202609290003_project_parties/
    └─ migration.sql
  └─ 202609290004_project_party_export_fields/
    └─ migration.sql
  └─ 202609290005_media_erased_limits/
    └─ migration.sql
  └─ 202609300001_talent_experience_pr01b/
    └─ migration.sql
  └─ 202610010001_talent_auth_principals/
    └─ migration.sql
  └─ 202610010002_talent_auth_key_binding/
    └─ migration.sql
  └─ 202610010003_talent_maintenance/
    └─ migration.sql
  └─ 202610010004_talent_basis_rebuild/
    └─ migration.sql
  └─ 202610010005_talent_maintenance_permissions/
    └─ migration.sql
  └─ 202610010006_talent_submission_ownership/
    └─ migration.sql
  └─ 202610010007_media_ownership/
    └─ migration.sql
  └─ 202610010008_media_collections/
    └─ migration.sql
      
All migrations have been successfully applied.
TAP version 13
# Subtest: DEV-09E real backup/restore resolves contained deltas and blocks unresolved committed mutations
not ok 1 - DEV-09E real backup/restore resolves contained deltas and blocks unresolved committed mutations
  ---
  duration_ms: 1060.009458
  type: 'test'
  location: '/Users/dengwang/.codex/worktrees/talent-experience/once-production-os/tests/postgres/recovery-approval.test.ts:46:1'
  failureType: 'testCodeFailure'
  error: |-
    {"error":{"code":"REVISION_CONFLICT","message":"记录已被更新，请刷新后重新检查修改","requestId":"bbeae880-88df-4e47-9a08-c2ebed6e696e"}}
    
    409 !== 200
    
  code: 'ERR_ASSERTION'
  name: 'AssertionError'
  expected: 200
  actual: 409
  operator: 'strictEqual'
  stack: |-
    TestContext.<anonymous> (file:///Users/dengwang/.codex/worktrees/talent-experience/once-production-os/tests/postgres/recovery-approval.test.ts:149:16)
    async Test.run (node:internal/test_runner/test:1054:7)
    async startSubtestAfterBootstrap (node:internal/test_runner/harness:296:3)
  ...
1..1
# tests 1
# suites 0
# pass 0
# fail 1
# cancelled 0
# skipped 0
# todo 0
# duration_ms 1296.894375
 ELIFECYCLE  Command failed with exit code 1.
