
> once-production-os@0.1.0-dev.1 verify:postgres /Users/dengwang/.codex/worktrees/talent-experience/once-production-os
> node scripts/verify-postgres.mjs

TAP version 13
# Subtest: fresh disposable PostgreSQL: constraints, real transactions and independent workers
    # Subtest: two independent clients serialize the same command into one source/person/receipt
    ok 1 - two independent clients serialize the same command into one source/person/receipt
      ---
      duration_ms: 119.841917
      type: 'test'
      ...
    # Subtest: actual PostgreSQL person-update rollback (atomic command coverage follows below)
    ok 2 - actual PostgreSQL person-update rollback (atomic command coverage follows below)
      ---
      duration_ms: 4.450916
      type: 'test'
      ...
    # Subtest: database itself rejects cross-workspace scope membership
    ok 3 - database itself rejects cross-workspace scope membership
      ---
      duration_ms: 9.507708
      type: 'test'
      ...
    # Subtest: two stale CAS writes cannot both succeed
    ok 4 - two stale CAS writes cannot both succeed
      ---
      duration_ms: 59.05025
      type: 'test'
      ...
    # Subtest: two workers claim once; expired owner cannot modify replacement lease
    ok 5 - two workers claim once; expired owner cannot modify replacement lease
      ---
      duration_ms: 87.088042
      type: 'test'
      ...
    # Subtest: real command rollback after sourceHistory insert, plus same-key successful retry
    ok 6 - real command rollback after sourceHistory insert, plus same-key successful retry
      ---
      duration_ms: 42.571333
      type: 'test'
      ...
    # Subtest: real command rollback after people insert, plus same-key successful retry
    ok 7 - real command rollback after people insert, plus same-key successful retry
      ---
      duration_ms: 42.887292
      type: 'test'
      ...
    # Subtest: real command rollback after audits insert, plus same-key successful retry
    ok 8 - real command rollback after audits insert, plus same-key successful retry
      ---
      duration_ms: 38.894375
      type: 'test'
      ...
    # Subtest: real command rollback after receipts insert, plus same-key successful retry
    ok 9 - real command rollback after receipts insert, plus same-key successful retry
      ---
      duration_ms: 36.555208
      type: 'test'
      ...
    # Subtest: new source-history SQL constraints reject duplicate revision, cross-scope FK, UPDATE and DELETE
    ok 10 - new source-history SQL constraints reject duplicate revision, cross-scope FK, UPDATE and DELETE
      ---
      duration_ms: 5.1155
      type: 'test'
      ...
    # Subtest: PG partial import resume retains checkpoints, idempotency and two-worker ownership
    ok 11 - PG partial import resume retains checkpoints, idempotency and two-worker ownership
      ---
      duration_ms: 114.292458
      type: 'test'
      ...
# {"metric":"PG-preview","people":100,"rows":100,"queries":33,"elapsedMs":28.820584000000053}
# {"metric":"PG-talent-search","people":100,"pageSize":20,"queries":20,"elapsedMs":14.855749999999944}
# {"metric":"PG-preview","people":1000,"rows":100,"queries":33,"elapsedMs":46.9212500000001}
# {"metric":"PG-talent-search","people":1000,"pageSize":20,"queries":20,"elapsedMs":19.644333000000188}
    # Subtest: PG query count stays bounded for 100/1000 people across preview and structured talent search
    ok 12 - PG query count stays bounded for 100/1000 people across preview and structured talent search
      ---
      duration_ms: 226.675583
      type: 'test'
      ...
    # Subtest: H1 PG private basic-profile grant and native evidence separation
    ok 13 - H1 PG private basic-profile grant and native evidence separation
      ---
      duration_ms: 259.417084
      type: 'test'
      ...
    # Subtest: H1 PG atomic handoff creation rollback after handoffs
    ok 14 - H1 PG atomic handoff creation rollback after handoffs
      ---
      duration_ms: 84.921375
      type: 'test'
      ...
    # Subtest: H1 PG atomic handoff creation rollback after audits
    ok 15 - H1 PG atomic handoff creation rollback after audits
      ---
      duration_ms: 75.762833
      type: 'test'
      ...
    # Subtest: H1 PG atomic handoff creation rollback after receipts
    ok 16 - H1 PG atomic handoff creation rollback after receipts
      ---
      duration_ms: 78.584208
      type: 'test'
      ...
    # Subtest: M1 PG same-key reservation, competing leases and unique asset from current attempt
    ok 17 - M1 PG same-key reservation, competing leases and unique asset from current attempt
      ---
      duration_ms: 297.136
      type: 'test'
      ...
    # Subtest: M1 PG READY publication rollback after assets
    ok 18 - M1 PG READY publication rollback after assets
      ---
      duration_ms: 365.394875
      type: 'test'
      ...
    # Subtest: M1 PG READY publication rollback after audits
    ok 19 - M1 PG READY publication rollback after audits
      ---
      duration_ms: 470.092625
      type: 'test'
      ...
    # Subtest: DEV-07G PG merge persists one decision/alias, replay is singular and old id resolves read-only
    ok 20 - DEV-07G PG merge persists one decision/alias, replay is singular and old id resolves read-only
      ---
      duration_ms: 517.251625
      type: 'test'
      ...
    # Subtest: WP1 PG identical create commands on independent clients make one root/source/receipt
    ok 21 - WP1 PG identical create commands on independent clients make one root/source/receipt
      ---
      duration_ms: 14.921292
      type: 'test'
      ...
    # Subtest: WP1 PG concurrent child writes require same-parent CAS; retry old key does not write twice
    ok 22 - WP1 PG concurrent child writes require same-parent CAS; retry old key does not write twice
      ---
      duration_ms: 84.228042
      type: 'test'
      ...
    # Subtest: WP1 PG swaps deferred positions and validates cover belongs to this work at commit
    ok 23 - WP1 PG swaps deferred positions and validates cover belongs to this work at commit
      ---
      duration_ms: 114.14525
      type: 'test'
      ...
    # Subtest: WP1 PG removal compacts order, changes cover, but preserves original media
    ok 24 - WP1 PG removal compacts order, changes cover, but preserves original media
      ---
      duration_ms: 262.516917
      type: 'test'
      ...
    # Subtest: WP1 PG relationship uniqueness, state checks and workspace FKs are enforced by PostgreSQL
    ok 25 - WP1 PG relationship uniqueness, state checks and workspace FKs are enforced by PostgreSQL
      ---
      duration_ms: 89.249292
      type: 'test'
      ...
    # Subtest: WP1 PG external work reference/delivery remains external; source loss redacts live children
    ok 26 - WP1 PG external work reference/delivery remains external; source loss redacts live children
      ---
      duration_ms: 106.759041
      type: 'test'
      ...
    # Subtest: WP1 PG link/cover/root/audit/receipt roll back after workAssets
    ok 27 - WP1 PG link/cover/root/audit/receipt roll back after workAssets
      ---
      duration_ms: 61.977625
      type: 'test'
      ...
    # Subtest: WP1 PG link/cover/root/audit/receipt roll back after audits
    ok 28 - WP1 PG link/cover/root/audit/receipt roll back after audits
      ---
      duration_ms: 70.94825
      type: 'test'
      ...
    # Subtest: WP1 PG link/cover/root/audit/receipt roll back after receipts
    ok 29 - WP1 PG link/cover/root/audit/receipt roll back after receipts
      ---
      duration_ms: 71.883459
      type: 'test'
      ...
    # Subtest: WP1 PG child insertion failure rolls back its parent revision: workCredits
    ok 30 - WP1 PG child insertion failure rolls back its parent revision: workCredits
      ---
      duration_ms: 97.132916
      type: 'test'
      ...
    # Subtest: WP1 PG child insertion failure rolls back its parent revision: projectParticipants
    ok 31 - WP1 PG child insertion failure rolls back its parent revision: projectParticipants
      ---
      duration_ms: 63.02075
      type: 'test'
      ...
    # Subtest: WP1 PG child insertion failure rolls back its parent revision: projectWorks
    ok 32 - WP1 PG child insertion failure rolls back its parent revision: projectWorks
      ---
      duration_ms: 28.938916
      type: 'test'
      ...
    # Subtest: DEV-06 PG work facts are constrained and power visible credited-work search
    ok 33 - DEV-06 PG work facts are constrained and power visible credited-work search
      ---
      duration_ms: 64.098292
      type: 'test'
      ...
    # Subtest: DEV-06 PG shortlist exact work-asset FK rejects cross-work selections
    ok 34 - DEV-06 PG shortlist exact work-asset FK rejects cross-work selections
      ---
      duration_ms: 363.197625
      type: 'test'
      ...
    # Subtest: DEV-06 PG unlinking a work image removes only derived shortlist selection and preserves media/item
    ok 35 - DEV-06 PG unlinking a work image removes only derived shortlist selection and preserves media/item
      ---
      duration_ms: 531.060958
      type: 'test'
      ...
    # Subtest: DEV-06 PG concurrent shortlist mutations serialize on root CAS
    ok 36 - DEV-06 PG concurrent shortlist mutations serialize on root CAS
      ---
      duration_ms: 102.307917
      type: 'test'
      ...
    # Subtest: DEV-06 PG candidate command rolls back after shortlistItems
    ok 37 - DEV-06 PG candidate command rolls back after shortlistItems
      ---
      duration_ms: 356.47975
      type: 'test'
      ...
    # Subtest: DEV-06 PG candidate command rolls back after shortlistItemAssets
    ok 38 - DEV-06 PG candidate command rolls back after shortlistItemAssets
      ---
      duration_ms: 430.314417
      type: 'test'
      ...
    # Subtest: DEV-06 PG candidate command rolls back after audits
    ok 39 - DEV-06 PG candidate command rolls back after audits
      ---
      duration_ms: 423.199833
      type: 'test'
      ...
    # Subtest: DEV-06 PG candidate command rolls back after receipts
    ok 40 - DEV-06 PG candidate command rolls back after receipts
      ---
      duration_ms: 383.721
      type: 'test'
      ...
    # Subtest: DEV-07A PG typed export permissions reject wrong-source subjects and unregistered fields
    ok 41 - DEV-07A PG typed export permissions reject wrong-source subjects and unregistered fields
      ---
      duration_ms: 12.464625
      type: 'test'
      ...
    # Subtest: DEV-07A PG export freezes exact dependency and worker produces private JSON payload
    ok 42 - DEV-07A PG export freezes exact dependency and worker produces private JSON payload
      ---
      duration_ms: 163.529625
      type: 'test'
      ...
    # Subtest: DEV-07A PG export create rolls back after exports
    ok 43 - DEV-07A PG export create rolls back after exports
      ---
      duration_ms: 147.237875
      type: 'test'
      ...
    # Subtest: DEV-07A PG export create rolls back after exportDependencies
    ok 44 - DEV-07A PG export create rolls back after exportDependencies
      ---
      duration_ms: 201.554042
      type: 'test'
      ...
    # Subtest: DEV-07A PG export create rolls back after audits
    ok 45 - DEV-07A PG export create rolls back after audits
      ---
      duration_ms: 156.085208
      type: 'test'
      ...
    # Subtest: DEV-07A PG export create rolls back after receipts
    ok 46 - DEV-07A PG export create rolls back after receipts
      ---
      duration_ms: 136.785583
      type: 'test'
      ...
    # Subtest: DEV-07B PG deletion target/source shape and unresolved-count constraints are enforced by DB
    ok 47 - DEV-07B PG deletion target/source shape and unresolved-count constraints are enforced by DB
      ---
      duration_ms: 13.10575
      type: 'test'
      ...
    # Subtest: DEV-07B PG preview freezes exact visible impacts without blocking the target
    ok 48 - DEV-07B PG preview freezes exact visible impacts without blocking the target
      ---
      duration_ms: 251.902
      type: 'test'
      ...
    # Subtest: DEV-07B PG draft deletion create rolls back after deletionRequests
    ok 49 - DEV-07B PG draft deletion create rolls back after deletionRequests
      ---
      duration_ms: 282.78975
      type: 'test'
      ...
    # Subtest: DEV-07B PG draft deletion create rolls back after deletionItems
    ok 50 - DEV-07B PG draft deletion create rolls back after deletionItems
      ---
      duration_ms: 282.845375
      type: 'test'
      ...
    # Subtest: DEV-07B PG draft deletion create rolls back after audits
    ok 51 - DEV-07B PG draft deletion create rolls back after audits
      ---
      duration_ms: 246.049792
      type: 'test'
      ...
    # Subtest: DEV-07B PG draft deletion create rolls back after receipts
    ok 52 - DEV-07B PG draft deletion create rolls back after receipts
      ---
      duration_ms: 256.430458
      type: 'test'
      ...
    # Subtest: DEV-07C PG person block raises protection epoch, hides normal reads/search and preserves row
    ok 53 - DEV-07C PG person block raises protection epoch, hides normal reads/search and preserves row
      ---
      duration_ms: 159.635667
      type: 'test'
      ...
    # Subtest: DEV-07C PG source block raises protection epoch and appends protected DELETION_BLOCKED history
    ok 54 - DEV-07C PG source block raises protection epoch and appends protected DELETION_BLOCKED history
      ---
      duration_ms: 195.943834
      type: 'test'
      ...
    # Subtest: DEV-07C PG source block rolls back after sourceHistory
    ok 55 - DEV-07C PG source block rolls back after sourceHistory
      ---
      duration_ms: 190.504292
      type: 'test'
      ...
    # Subtest: DEV-07C PG source block rolls back after audits
    ok 56 - DEV-07C PG source block rolls back after audits
      ---
      duration_ms: 198.557416
      type: 'test'
      ...
    # Subtest: DEV-07C PG source block rolls back after receipts
    ok 57 - DEV-07C PG source block rolls back after receipts
      ---
      duration_ms: 186.099958
      type: 'test'
      ...
    # Subtest: DEV-07D PG review decisions freeze a plan without cleaning underlying rows
    ok 58 - DEV-07D PG review decisions freeze a plan without cleaning underlying rows
      ---
      duration_ms: 287.886583
      type: 'test'
      ...
    # Subtest: DEV-07D PG invalid retention decision shapes are rejected by DB
    ok 59 - DEV-07D PG invalid retention decision shapes are rejected by DB
      ---
      duration_ms: 3.38175
      type: 'test'
      ...
    # Subtest: DEV-07D PG decision and freeze rollback with audit/receipt failures
    ok 60 - DEV-07D PG decision and freeze rollback with audit/receipt failures
      ---
      duration_ms: 358.916042
      type: 'test'
      ...
    # Subtest: DEV-07E PG executes frozen dependency cleanup and keeps blocked root
    ok 61 - DEV-07E PG executes frozen dependency cleanup and keeps blocked root
      ---
      duration_ms: 1349.679584
      type: 'test'
      ...
    # Subtest: DEV-07E PG cleanup item delete rolls back when audit insert fails, then retries safely
    ok 62 - DEV-07E PG cleanup item delete rolls back when audit insert fails, then retries safely
      ---
      duration_ms: 321.694333
      type: 'test'
      ...
    # Subtest: DEV-07E PG cleanup state constraints reject forged completion evidence
    ok 63 - DEV-07E PG cleanup state constraints reject forged completion evidence
      ---
      duration_ms: 3.25425
      type: 'test'
      ...
    # Subtest: DEV-07F PG source finalization redacts history and writes strict ERASED root
    ok 64 - DEV-07F PG source finalization redacts history and writes strict ERASED root
      ---
      duration_ms: 340.326083
      type: 'test'
      ...
    # Subtest: DEV-07F PG erased/final states cannot be forged without strict tombstone evidence
    ok 65 - DEV-07F PG erased/final states cannot be forged without strict tombstone evidence
      ---
      duration_ms: 259.379292
      type: 'test'
      ...
    # Subtest: DEV-07F PG finalization audit failure rolls back root tombstone and final state, then retries safely
    ok 66 - DEV-07F PG finalization audit failure rolls back root tombstone and final state, then retries safely
      ---
      duration_ms: 354.905417
      type: 'test'
      ...
    1..66
ok 1 - fresh disposable PostgreSQL: constraints, real transactions and independent workers
  ---
  duration_ms: 13946.317708
  type: 'test'
  ...
1..1
# tests 67
# suites 0
# pass 67
# fail 0
# cancelled 0
# skipped 0
# todo 0
# duration_ms 14180.701208
Prisma schema loaded from prisma/schema.prisma
Datasource "db": PostgreSQL database "once_test_collection_base_pr03cf_full2", schema "public" at "127.0.0.1:56531"

63 migrations found in prisma/migrations

Applying migration `202609220001_initial`
Applying migration `202609230001_source_history`
Applying migration `202609230002_record_handoffs`
Applying migration `202609230003_private_images`
Applying migration `202609240001_works_projects`
Applying migration `202609240002_search_shortlists`
Applying migration `202609240003_shortlist_asset_unlink`
Applying migration `202609240004_search_facts_sql`
Applying migration `202609240005_dictionary_search_namespaces`
Applying migration `202609240006_export_dependencies`
Applying migration `202609240007_export_payload_json_null`
Applying migration `202609240008_deletion_impact_preview`
Applying migration `202609240009_deletion_blocking`
Applying migration `202609240010_deletion_retention_plan`
Applying migration `202609240011_deletion_cleanup_execution`
Applying migration `202609240012_cleanup_null_guards`
Applying migration `202609250001_deletion_finalization_states`
Applying migration `202609250002_person_merge_foundation`
Applying migration `202609250003_person_merge_integrity`
Applying migration `202609260001_recovery_runs`
Applying migration `202609260002_recovery_inspection`
Applying migration `202609260003_recovery_report_guards`
Applying migration `202609260004_recovery_approval_evidence`
Applying migration `202609260005_recovery_approval_media_guard`
Applying migration `202609260006_recovery_backup_media_identity`
Applying migration `202609260007_recovery_delta_resolution`
Applying migration `202609270001_talent_domain_v2`
Applying migration `202609270002_talent_merge_history`
Applying migration `202609270003_talent_transfer`
Applying migration `202609270004_capability_transfer`
Applying migration `202609270005_external_ref_transfer`
Applying migration `202609270006_representation_transfer`
Applying migration `202609270007_field_evidence_transfer`
Applying migration `202609270008_credential_transfer`
Applying migration `202609280001_credential_media_transfer`
Applying migration `202609280002_collection_transfer`
Applying migration `202609280003_adult_eligibility_transfer`
Applying migration `202609280004_identity_evidence_transfer`
Applying migration `202609280005_merge_history_transfer`
Applying migration `202609280006_candidate_review_lineage`
Applying migration `202609280007_identity_retention_permission`
Applying migration `202609280008_merge_history_erasure`
Applying migration `202609280009_internal_locale_texts`
Applying migration `202609280010_locale_dependency_identity`
Applying migration `202609280011_locale_transfer`
Applying migration `202609280012_locale_merge`
Applying migration `202609280013_ai_dispatch_ledger`
Applying migration `202609280014_ai_business`
Applying migration `202609280015_ai_operations`
Applying migration `202609290001_ai_connections`
Applying migration `202609290002_media_documents_video`
Applying migration `202609290003_project_parties`
Applying migration `202609290004_project_party_export_fields`
Applying migration `202609290005_media_erased_limits`
Applying migration `202609300001_talent_experience_pr01b`
Applying migration `202610010001_talent_auth_principals`
Applying migration `202610010002_talent_auth_key_binding`
Applying migration `202610010003_talent_maintenance`
Applying migration `202610010004_talent_basis_rebuild`
Applying migration `202610010005_talent_maintenance_permissions`
Applying migration `202610010006_talent_submission_ownership`
Applying migration `202610010007_media_ownership`
Applying migration `202610010008_media_collections`

The following migration(s) have been applied:

migrations/
  └─ 202609220001_initial/
    └─ migration.sql
  └─ 202609230001_source_history/
    └─ migration.sql
  └─ 202609230002_record_handoffs/
    └─ migration.sql
  └─ 202609230003_private_images/
    └─ migration.sql
  └─ 202609240001_works_projects/
    └─ migration.sql
  └─ 202609240002_search_shortlists/
    └─ migration.sql
  └─ 202609240003_shortlist_asset_unlink/
    └─ migration.sql
  └─ 202609240004_search_facts_sql/
    └─ migration.sql
  └─ 202609240005_dictionary_search_namespaces/
    └─ migration.sql
  └─ 202609240006_export_dependencies/
    └─ migration.sql
  └─ 202609240007_export_payload_json_null/
    └─ migration.sql
  └─ 202609240008_deletion_impact_preview/
    └─ migration.sql
  └─ 202609240009_deletion_blocking/
    └─ migration.sql
  └─ 202609240010_deletion_retention_plan/
    └─ migration.sql
  └─ 202609240011_deletion_cleanup_execution/
    └─ migration.sql
  └─ 202609240012_cleanup_null_guards/
    └─ migration.sql
  └─ 202609250001_deletion_finalization_states/
    └─ migration.sql
  └─ 202609250002_person_merge_foundation/
    └─ migration.sql
  └─ 202609250003_person_merge_integrity/
    └─ migration.sql
  └─ 202609260001_recovery_runs/
    └─ migration.sql
  └─ 202609260002_recovery_inspection/
    └─ migration.sql
  └─ 202609260003_recovery_report_guards/
    └─ migration.sql
  └─ 202609260004_recovery_approval_evidence/
    └─ migration.sql
  └─ 202609260005_recovery_approval_media_guard/
    └─ migration.sql
  └─ 202609260006_recovery_backup_media_identity/
    └─ migration.sql
  └─ 202609260007_recovery_delta_resolution/
    └─ migration.sql
  └─ 202609270001_talent_domain_v2/
    └─ migration.sql
  └─ 202609270002_talent_merge_history/
    └─ migration.sql
  └─ 202609270003_talent_transfer/
    └─ migration.sql
  └─ 202609270004_capability_transfer/
    └─ migration.sql
  └─ 202609270005_external_ref_transfer/
    └─ migration.sql
  └─ 202609270006_representation_transfer/
    └─ migration.sql
  └─ 202609270007_field_evidence_transfer/
    └─ migration.sql
  └─ 202609270008_credential_transfer/
    └─ migration.sql
  └─ 202609280001_credential_media_transfer/
    └─ migration.sql
  └─ 202609280002_collection_transfer/
    └─ migration.sql
  └─ 202609280003_adult_eligibility_transfer/
    └─ migration.sql
  └─ 202609280004_identity_evidence_transfer/
    └─ migration.sql
  └─ 202609280005_merge_history_transfer/
    └─ migration.sql
  └─ 202609280006_candidate_review_lineage/
    └─ migration.sql
  └─ 202609280007_identity_retention_permission/
    └─ migration.sql
  └─ 202609280008_merge_history_erasure/
    └─ migration.sql
  └─ 202609280009_internal_locale_texts/
    └─ migration.sql
  └─ 202609280010_locale_dependency_identity/
    └─ migration.sql
  └─ 202609280011_locale_transfer/
    └─ migration.sql
  └─ 202609280012_locale_merge/
    └─ migration.sql
  └─ 202609280013_ai_dispatch_ledger/
    └─ migration.sql
  └─ 202609280014_ai_business/
    └─ migration.sql
  └─ 202609280015_ai_operations/
    └─ migration.sql
  └─ 202609290001_ai_connections/
    └─ migration.sql
  └─ 202609290002_media_documents_video/
    └─ migration.sql
  └─ 202609290003_project_parties/
    └─ migration.sql
  └─ 202609290004_project_party_export_fields/
    └─ migration.sql
  └─ 202609290005_media_erased_limits/
    └─ migration.sql
  └─ 202609300001_talent_experience_pr01b/
    └─ migration.sql
  └─ 202610010001_talent_auth_principals/
    └─ migration.sql
  └─ 202610010002_talent_auth_key_binding/
    └─ migration.sql
  └─ 202610010003_talent_maintenance/
    └─ migration.sql
  └─ 202610010004_talent_basis_rebuild/
    └─ migration.sql
  └─ 202610010005_talent_maintenance_permissions/
    └─ migration.sql
  └─ 202610010006_talent_submission_ownership/
    └─ migration.sql
  └─ 202610010007_media_ownership/
    └─ migration.sql
  └─ 202610010008_media_collections/
    └─ migration.sql
      
All migrations have been successfully applied.
TAP version 13
# {"checks":["ready-staged-cannot-enter-formal-collection","typed-staged-collection-draft-saved","server-draft-order-cover-tags-roundtrip","duplicate-asset-and-foreign-cover-rejected","submitted-collection-frozen","collection-cannot-adopt-without-staged-dependencies","audit-failure-rolls-back-adoption-and-collection","review-atomic-and-same-key-replayed","formal-same-assets-order-cover-tags","formal-self-read-and-cross-account-denied","cross-submission-adopted-reference-no-file-copy-one-current-version","collection-cover-never-mutates-person-cover","remove-link-clears-cover-without-retiring-original","pg-cover-fk","pg-one-current-version","pg-unique-asset-and-order","pg-same-person-fk"]}
# Subtest: tests/postgres/media-collections.test.ts
ok 1 - tests/postgres/media-collections.test.ts
  ---
  duration_ms: 1623.182375
  type: 'test'
  ...
1..1
# tests 1
# suites 0
# pass 1
# fail 0
# cancelled 0
# skipped 0
# todo 0
# duration_ms 1627.742459
Prisma schema loaded from prisma/schema.prisma
Datasource "db": PostgreSQL database "once_test_collection_security_pr03cf_full2", schema "public" at "127.0.0.1:56531"

63 migrations found in prisma/migrations

Applying migration `202609220001_initial`
Applying migration `202609230001_source_history`
Applying migration `202609230002_record_handoffs`
Applying migration `202609230003_private_images`
Applying migration `202609240001_works_projects`
Applying migration `202609240002_search_shortlists`
Applying migration `202609240003_shortlist_asset_unlink`
Applying migration `202609240004_search_facts_sql`
Applying migration `202609240005_dictionary_search_namespaces`
Applying migration `202609240006_export_dependencies`
Applying migration `202609240007_export_payload_json_null`
Applying migration `202609240008_deletion_impact_preview`
Applying migration `202609240009_deletion_blocking`
Applying migration `202609240010_deletion_retention_plan`
Applying migration `202609240011_deletion_cleanup_execution`
Applying migration `202609240012_cleanup_null_guards`
Applying migration `202609250001_deletion_finalization_states`
Applying migration `202609250002_person_merge_foundation`
Applying migration `202609250003_person_merge_integrity`
Applying migration `202609260001_recovery_runs`
Applying migration `202609260002_recovery_inspection`
Applying migration `202609260003_recovery_report_guards`
Applying migration `202609260004_recovery_approval_evidence`
Applying migration `202609260005_recovery_approval_media_guard`
Applying migration `202609260006_recovery_backup_media_identity`
Applying migration `202609260007_recovery_delta_resolution`
Applying migration `202609270001_talent_domain_v2`
Applying migration `202609270002_talent_merge_history`
Applying migration `202609270003_talent_transfer`
Applying migration `202609270004_capability_transfer`
Applying migration `202609270005_external_ref_transfer`
Applying migration `202609270006_representation_transfer`
Applying migration `202609270007_field_evidence_transfer`
Applying migration `202609270008_credential_transfer`
Applying migration `202609280001_credential_media_transfer`
Applying migration `202609280002_collection_transfer`
Applying migration `202609280003_adult_eligibility_transfer`
Applying migration `202609280004_identity_evidence_transfer`
Applying migration `202609280005_merge_history_transfer`
Applying migration `202609280006_candidate_review_lineage`
Applying migration `202609280007_identity_retention_permission`
Applying migration `202609280008_merge_history_erasure`
Applying migration `202609280009_internal_locale_texts`
Applying migration `202609280010_locale_dependency_identity`
Applying migration `202609280011_locale_transfer`
Applying migration `202609280012_locale_merge`
Applying migration `202609280013_ai_dispatch_ledger`
Applying migration `202609280014_ai_business`
Applying migration `202609280015_ai_operations`
Applying migration `202609290001_ai_connections`
Applying migration `202609290002_media_documents_video`
Applying migration `202609290003_project_parties`
Applying migration `202609290004_project_party_export_fields`
Applying migration `202609290005_media_erased_limits`
Applying migration `202609300001_talent_experience_pr01b`
Applying migration `202610010001_talent_auth_principals`
Applying migration `202610010002_talent_auth_key_binding`
Applying migration `202610010003_talent_maintenance`
Applying migration `202610010004_talent_basis_rebuild`
Applying migration `202610010005_talent_maintenance_permissions`
Applying migration `202610010006_talent_submission_ownership`
Applying migration `202610010007_media_ownership`
Applying migration `202610010008_media_collections`

The following migration(s) have been applied:

migrations/
  └─ 202609220001_initial/
    └─ migration.sql
  └─ 202609230001_source_history/
    └─ migration.sql
  └─ 202609230002_record_handoffs/
    └─ migration.sql
  └─ 202609230003_private_images/
    └─ migration.sql
  └─ 202609240001_works_projects/
    └─ migration.sql
  └─ 202609240002_search_shortlists/
    └─ migration.sql
  └─ 202609240003_shortlist_asset_unlink/
    └─ migration.sql
  └─ 202609240004_search_facts_sql/
    └─ migration.sql
  └─ 202609240005_dictionary_search_namespaces/
    └─ migration.sql
  └─ 202609240006_export_dependencies/
    └─ migration.sql
  └─ 202609240007_export_payload_json_null/
    └─ migration.sql
  └─ 202609240008_deletion_impact_preview/
    └─ migration.sql
  └─ 202609240009_deletion_blocking/
    └─ migration.sql
  └─ 202609240010_deletion_retention_plan/
    └─ migration.sql
  └─ 202609240011_deletion_cleanup_execution/
    └─ migration.sql
  └─ 202609240012_cleanup_null_guards/
    └─ migration.sql
  └─ 202609250001_deletion_finalization_states/
    └─ migration.sql
  └─ 202609250002_person_merge_foundation/
    └─ migration.sql
  └─ 202609250003_person_merge_integrity/
    └─ migration.sql
  └─ 202609260001_recovery_runs/
    └─ migration.sql
  └─ 202609260002_recovery_inspection/
    └─ migration.sql
  └─ 202609260003_recovery_report_guards/
    └─ migration.sql
  └─ 202609260004_recovery_approval_evidence/
    └─ migration.sql
  └─ 202609260005_recovery_approval_media_guard/
    └─ migration.sql
  └─ 202609260006_recovery_backup_media_identity/
    └─ migration.sql
  └─ 202609260007_recovery_delta_resolution/
    └─ migration.sql
  └─ 202609270001_talent_domain_v2/
    └─ migration.sql
  └─ 202609270002_talent_merge_history/
    └─ migration.sql
  └─ 202609270003_talent_transfer/
    └─ migration.sql
  └─ 202609270004_capability_transfer/
    └─ migration.sql
  └─ 202609270005_external_ref_transfer/
    └─ migration.sql
  └─ 202609270006_representation_transfer/
    └─ migration.sql
  └─ 202609270007_field_evidence_transfer/
    └─ migration.sql
  └─ 202609270008_credential_transfer/
    └─ migration.sql
  └─ 202609280001_credential_media_transfer/
    └─ migration.sql
  └─ 202609280002_collection_transfer/
    └─ migration.sql
  └─ 202609280003_adult_eligibility_transfer/
    └─ migration.sql
  └─ 202609280004_identity_evidence_transfer/
    └─ migration.sql
  └─ 202609280005_merge_history_transfer/
    └─ migration.sql
  └─ 202609280006_candidate_review_lineage/
    └─ migration.sql
  └─ 202609280007_identity_retention_permission/
    └─ migration.sql
  └─ 202609280008_merge_history_erasure/
    └─ migration.sql
  └─ 202609280009_internal_locale_texts/
    └─ migration.sql
  └─ 202609280010_locale_dependency_identity/
    └─ migration.sql
  └─ 202609280011_locale_transfer/
    └─ migration.sql
  └─ 202609280012_locale_merge/
    └─ migration.sql
  └─ 202609280013_ai_dispatch_ledger/
    └─ migration.sql
  └─ 202609280014_ai_business/
    └─ migration.sql
  └─ 202609280015_ai_operations/
    └─ migration.sql
  └─ 202609290001_ai_connections/
    └─ migration.sql
  └─ 202609290002_media_documents_video/
    └─ migration.sql
  └─ 202609290003_project_parties/
    └─ migration.sql
  └─ 202609290004_project_party_export_fields/
    └─ migration.sql
  └─ 202609290005_media_erased_limits/
    └─ migration.sql
  └─ 202609300001_talent_experience_pr01b/
    └─ migration.sql
  └─ 202610010001_talent_auth_principals/
    └─ migration.sql
  └─ 202610010002_talent_auth_key_binding/
    └─ migration.sql
  └─ 202610010003_talent_maintenance/
    └─ migration.sql
  └─ 202610010004_talent_basis_rebuild/
    └─ migration.sql
  └─ 202610010005_talent_maintenance_permissions/
    └─ migration.sql
  └─ 202610010006_talent_submission_ownership/
    └─ migration.sql
  └─ 202610010007_media_ownership/
    └─ migration.sql
  └─ 202610010008_media_collections/
    └─ migration.sql
      
All migrations have been successfully applied.
TAP version 13
# {"checks":["ready-staged-cannot-enter-formal-collection","typed-staged-collection-draft-saved","server-draft-order-cover-tags-roundtrip","duplicate-asset-and-foreign-cover-rejected","submitted-collection-frozen","collection-cannot-adopt-without-staged-dependencies","audit-failure-rolls-back-adoption-and-collection","review-atomic-and-same-key-replayed","formal-same-assets-order-cover-tags","formal-self-read-and-cross-account-denied","cross-submission-adopted-reference-no-file-copy-one-current-version","collection-cover-never-mutates-person-cover","remove-link-clears-cover-without-retiring-original","internal-collection-formal-person-source-authority","image-in-showreel-rejected","duplicate-tag-rejected","unknown-tag-code-rejected","foreign-person-formal-asset-rejected","role-specific-asset-cannot-be-borrowed-by-person-general-collection","quarantined-media-rejected","retired-media-rejected","media-consent-required-even-existing-reference","concurrent-same-key-single-order-command","concurrent-new-keys-cas-conflict-no-duplicate-order","withdraw-item-source-filters-items-cover-without-deleting-independent-collection","collection-own-source-suspension-disables-whole-collection","revoked-grant-blocks-formal-gallery-and-original"]}
# Subtest: tests/postgres/media-collections.test.ts
ok 1 - tests/postgres/media-collections.test.ts
  ---
  duration_ms: 2446.669458
  type: 'test'
  ...
1..1
# tests 1
# suites 0
# pass 1
# fail 0
# cancelled 0
# skipped 0
# todo 0
# duration_ms 2454.257
Prisma schema loaded from prisma/schema.prisma
Datasource "db": PostgreSQL database "once_test_collection_enroll_pr03cf_full2", schema "public" at "127.0.0.1:56531"

63 migrations found in prisma/migrations

Applying migration `202609220001_initial`
Applying migration `202609230001_source_history`
Applying migration `202609230002_record_handoffs`
Applying migration `202609230003_private_images`
Applying migration `202609240001_works_projects`
Applying migration `202609240002_search_shortlists`
Applying migration `202609240003_shortlist_asset_unlink`
Applying migration `202609240004_search_facts_sql`
Applying migration `202609240005_dictionary_search_namespaces`
Applying migration `202609240006_export_dependencies`
Applying migration `202609240007_export_payload_json_null`
Applying migration `202609240008_deletion_impact_preview`
Applying migration `202609240009_deletion_blocking`
Applying migration `202609240010_deletion_retention_plan`
Applying migration `202609240011_deletion_cleanup_execution`
Applying migration `202609240012_cleanup_null_guards`
Applying migration `202609250001_deletion_finalization_states`
Applying migration `202609250002_person_merge_foundation`
Applying migration `202609250003_person_merge_integrity`
Applying migration `202609260001_recovery_runs`
Applying migration `202609260002_recovery_inspection`
Applying migration `202609260003_recovery_report_guards`
Applying migration `202609260004_recovery_approval_evidence`
Applying migration `202609260005_recovery_approval_media_guard`
Applying migration `202609260006_recovery_backup_media_identity`
Applying migration `202609260007_recovery_delta_resolution`
Applying migration `202609270001_talent_domain_v2`
Applying migration `202609270002_talent_merge_history`
Applying migration `202609270003_talent_transfer`
Applying migration `202609270004_capability_transfer`
Applying migration `202609270005_external_ref_transfer`
Applying migration `202609270006_representation_transfer`
Applying migration `202609270007_field_evidence_transfer`
Applying migration `202609270008_credential_transfer`
Applying migration `202609280001_credential_media_transfer`
Applying migration `202609280002_collection_transfer`
Applying migration `202609280003_adult_eligibility_transfer`
Applying migration `202609280004_identity_evidence_transfer`
Applying migration `202609280005_merge_history_transfer`
Applying migration `202609280006_candidate_review_lineage`
Applying migration `202609280007_identity_retention_permission`
Applying migration `202609280008_merge_history_erasure`
Applying migration `202609280009_internal_locale_texts`
Applying migration `202609280010_locale_dependency_identity`
Applying migration `202609280011_locale_transfer`
Applying migration `202609280012_locale_merge`
Applying migration `202609280013_ai_dispatch_ledger`
Applying migration `202609280014_ai_business`
Applying migration `202609280015_ai_operations`
Applying migration `202609290001_ai_connections`
Applying migration `202609290002_media_documents_video`
Applying migration `202609290003_project_parties`
Applying migration `202609290004_project_party_export_fields`
Applying migration `202609290005_media_erased_limits`
Applying migration `202609300001_talent_experience_pr01b`
Applying migration `202610010001_talent_auth_principals`
Applying migration `202610010002_talent_auth_key_binding`
Applying migration `202610010003_talent_maintenance`
Applying migration `202610010004_talent_basis_rebuild`
Applying migration `202610010005_talent_maintenance_permissions`
Applying migration `202610010006_talent_submission_ownership`
Applying migration `202610010007_media_ownership`
Applying migration `202610010008_media_collections`

The following migration(s) have been applied:

migrations/
  └─ 202609220001_initial/
    └─ migration.sql
  └─ 202609230001_source_history/
    └─ migration.sql
  └─ 202609230002_record_handoffs/
    └─ migration.sql
  └─ 202609230003_private_images/
    └─ migration.sql
  └─ 202609240001_works_projects/
    └─ migration.sql
  └─ 202609240002_search_shortlists/
    └─ migration.sql
  └─ 202609240003_shortlist_asset_unlink/
    └─ migration.sql
  └─ 202609240004_search_facts_sql/
    └─ migration.sql
  └─ 202609240005_dictionary_search_namespaces/
    └─ migration.sql
  └─ 202609240006_export_dependencies/
    └─ migration.sql
  └─ 202609240007_export_payload_json_null/
    └─ migration.sql
  └─ 202609240008_deletion_impact_preview/
    └─ migration.sql
  └─ 202609240009_deletion_blocking/
    └─ migration.sql
  └─ 202609240010_deletion_retention_plan/
    └─ migration.sql
  └─ 202609240011_deletion_cleanup_execution/
    └─ migration.sql
  └─ 202609240012_cleanup_null_guards/
    └─ migration.sql
  └─ 202609250001_deletion_finalization_states/
    └─ migration.sql
  └─ 202609250002_person_merge_foundation/
    └─ migration.sql
  └─ 202609250003_person_merge_integrity/
    └─ migration.sql
  └─ 202609260001_recovery_runs/
    └─ migration.sql
  └─ 202609260002_recovery_inspection/
    └─ migration.sql
  └─ 202609260003_recovery_report_guards/
    └─ migration.sql
  └─ 202609260004_recovery_approval_evidence/
    └─ migration.sql
  └─ 202609260005_recovery_approval_media_guard/
    └─ migration.sql
  └─ 202609260006_recovery_backup_media_identity/
    └─ migration.sql
  └─ 202609260007_recovery_delta_resolution/
    └─ migration.sql
  └─ 202609270001_talent_domain_v2/
    └─ migration.sql
  └─ 202609270002_talent_merge_history/
    └─ migration.sql
  └─ 202609270003_talent_transfer/
    └─ migration.sql
  └─ 202609270004_capability_transfer/
    └─ migration.sql
  └─ 202609270005_external_ref_transfer/
    └─ migration.sql
  └─ 202609270006_representation_transfer/
    └─ migration.sql
  └─ 202609270007_field_evidence_transfer/
    └─ migration.sql
  └─ 202609270008_credential_transfer/
    └─ migration.sql
  └─ 202609280001_credential_media_transfer/
    └─ migration.sql
  └─ 202609280002_collection_transfer/
    └─ migration.sql
  └─ 202609280003_adult_eligibility_transfer/
    └─ migration.sql
  └─ 202609280004_identity_evidence_transfer/
    └─ migration.sql
  └─ 202609280005_merge_history_transfer/
    └─ migration.sql
  └─ 202609280006_candidate_review_lineage/
    └─ migration.sql
  └─ 202609280007_identity_retention_permission/
    └─ migration.sql
  └─ 202609280008_merge_history_erasure/
    └─ migration.sql
  └─ 202609280009_internal_locale_texts/
    └─ migration.sql
  └─ 202609280010_locale_dependency_identity/
    └─ migration.sql
  └─ 202609280011_locale_transfer/
    └─ migration.sql
  └─ 202609280012_locale_merge/
    └─ migration.sql
  └─ 202609280013_ai_dispatch_ledger/
    └─ migration.sql
  └─ 202609280014_ai_business/
    └─ migration.sql
  └─ 202609280015_ai_operations/
    └─ migration.sql
  └─ 202609290001_ai_connections/
    └─ migration.sql
  └─ 202609290002_media_documents_video/
    └─ migration.sql
  └─ 202609290003_project_parties/
    └─ migration.sql
  └─ 202609290004_project_party_export_fields/
    └─ migration.sql
  └─ 202609290005_media_erased_limits/
    └─ migration.sql
  └─ 202609300001_talent_experience_pr01b/
    └─ migration.sql
  └─ 202610010001_talent_auth_principals/
    └─ migration.sql
  └─ 202610010002_talent_auth_key_binding/
    └─ migration.sql
  └─ 202610010003_talent_maintenance/
    └─ migration.sql
  └─ 202610010004_talent_basis_rebuild/
    └─ migration.sql
  └─ 202610010005_talent_maintenance_permissions/
    └─ migration.sql
  └─ 202610010006_talent_submission_ownership/
    └─ migration.sql
  └─ 202610010007_media_ownership/
    └─ migration.sql
  └─ 202610010008_media_collections/
    └─ migration.sql
      
All migrations have been successfully applied.
TAP version 13
# {"checks":["enroll-existing-reference-always-denied","enroll-collection-draft-no-fake-person","enroll-adoption-creates-person-grant-collection-in-one-transaction","person-deletion-blocks-collection-and-bytes-before-physical-cleanup"]}
# Subtest: tests/postgres/media-collections.test.ts
ok 1 - tests/postgres/media-collections.test.ts
  ---
  duration_ms: 1098.272666
  type: 'test'
  ...
1..1
# tests 1
# suites 0
# pass 1
# fail 0
# cancelled 0
# skipped 0
# todo 0
# duration_ms 1102.329
Prisma schema loaded from prisma/schema.prisma
Datasource "db": PostgreSQL database "once_test_collection_export_pr03cf_full2", schema "public" at "127.0.0.1:56531"

63 migrations found in prisma/migrations

Applying migration `202609220001_initial`
Applying migration `202609230001_source_history`
Applying migration `202609230002_record_handoffs`
Applying migration `202609230003_private_images`
Applying migration `202609240001_works_projects`
Applying migration `202609240002_search_shortlists`
Applying migration `202609240003_shortlist_asset_unlink`
Applying migration `202609240004_search_facts_sql`
Applying migration `202609240005_dictionary_search_namespaces`
Applying migration `202609240006_export_dependencies`
Applying migration `202609240007_export_payload_json_null`
Applying migration `202609240008_deletion_impact_preview`
Applying migration `202609240009_deletion_blocking`
Applying migration `202609240010_deletion_retention_plan`
Applying migration `202609240011_deletion_cleanup_execution`
Applying migration `202609240012_cleanup_null_guards`
Applying migration `202609250001_deletion_finalization_states`
Applying migration `202609250002_person_merge_foundation`
Applying migration `202609250003_person_merge_integrity`
Applying migration `202609260001_recovery_runs`
Applying migration `202609260002_recovery_inspection`
Applying migration `202609260003_recovery_report_guards`
Applying migration `202609260004_recovery_approval_evidence`
Applying migration `202609260005_recovery_approval_media_guard`
Applying migration `202609260006_recovery_backup_media_identity`
Applying migration `202609260007_recovery_delta_resolution`
Applying migration `202609270001_talent_domain_v2`
Applying migration `202609270002_talent_merge_history`
Applying migration `202609270003_talent_transfer`
Applying migration `202609270004_capability_transfer`
Applying migration `202609270005_external_ref_transfer`
Applying migration `202609270006_representation_transfer`
Applying migration `202609270007_field_evidence_transfer`
Applying migration `202609270008_credential_transfer`
Applying migration `202609280001_credential_media_transfer`
Applying migration `202609280002_collection_transfer`
Applying migration `202609280003_adult_eligibility_transfer`
Applying migration `202609280004_identity_evidence_transfer`
Applying migration `202609280005_merge_history_transfer`
Applying migration `202609280006_candidate_review_lineage`
Applying migration `202609280007_identity_retention_permission`
Applying migration `202609280008_merge_history_erasure`
Applying migration `202609280009_internal_locale_texts`
Applying migration `202609280010_locale_dependency_identity`
Applying migration `202609280011_locale_transfer`
Applying migration `202609280012_locale_merge`
Applying migration `202609280013_ai_dispatch_ledger`
Applying migration `202609280014_ai_business`
Applying migration `202609280015_ai_operations`
Applying migration `202609290001_ai_connections`
Applying migration `202609290002_media_documents_video`
Applying migration `202609290003_project_parties`
Applying migration `202609290004_project_party_export_fields`
Applying migration `202609290005_media_erased_limits`
Applying migration `202609300001_talent_experience_pr01b`
Applying migration `202610010001_talent_auth_principals`
Applying migration `202610010002_talent_auth_key_binding`
Applying migration `202610010003_talent_maintenance`
Applying migration `202610010004_talent_basis_rebuild`
Applying migration `202610010005_talent_maintenance_permissions`
Applying migration `202610010006_talent_submission_ownership`
Applying migration `202610010007_media_ownership`
Applying migration `202610010008_media_collections`

The following migration(s) have been applied:

migrations/
  └─ 202609220001_initial/
    └─ migration.sql
  └─ 202609230001_source_history/
    └─ migration.sql
  └─ 202609230002_record_handoffs/
    └─ migration.sql
  └─ 202609230003_private_images/
    └─ migration.sql
  └─ 202609240001_works_projects/
    └─ migration.sql
  └─ 202609240002_search_shortlists/
    └─ migration.sql
  └─ 202609240003_shortlist_asset_unlink/
    └─ migration.sql
  └─ 202609240004_search_facts_sql/
    └─ migration.sql
  └─ 202609240005_dictionary_search_namespaces/
    └─ migration.sql
  └─ 202609240006_export_dependencies/
    └─ migration.sql
  └─ 202609240007_export_payload_json_null/
    └─ migration.sql
  └─ 202609240008_deletion_impact_preview/
    └─ migration.sql
  └─ 202609240009_deletion_blocking/
    └─ migration.sql
  └─ 202609240010_deletion_retention_plan/
    └─ migration.sql
  └─ 202609240011_deletion_cleanup_execution/
    └─ migration.sql
  └─ 202609240012_cleanup_null_guards/
    └─ migration.sql
  └─ 202609250001_deletion_finalization_states/
    └─ migration.sql
  └─ 202609250002_person_merge_foundation/
    └─ migration.sql
  └─ 202609250003_person_merge_integrity/
    └─ migration.sql
  └─ 202609260001_recovery_runs/
    └─ migration.sql
  └─ 202609260002_recovery_inspection/
    └─ migration.sql
  └─ 202609260003_recovery_report_guards/
    └─ migration.sql
  └─ 202609260004_recovery_approval_evidence/
    └─ migration.sql
  └─ 202609260005_recovery_approval_media_guard/
    └─ migration.sql
  └─ 202609260006_recovery_backup_media_identity/
    └─ migration.sql
  └─ 202609260007_recovery_delta_resolution/
    └─ migration.sql
  └─ 202609270001_talent_domain_v2/
    └─ migration.sql
  └─ 202609270002_talent_merge_history/
    └─ migration.sql
  └─ 202609270003_talent_transfer/
    └─ migration.sql
  └─ 202609270004_capability_transfer/
    └─ migration.sql
  └─ 202609270005_external_ref_transfer/
    └─ migration.sql
  └─ 202609270006_representation_transfer/
    └─ migration.sql
  └─ 202609270007_field_evidence_transfer/
    └─ migration.sql
  └─ 202609270008_credential_transfer/
    └─ migration.sql
  └─ 202609280001_credential_media_transfer/
    └─ migration.sql
  └─ 202609280002_collection_transfer/
    └─ migration.sql
  └─ 202609280003_adult_eligibility_transfer/
    └─ migration.sql
  └─ 202609280004_identity_evidence_transfer/
    └─ migration.sql
  └─ 202609280005_merge_history_transfer/
    └─ migration.sql
  └─ 202609280006_candidate_review_lineage/
    └─ migration.sql
  └─ 202609280007_identity_retention_permission/
    └─ migration.sql
  └─ 202609280008_merge_history_erasure/
    └─ migration.sql
  └─ 202609280009_internal_locale_texts/
    └─ migration.sql
  └─ 202609280010_locale_dependency_identity/
    └─ migration.sql
  └─ 202609280011_locale_transfer/
    └─ migration.sql
  └─ 202609280012_locale_merge/
    └─ migration.sql
  └─ 202609280013_ai_dispatch_ledger/
    └─ migration.sql
  └─ 202609280014_ai_business/
    └─ migration.sql
  └─ 202609280015_ai_operations/
    └─ migration.sql
  └─ 202609290001_ai_connections/
    └─ migration.sql
  └─ 202609290002_media_documents_video/
    └─ migration.sql
  └─ 202609290003_project_parties/
    └─ migration.sql
  └─ 202609290004_project_party_export_fields/
    └─ migration.sql
  └─ 202609290005_media_erased_limits/
    └─ migration.sql
  └─ 202609300001_talent_experience_pr01b/
    └─ migration.sql
  └─ 202610010001_talent_auth_principals/
    └─ migration.sql
  └─ 202610010002_talent_auth_key_binding/
    └─ migration.sql
  └─ 202610010003_talent_maintenance/
    └─ migration.sql
  └─ 202610010004_talent_basis_rebuild/
    └─ migration.sql
  └─ 202610010005_talent_maintenance_permissions/
    └─ migration.sql
  └─ 202610010006_talent_submission_ownership/
    └─ migration.sql
  └─ 202610010007_media_ownership/
    └─ migration.sql
  └─ 202610010008_media_collections/
    └─ migration.sql
      
All migrations have been successfully applied.
Prisma schema loaded from prisma/schema.prisma
Datasource "db": PostgreSQL database "once_test_collection_rebuild_pr03cf_full2", schema "public" at "127.0.0.1:56531"

63 migrations found in prisma/migrations

Applying migration `202609220001_initial`
Applying migration `202609230001_source_history`
Applying migration `202609230002_record_handoffs`
Applying migration `202609230003_private_images`
Applying migration `202609240001_works_projects`
Applying migration `202609240002_search_shortlists`
Applying migration `202609240003_shortlist_asset_unlink`
Applying migration `202609240004_search_facts_sql`
Applying migration `202609240005_dictionary_search_namespaces`
Applying migration `202609240006_export_dependencies`
Applying migration `202609240007_export_payload_json_null`
Applying migration `202609240008_deletion_impact_preview`
Applying migration `202609240009_deletion_blocking`
Applying migration `202609240010_deletion_retention_plan`
Applying migration `202609240011_deletion_cleanup_execution`
Applying migration `202609240012_cleanup_null_guards`
Applying migration `202609250001_deletion_finalization_states`
Applying migration `202609250002_person_merge_foundation`
Applying migration `202609250003_person_merge_integrity`
Applying migration `202609260001_recovery_runs`
Applying migration `202609260002_recovery_inspection`
Applying migration `202609260003_recovery_report_guards`
Applying migration `202609260004_recovery_approval_evidence`
Applying migration `202609260005_recovery_approval_media_guard`
Applying migration `202609260006_recovery_backup_media_identity`
Applying migration `202609260007_recovery_delta_resolution`
Applying migration `202609270001_talent_domain_v2`
Applying migration `202609270002_talent_merge_history`
Applying migration `202609270003_talent_transfer`
Applying migration `202609270004_capability_transfer`
Applying migration `202609270005_external_ref_transfer`
Applying migration `202609270006_representation_transfer`
Applying migration `202609270007_field_evidence_transfer`
Applying migration `202609270008_credential_transfer`
Applying migration `202609280001_credential_media_transfer`
Applying migration `202609280002_collection_transfer`
Applying migration `202609280003_adult_eligibility_transfer`
Applying migration `202609280004_identity_evidence_transfer`
Applying migration `202609280005_merge_history_transfer`
Applying migration `202609280006_candidate_review_lineage`
Applying migration `202609280007_identity_retention_permission`
Applying migration `202609280008_merge_history_erasure`
Applying migration `202609280009_internal_locale_texts`
Applying migration `202609280010_locale_dependency_identity`
Applying migration `202609280011_locale_transfer`
Applying migration `202609280012_locale_merge`
Applying migration `202609280013_ai_dispatch_ledger`
Applying migration `202609280014_ai_business`
Applying migration `202609280015_ai_operations`
Applying migration `202609290001_ai_connections`
Applying migration `202609290002_media_documents_video`
Applying migration `202609290003_project_parties`
Applying migration `202609290004_project_party_export_fields`
Applying migration `202609290005_media_erased_limits`
Applying migration `202609300001_talent_experience_pr01b`
Applying migration `202610010001_talent_auth_principals`
Applying migration `202610010002_talent_auth_key_binding`
Applying migration `202610010003_talent_maintenance`
Applying migration `202610010004_talent_basis_rebuild`
Applying migration `202610010005_talent_maintenance_permissions`
Applying migration `202610010006_talent_submission_ownership`
Applying migration `202610010007_media_ownership`
Applying migration `202610010008_media_collections`

The following migration(s) have been applied:

migrations/
  └─ 202609220001_initial/
    └─ migration.sql
  └─ 202609230001_source_history/
    └─ migration.sql
  └─ 202609230002_record_handoffs/
    └─ migration.sql
  └─ 202609230003_private_images/
    └─ migration.sql
  └─ 202609240001_works_projects/
    └─ migration.sql
  └─ 202609240002_search_shortlists/
    └─ migration.sql
  └─ 202609240003_shortlist_asset_unlink/
    └─ migration.sql
  └─ 202609240004_search_facts_sql/
    └─ migration.sql
  └─ 202609240005_dictionary_search_namespaces/
    └─ migration.sql
  └─ 202609240006_export_dependencies/
    └─ migration.sql
  └─ 202609240007_export_payload_json_null/
    └─ migration.sql
  └─ 202609240008_deletion_impact_preview/
    └─ migration.sql
  └─ 202609240009_deletion_blocking/
    └─ migration.sql
  └─ 202609240010_deletion_retention_plan/
    └─ migration.sql
  └─ 202609240011_deletion_cleanup_execution/
    └─ migration.sql
  └─ 202609240012_cleanup_null_guards/
    └─ migration.sql
  └─ 202609250001_deletion_finalization_states/
    └─ migration.sql
  └─ 202609250002_person_merge_foundation/
    └─ migration.sql
  └─ 202609250003_person_merge_integrity/
    └─ migration.sql
  └─ 202609260001_recovery_runs/
    └─ migration.sql
  └─ 202609260002_recovery_inspection/
    └─ migration.sql
  └─ 202609260003_recovery_report_guards/
    └─ migration.sql
  └─ 202609260004_recovery_approval_evidence/
    └─ migration.sql
  └─ 202609260005_recovery_approval_media_guard/
    └─ migration.sql
  └─ 202609260006_recovery_backup_media_identity/
    └─ migration.sql
  └─ 202609260007_recovery_delta_resolution/
    └─ migration.sql
  └─ 202609270001_talent_domain_v2/
    └─ migration.sql
  └─ 202609270002_talent_merge_history/
    └─ migration.sql
  └─ 202609270003_talent_transfer/
    └─ migration.sql
  └─ 202609270004_capability_transfer/
    └─ migration.sql
  └─ 202609270005_external_ref_transfer/
    └─ migration.sql
  └─ 202609270006_representation_transfer/
    └─ migration.sql
  └─ 202609270007_field_evidence_transfer/
    └─ migration.sql
  └─ 202609270008_credential_transfer/
    └─ migration.sql
  └─ 202609280001_credential_media_transfer/
    └─ migration.sql
  └─ 202609280002_collection_transfer/
    └─ migration.sql
  └─ 202609280003_adult_eligibility_transfer/
    └─ migration.sql
  └─ 202609280004_identity_evidence_transfer/
    └─ migration.sql
  └─ 202609280005_merge_history_transfer/
    └─ migration.sql
  └─ 202609280006_candidate_review_lineage/
    └─ migration.sql
  └─ 202609280007_identity_retention_permission/
    └─ migration.sql
  └─ 202609280008_merge_history_erasure/
    └─ migration.sql
  └─ 202609280009_internal_locale_texts/
    └─ migration.sql
  └─ 202609280010_locale_dependency_identity/
    └─ migration.sql
  └─ 202609280011_locale_transfer/
    └─ migration.sql
  └─ 202609280012_locale_merge/
    └─ migration.sql
  └─ 202609280013_ai_dispatch_ledger/
    └─ migration.sql
  └─ 202609280014_ai_business/
    └─ migration.sql
  └─ 202609280015_ai_operations/
    └─ migration.sql
  └─ 202609290001_ai_connections/
    └─ migration.sql
  └─ 202609290002_media_documents_video/
    └─ migration.sql
  └─ 202609290003_project_parties/
    └─ migration.sql
  └─ 202609290004_project_party_export_fields/
    └─ migration.sql
  └─ 202609290005_media_erased_limits/
    └─ migration.sql
  └─ 202609300001_talent_experience_pr01b/
    └─ migration.sql
  └─ 202610010001_talent_auth_principals/
    └─ migration.sql
  └─ 202610010002_talent_auth_key_binding/
    └─ migration.sql
  └─ 202610010003_talent_maintenance/
    └─ migration.sql
  └─ 202610010004_talent_basis_rebuild/
    └─ migration.sql
  └─ 202610010005_talent_maintenance_permissions/
    └─ migration.sql
  └─ 202610010006_talent_submission_ownership/
    └─ migration.sql
  └─ 202610010007_media_ownership/
    └─ migration.sql
  └─ 202610010008_media_collections/
    └─ migration.sql
      
All migrations have been successfully applied.
TAP version 13
# {"checks":["ready-staged-cannot-enter-formal-collection","typed-staged-collection-draft-saved","server-draft-order-cover-tags-roundtrip","duplicate-asset-and-foreign-cover-rejected","submitted-collection-frozen","collection-cannot-adopt-without-staged-dependencies","audit-failure-rolls-back-adoption-and-collection","review-atomic-and-same-key-replayed","formal-same-assets-order-cover-tags","formal-self-read-and-cross-account-denied","cross-submission-adopted-reference-no-file-copy-one-current-version","collection-cover-never-mutates-person-cover","remove-link-clears-cover-without-retiring-original","real-export-worker-formal-collection-cover-current-order-tags-without-draft","json-rebuild-preserves-cover-current-order-tags-sources-without-authorizations-or-drafts"]}
# Subtest: tests/postgres/media-collections.test.ts
ok 1 - tests/postgres/media-collections.test.ts
  ---
  duration_ms: 2313.007875
  type: 'test'
  ...
1..1
# tests 1
# suites 0
# pass 1
# fail 0
# cancelled 0
# skipped 0
# todo 0
# duration_ms 2317.49075
Prisma schema loaded from prisma/schema.prisma
Datasource "db": PostgreSQL database "once_test_collection_merge_pr03cf_full2", schema "public" at "127.0.0.1:56531"

63 migrations found in prisma/migrations

Applying migration `202609220001_initial`
Applying migration `202609230001_source_history`
Applying migration `202609230002_record_handoffs`
Applying migration `202609230003_private_images`
Applying migration `202609240001_works_projects`
Applying migration `202609240002_search_shortlists`
Applying migration `202609240003_shortlist_asset_unlink`
Applying migration `202609240004_search_facts_sql`
Applying migration `202609240005_dictionary_search_namespaces`
Applying migration `202609240006_export_dependencies`
Applying migration `202609240007_export_payload_json_null`
Applying migration `202609240008_deletion_impact_preview`
Applying migration `202609240009_deletion_blocking`
Applying migration `202609240010_deletion_retention_plan`
Applying migration `202609240011_deletion_cleanup_execution`
Applying migration `202609240012_cleanup_null_guards`
Applying migration `202609250001_deletion_finalization_states`
Applying migration `202609250002_person_merge_foundation`
Applying migration `202609250003_person_merge_integrity`
Applying migration `202609260001_recovery_runs`
Applying migration `202609260002_recovery_inspection`
Applying migration `202609260003_recovery_report_guards`
Applying migration `202609260004_recovery_approval_evidence`
Applying migration `202609260005_recovery_approval_media_guard`
Applying migration `202609260006_recovery_backup_media_identity`
Applying migration `202609260007_recovery_delta_resolution`
Applying migration `202609270001_talent_domain_v2`
Applying migration `202609270002_talent_merge_history`
Applying migration `202609270003_talent_transfer`
Applying migration `202609270004_capability_transfer`
Applying migration `202609270005_external_ref_transfer`
Applying migration `202609270006_representation_transfer`
Applying migration `202609270007_field_evidence_transfer`
Applying migration `202609270008_credential_transfer`
Applying migration `202609280001_credential_media_transfer`
Applying migration `202609280002_collection_transfer`
Applying migration `202609280003_adult_eligibility_transfer`
Applying migration `202609280004_identity_evidence_transfer`
Applying migration `202609280005_merge_history_transfer`
Applying migration `202609280006_candidate_review_lineage`
Applying migration `202609280007_identity_retention_permission`
Applying migration `202609280008_merge_history_erasure`
Applying migration `202609280009_internal_locale_texts`
Applying migration `202609280010_locale_dependency_identity`
Applying migration `202609280011_locale_transfer`
Applying migration `202609280012_locale_merge`
Applying migration `202609280013_ai_dispatch_ledger`
Applying migration `202609280014_ai_business`
Applying migration `202609280015_ai_operations`
Applying migration `202609290001_ai_connections`
Applying migration `202609290002_media_documents_video`
Applying migration `202609290003_project_parties`
Applying migration `202609290004_project_party_export_fields`
Applying migration `202609290005_media_erased_limits`
Applying migration `202609300001_talent_experience_pr01b`
Applying migration `202610010001_talent_auth_principals`
Applying migration `202610010002_talent_auth_key_binding`
Applying migration `202610010003_talent_maintenance`
Applying migration `202610010004_talent_basis_rebuild`
Applying migration `202610010005_talent_maintenance_permissions`
Applying migration `202610010006_talent_submission_ownership`
Applying migration `202610010007_media_ownership`
Applying migration `202610010008_media_collections`

The following migration(s) have been applied:

migrations/
  └─ 202609220001_initial/
    └─ migration.sql
  └─ 202609230001_source_history/
    └─ migration.sql
  └─ 202609230002_record_handoffs/
    └─ migration.sql
  └─ 202609230003_private_images/
    └─ migration.sql
  └─ 202609240001_works_projects/
    └─ migration.sql
  └─ 202609240002_search_shortlists/
    └─ migration.sql
  └─ 202609240003_shortlist_asset_unlink/
    └─ migration.sql
  └─ 202609240004_search_facts_sql/
    └─ migration.sql
  └─ 202609240005_dictionary_search_namespaces/
    └─ migration.sql
  └─ 202609240006_export_dependencies/
    └─ migration.sql
  └─ 202609240007_export_payload_json_null/
    └─ migration.sql
  └─ 202609240008_deletion_impact_preview/
    └─ migration.sql
  └─ 202609240009_deletion_blocking/
    └─ migration.sql
  └─ 202609240010_deletion_retention_plan/
    └─ migration.sql
  └─ 202609240011_deletion_cleanup_execution/
    └─ migration.sql
  └─ 202609240012_cleanup_null_guards/
    └─ migration.sql
  └─ 202609250001_deletion_finalization_states/
    └─ migration.sql
  └─ 202609250002_person_merge_foundation/
    └─ migration.sql
  └─ 202609250003_person_merge_integrity/
    └─ migration.sql
  └─ 202609260001_recovery_runs/
    └─ migration.sql
  └─ 202609260002_recovery_inspection/
    └─ migration.sql
  └─ 202609260003_recovery_report_guards/
    └─ migration.sql
  └─ 202609260004_recovery_approval_evidence/
    └─ migration.sql
  └─ 202609260005_recovery_approval_media_guard/
    └─ migration.sql
  └─ 202609260006_recovery_backup_media_identity/
    └─ migration.sql
  └─ 202609260007_recovery_delta_resolution/
    └─ migration.sql
  └─ 202609270001_talent_domain_v2/
    └─ migration.sql
  └─ 202609270002_talent_merge_history/
    └─ migration.sql
  └─ 202609270003_talent_transfer/
    └─ migration.sql
  └─ 202609270004_capability_transfer/
    └─ migration.sql
  └─ 202609270005_external_ref_transfer/
    └─ migration.sql
  └─ 202609270006_representation_transfer/
    └─ migration.sql
  └─ 202609270007_field_evidence_transfer/
    └─ migration.sql
  └─ 202609270008_credential_transfer/
    └─ migration.sql
  └─ 202609280001_credential_media_transfer/
    └─ migration.sql
  └─ 202609280002_collection_transfer/
    └─ migration.sql
  └─ 202609280003_adult_eligibility_transfer/
    └─ migration.sql
  └─ 202609280004_identity_evidence_transfer/
    └─ migration.sql
  └─ 202609280005_merge_history_transfer/
    └─ migration.sql
  └─ 202609280006_candidate_review_lineage/
    └─ migration.sql
  └─ 202609280007_identity_retention_permission/
    └─ migration.sql
  └─ 202609280008_merge_history_erasure/
    └─ migration.sql
  └─ 202609280009_internal_locale_texts/
    └─ migration.sql
  └─ 202609280010_locale_dependency_identity/
    └─ migration.sql
  └─ 202609280011_locale_transfer/
    └─ migration.sql
  └─ 202609280012_locale_merge/
    └─ migration.sql
  └─ 202609280013_ai_dispatch_ledger/
    └─ migration.sql
  └─ 202609280014_ai_business/
    └─ migration.sql
  └─ 202609280015_ai_operations/
    └─ migration.sql
  └─ 202609290001_ai_connections/
    └─ migration.sql
  └─ 202609290002_media_documents_video/
    └─ migration.sql
  └─ 202609290003_project_parties/
    └─ migration.sql
  └─ 202609290004_project_party_export_fields/
    └─ migration.sql
  └─ 202609290005_media_erased_limits/
    └─ migration.sql
  └─ 202609300001_talent_experience_pr01b/
    └─ migration.sql
  └─ 202610010001_talent_auth_principals/
    └─ migration.sql
  └─ 202610010002_talent_auth_key_binding/
    └─ migration.sql
  └─ 202610010003_talent_maintenance/
    └─ migration.sql
  └─ 202610010004_talent_basis_rebuild/
    └─ migration.sql
  └─ 202610010005_talent_maintenance_permissions/
    └─ migration.sql
  └─ 202610010006_talent_submission_ownership/
    └─ migration.sql
  └─ 202610010007_media_ownership/
    └─ migration.sql
  └─ 202610010008_media_collections/
    └─ migration.sql
      
All migrations have been successfully applied.
TAP version 13
# {"checks":["ready-staged-cannot-enter-formal-collection","typed-staged-collection-draft-saved","server-draft-order-cover-tags-roundtrip","duplicate-asset-and-foreign-cover-rejected","submitted-collection-frozen","collection-cannot-adopt-without-staged-dependencies","audit-failure-rolls-back-adoption-and-collection","review-atomic-and-same-key-replayed","formal-same-assets-order-cover-tags","formal-self-read-and-cross-account-denied","cross-submission-adopted-reference-no-file-copy-one-current-version","collection-cover-never-mutates-person-cover","remove-link-clears-cover-without-retiring-original","actual-person-merge-moves-formal-collections-cover-items-and-revokes-old-grant"]}
# Subtest: tests/postgres/media-collections.test.ts
ok 1 - tests/postgres/media-collections.test.ts
  ---
  duration_ms: 1729.491875
  type: 'test'
  ...
1..1
# tests 1
# suites 0
# pass 1
# fail 0
# cancelled 0
# skipped 0
# todo 0
# duration_ms 1734.694375
Prisma schema loaded from prisma/schema.prisma
Datasource "db": PostgreSQL database "once_test_collection_finalization_pr03cf_full2", schema "public" at "127.0.0.1:56531"

63 migrations found in prisma/migrations

Applying migration `202609220001_initial`
Applying migration `202609230001_source_history`
Applying migration `202609230002_record_handoffs`
Applying migration `202609230003_private_images`
Applying migration `202609240001_works_projects`
Applying migration `202609240002_search_shortlists`
Applying migration `202609240003_shortlist_asset_unlink`
Applying migration `202609240004_search_facts_sql`
Applying migration `202609240005_dictionary_search_namespaces`
Applying migration `202609240006_export_dependencies`
Applying migration `202609240007_export_payload_json_null`
Applying migration `202609240008_deletion_impact_preview`
Applying migration `202609240009_deletion_blocking`
Applying migration `202609240010_deletion_retention_plan`
Applying migration `202609240011_deletion_cleanup_execution`
Applying migration `202609240012_cleanup_null_guards`
Applying migration `202609250001_deletion_finalization_states`
Applying migration `202609250002_person_merge_foundation`
Applying migration `202609250003_person_merge_integrity`
Applying migration `202609260001_recovery_runs`
Applying migration `202609260002_recovery_inspection`
Applying migration `202609260003_recovery_report_guards`
Applying migration `202609260004_recovery_approval_evidence`
Applying migration `202609260005_recovery_approval_media_guard`
Applying migration `202609260006_recovery_backup_media_identity`
Applying migration `202609260007_recovery_delta_resolution`
Applying migration `202609270001_talent_domain_v2`
Applying migration `202609270002_talent_merge_history`
Applying migration `202609270003_talent_transfer`
Applying migration `202609270004_capability_transfer`
Applying migration `202609270005_external_ref_transfer`
Applying migration `202609270006_representation_transfer`
Applying migration `202609270007_field_evidence_transfer`
Applying migration `202609270008_credential_transfer`
Applying migration `202609280001_credential_media_transfer`
Applying migration `202609280002_collection_transfer`
Applying migration `202609280003_adult_eligibility_transfer`
Applying migration `202609280004_identity_evidence_transfer`
Applying migration `202609280005_merge_history_transfer`
Applying migration `202609280006_candidate_review_lineage`
Applying migration `202609280007_identity_retention_permission`
Applying migration `202609280008_merge_history_erasure`
Applying migration `202609280009_internal_locale_texts`
Applying migration `202609280010_locale_dependency_identity`
Applying migration `202609280011_locale_transfer`
Applying migration `202609280012_locale_merge`
Applying migration `202609280013_ai_dispatch_ledger`
Applying migration `202609280014_ai_business`
Applying migration `202609280015_ai_operations`
Applying migration `202609290001_ai_connections`
Applying migration `202609290002_media_documents_video`
Applying migration `202609290003_project_parties`
Applying migration `202609290004_project_party_export_fields`
Applying migration `202609290005_media_erased_limits`
Applying migration `202609300001_talent_experience_pr01b`
Applying migration `202610010001_talent_auth_principals`
Applying migration `202610010002_talent_auth_key_binding`
Applying migration `202610010003_talent_maintenance`
Applying migration `202610010004_talent_basis_rebuild`
Applying migration `202610010005_talent_maintenance_permissions`
Applying migration `202610010006_talent_submission_ownership`
Applying migration `202610010007_media_ownership`
Applying migration `202610010008_media_collections`

The following migration(s) have been applied:

migrations/
  └─ 202609220001_initial/
    └─ migration.sql
  └─ 202609230001_source_history/
    └─ migration.sql
  └─ 202609230002_record_handoffs/
    └─ migration.sql
  └─ 202609230003_private_images/
    └─ migration.sql
  └─ 202609240001_works_projects/
    └─ migration.sql
  └─ 202609240002_search_shortlists/
    └─ migration.sql
  └─ 202609240003_shortlist_asset_unlink/
    └─ migration.sql
  └─ 202609240004_search_facts_sql/
    └─ migration.sql
  └─ 202609240005_dictionary_search_namespaces/
    └─ migration.sql
  └─ 202609240006_export_dependencies/
    └─ migration.sql
  └─ 202609240007_export_payload_json_null/
    └─ migration.sql
  └─ 202609240008_deletion_impact_preview/
    └─ migration.sql
  └─ 202609240009_deletion_blocking/
    └─ migration.sql
  └─ 202609240010_deletion_retention_plan/
    └─ migration.sql
  └─ 202609240011_deletion_cleanup_execution/
    └─ migration.sql
  └─ 202609240012_cleanup_null_guards/
    └─ migration.sql
  └─ 202609250001_deletion_finalization_states/
    └─ migration.sql
  └─ 202609250002_person_merge_foundation/
    └─ migration.sql
  └─ 202609250003_person_merge_integrity/
    └─ migration.sql
  └─ 202609260001_recovery_runs/
    └─ migration.sql
  └─ 202609260002_recovery_inspection/
    └─ migration.sql
  └─ 202609260003_recovery_report_guards/
    └─ migration.sql
  └─ 202609260004_recovery_approval_evidence/
    └─ migration.sql
  └─ 202609260005_recovery_approval_media_guard/
    └─ migration.sql
  └─ 202609260006_recovery_backup_media_identity/
    └─ migration.sql
  └─ 202609260007_recovery_delta_resolution/
    └─ migration.sql
  └─ 202609270001_talent_domain_v2/
    └─ migration.sql
  └─ 202609270002_talent_merge_history/
    └─ migration.sql
  └─ 202609270003_talent_transfer/
    └─ migration.sql
  └─ 202609270004_capability_transfer/
    └─ migration.sql
  └─ 202609270005_external_ref_transfer/
    └─ migration.sql
  └─ 202609270006_representation_transfer/
    └─ migration.sql
  └─ 202609270007_field_evidence_transfer/
    └─ migration.sql
  └─ 202609270008_credential_transfer/
    └─ migration.sql
  └─ 202609280001_credential_media_transfer/
    └─ migration.sql
  └─ 202609280002_collection_transfer/
    └─ migration.sql
  └─ 202609280003_adult_eligibility_transfer/
    └─ migration.sql
  └─ 202609280004_identity_evidence_transfer/
    └─ migration.sql
  └─ 202609280005_merge_history_transfer/
    └─ migration.sql
  └─ 202609280006_candidate_review_lineage/
    └─ migration.sql
  └─ 202609280007_identity_retention_permission/
    └─ migration.sql
  └─ 202609280008_merge_history_erasure/
    └─ migration.sql
  └─ 202609280009_internal_locale_texts/
    └─ migration.sql
  └─ 202609280010_locale_dependency_identity/
    └─ migration.sql
  └─ 202609280011_locale_transfer/
    └─ migration.sql
  └─ 202609280012_locale_merge/
    └─ migration.sql
  └─ 202609280013_ai_dispatch_ledger/
    └─ migration.sql
  └─ 202609280014_ai_business/
    └─ migration.sql
  └─ 202609280015_ai_operations/
    └─ migration.sql
  └─ 202609290001_ai_connections/
    └─ migration.sql
  └─ 202609290002_media_documents_video/
    └─ migration.sql
  └─ 202609290003_project_parties/
    └─ migration.sql
  └─ 202609290004_project_party_export_fields/
    └─ migration.sql
  └─ 202609290005_media_erased_limits/
    └─ migration.sql
  └─ 202609300001_talent_experience_pr01b/
    └─ migration.sql
  └─ 202610010001_talent_auth_principals/
    └─ migration.sql
  └─ 202610010002_talent_auth_key_binding/
    └─ migration.sql
  └─ 202610010003_talent_maintenance/
    └─ migration.sql
  └─ 202610010004_talent_basis_rebuild/
    └─ migration.sql
  └─ 202610010005_talent_maintenance_permissions/
    └─ migration.sql
  └─ 202610010006_talent_submission_ownership/
    └─ migration.sql
  └─ 202610010007_media_ownership/
    └─ migration.sql
  └─ 202610010008_media_collections/
    └─ migration.sql
      
All migrations have been successfully applied.
TAP version 13
# {"checks":["ready-staged-cannot-enter-formal-collection","typed-staged-collection-draft-saved","server-draft-order-cover-tags-roundtrip","duplicate-asset-and-foreign-cover-rejected","submitted-collection-frozen","collection-cannot-adopt-without-staged-dependencies","audit-failure-rolls-back-adoption-and-collection","review-atomic-and-same-key-replayed","formal-same-assets-order-cover-tags","formal-self-read-and-cross-account-denied","cross-submission-adopted-reference-no-file-copy-one-current-version","collection-cover-never-mutates-person-cover","remove-link-clears-cover-without-retiring-original","collection-type-identity-portal-internal-generic-conflict-new-type-allowed","employee-formal-media-and-collection-explicit-grant-exposure-current-account-only","explicit-exposure-revocation-immediately-denies-formal-original","exposure-audit-failure-rolls-back-grant-and-receipt-original-key-replays","simulated-future-agent-formal-source-needs-new-explicit-exposure-no-uploader-rewrite-or-machine-entry","source-revocation-invalidates-explicit-grant-exposure","generic-tag-create-and-patch-advance-parent-saved-draft-review-conflicts","archived-tag-reenabled-with-current-approval-source-history-preserved","suspended-old-current-can-be-retired-with-new-valid-review-basis","hidden-old-current-scope-fails-closed"]}
# Subtest: tests/postgres/media-collections.test.ts
ok 1 - tests/postgres/media-collections.test.ts
  ---
  duration_ms: 2945.679541
  type: 'test'
  ...
1..1
# tests 1
# suites 0
# pass 1
# fail 0
# cancelled 0
# skipped 0
# todo 0
# duration_ms 2949.791417
Prisma schema loaded from prisma/schema.prisma
Datasource "db": PostgreSQL database "once_test_media_formal_bound_pr03cf_full2", schema "public" at "127.0.0.1:56531"

63 migrations found in prisma/migrations

Applying migration `202609220001_initial`
Applying migration `202609230001_source_history`
Applying migration `202609230002_record_handoffs`
Applying migration `202609230003_private_images`
Applying migration `202609240001_works_projects`
Applying migration `202609240002_search_shortlists`
Applying migration `202609240003_shortlist_asset_unlink`
Applying migration `202609240004_search_facts_sql`
Applying migration `202609240005_dictionary_search_namespaces`
Applying migration `202609240006_export_dependencies`
Applying migration `202609240007_export_payload_json_null`
Applying migration `202609240008_deletion_impact_preview`
Applying migration `202609240009_deletion_blocking`
Applying migration `202609240010_deletion_retention_plan`
Applying migration `202609240011_deletion_cleanup_execution`
Applying migration `202609240012_cleanup_null_guards`
Applying migration `202609250001_deletion_finalization_states`
Applying migration `202609250002_person_merge_foundation`
Applying migration `202609250003_person_merge_integrity`
Applying migration `202609260001_recovery_runs`
Applying migration `202609260002_recovery_inspection`
Applying migration `202609260003_recovery_report_guards`
Applying migration `202609260004_recovery_approval_evidence`
Applying migration `202609260005_recovery_approval_media_guard`
Applying migration `202609260006_recovery_backup_media_identity`
Applying migration `202609260007_recovery_delta_resolution`
Applying migration `202609270001_talent_domain_v2`
Applying migration `202609270002_talent_merge_history`
Applying migration `202609270003_talent_transfer`
Applying migration `202609270004_capability_transfer`
Applying migration `202609270005_external_ref_transfer`
Applying migration `202609270006_representation_transfer`
Applying migration `202609270007_field_evidence_transfer`
Applying migration `202609270008_credential_transfer`
Applying migration `202609280001_credential_media_transfer`
Applying migration `202609280002_collection_transfer`
Applying migration `202609280003_adult_eligibility_transfer`
Applying migration `202609280004_identity_evidence_transfer`
Applying migration `202609280005_merge_history_transfer`
Applying migration `202609280006_candidate_review_lineage`
Applying migration `202609280007_identity_retention_permission`
Applying migration `202609280008_merge_history_erasure`
Applying migration `202609280009_internal_locale_texts`
Applying migration `202609280010_locale_dependency_identity`
Applying migration `202609280011_locale_transfer`
Applying migration `202609280012_locale_merge`
Applying migration `202609280013_ai_dispatch_ledger`
Applying migration `202609280014_ai_business`
Applying migration `202609280015_ai_operations`
Applying migration `202609290001_ai_connections`
Applying migration `202609290002_media_documents_video`
Applying migration `202609290003_project_parties`
Applying migration `202609290004_project_party_export_fields`
Applying migration `202609290005_media_erased_limits`
Applying migration `202609300001_talent_experience_pr01b`
Applying migration `202610010001_talent_auth_principals`
Applying migration `202610010002_talent_auth_key_binding`
Applying migration `202610010003_talent_maintenance`
Applying migration `202610010004_talent_basis_rebuild`
Applying migration `202610010005_talent_maintenance_permissions`
Applying migration `202610010006_talent_submission_ownership`
Applying migration `202610010007_media_ownership`
Applying migration `202610010008_media_collections`

The following migration(s) have been applied:

migrations/
  └─ 202609220001_initial/
    └─ migration.sql
  └─ 202609230001_source_history/
    └─ migration.sql
  └─ 202609230002_record_handoffs/
    └─ migration.sql
  └─ 202609230003_private_images/
    └─ migration.sql
  └─ 202609240001_works_projects/
    └─ migration.sql
  └─ 202609240002_search_shortlists/
    └─ migration.sql
  └─ 202609240003_shortlist_asset_unlink/
    └─ migration.sql
  └─ 202609240004_search_facts_sql/
    └─ migration.sql
  └─ 202609240005_dictionary_search_namespaces/
    └─ migration.sql
  └─ 202609240006_export_dependencies/
    └─ migration.sql
  └─ 202609240007_export_payload_json_null/
    └─ migration.sql
  └─ 202609240008_deletion_impact_preview/
    └─ migration.sql
  └─ 202609240009_deletion_blocking/
    └─ migration.sql
  └─ 202609240010_deletion_retention_plan/
    └─ migration.sql
  └─ 202609240011_deletion_cleanup_execution/
    └─ migration.sql
  └─ 202609240012_cleanup_null_guards/
    └─ migration.sql
  └─ 202609250001_deletion_finalization_states/
    └─ migration.sql
  └─ 202609250002_person_merge_foundation/
    └─ migration.sql
  └─ 202609250003_person_merge_integrity/
    └─ migration.sql
  └─ 202609260001_recovery_runs/
    └─ migration.sql
  └─ 202609260002_recovery_inspection/
    └─ migration.sql
  └─ 202609260003_recovery_report_guards/
    └─ migration.sql
  └─ 202609260004_recovery_approval_evidence/
    └─ migration.sql
  └─ 202609260005_recovery_approval_media_guard/
    └─ migration.sql
  └─ 202609260006_recovery_backup_media_identity/
    └─ migration.sql
  └─ 202609260007_recovery_delta_resolution/
    └─ migration.sql
  └─ 202609270001_talent_domain_v2/
    └─ migration.sql
  └─ 202609270002_talent_merge_history/
    └─ migration.sql
  └─ 202609270003_talent_transfer/
    └─ migration.sql
  └─ 202609270004_capability_transfer/
    └─ migration.sql
  └─ 202609270005_external_ref_transfer/
    └─ migration.sql
  └─ 202609270006_representation_transfer/
    └─ migration.sql
  └─ 202609270007_field_evidence_transfer/
    └─ migration.sql
  └─ 202609270008_credential_transfer/
    └─ migration.sql
  └─ 202609280001_credential_media_transfer/
    └─ migration.sql
  └─ 202609280002_collection_transfer/
    └─ migration.sql
  └─ 202609280003_adult_eligibility_transfer/
    └─ migration.sql
  └─ 202609280004_identity_evidence_transfer/
    └─ migration.sql
  └─ 202609280005_merge_history_transfer/
    └─ migration.sql
  └─ 202609280006_candidate_review_lineage/
    └─ migration.sql
  └─ 202609280007_identity_retention_permission/
    └─ migration.sql
  └─ 202609280008_merge_history_erasure/
    └─ migration.sql
  └─ 202609280009_internal_locale_texts/
    └─ migration.sql
  └─ 202609280010_locale_dependency_identity/
    └─ migration.sql
  └─ 202609280011_locale_transfer/
    └─ migration.sql
  └─ 202609280012_locale_merge/
    └─ migration.sql
  └─ 202609280013_ai_dispatch_ledger/
    └─ migration.sql
  └─ 202609280014_ai_business/
    └─ migration.sql
  └─ 202609280015_ai_operations/
    └─ migration.sql
  └─ 202609290001_ai_connections/
    └─ migration.sql
  └─ 202609290002_media_documents_video/
    └─ migration.sql
  └─ 202609290003_project_parties/
    └─ migration.sql
  └─ 202609290004_project_party_export_fields/
    └─ migration.sql
  └─ 202609290005_media_erased_limits/
    └─ migration.sql
  └─ 202609300001_talent_experience_pr01b/
    └─ migration.sql
  └─ 202610010001_talent_auth_principals/
    └─ migration.sql
  └─ 202610010002_talent_auth_key_binding/
    └─ migration.sql
  └─ 202610010003_talent_maintenance/
    └─ migration.sql
  └─ 202610010004_talent_basis_rebuild/
    └─ migration.sql
  └─ 202610010005_talent_maintenance_permissions/
    └─ migration.sql
  └─ 202610010006_talent_submission_ownership/
    └─ migration.sql
  └─ 202610010007_media_ownership/
    └─ migration.sql
  └─ 202610010008_media_collections/
    └─ migration.sql
      
All migrations have been successfully applied.
TAP version 13
# {"checks":["merge-STAGED-keeps-intake-scope","READY-STAGED-denies-formal-B-without-intake","ADOPTED-direct-list-preview-TD2-use-formal-Person-Source-not-intake","formal-B-export-adopted-without-intake","formal-B-merge-preview-without-historical-intake","current-person-scope-remains-required","current-formal-source-scope-revocation-denies-all-consumers"]}
# Subtest: tests/postgres/media-staging.test.ts
ok 1 - tests/postgres/media-staging.test.ts
  ---
  duration_ms: 2110.097041
  type: 'test'
  ...
1..1
# tests 1
# suites 0
# pass 1
# fail 0
# cancelled 0
# skipped 0
# todo 0
# duration_ms 2114.606458
Prisma schema loaded from prisma/schema.prisma
Datasource "db": PostgreSQL database "once_test_media_formal_enroll_pr03cf_full2", schema "public" at "127.0.0.1:56531"

63 migrations found in prisma/migrations

Applying migration `202609220001_initial`
Applying migration `202609230001_source_history`
Applying migration `202609230002_record_handoffs`
Applying migration `202609230003_private_images`
Applying migration `202609240001_works_projects`
Applying migration `202609240002_search_shortlists`
Applying migration `202609240003_shortlist_asset_unlink`
Applying migration `202609240004_search_facts_sql`
Applying migration `202609240005_dictionary_search_namespaces`
Applying migration `202609240006_export_dependencies`
Applying migration `202609240007_export_payload_json_null`
Applying migration `202609240008_deletion_impact_preview`
Applying migration `202609240009_deletion_blocking`
Applying migration `202609240010_deletion_retention_plan`
Applying migration `202609240011_deletion_cleanup_execution`
Applying migration `202609240012_cleanup_null_guards`
Applying migration `202609250001_deletion_finalization_states`
Applying migration `202609250002_person_merge_foundation`
Applying migration `202609250003_person_merge_integrity`
Applying migration `202609260001_recovery_runs`
Applying migration `202609260002_recovery_inspection`
Applying migration `202609260003_recovery_report_guards`
Applying migration `202609260004_recovery_approval_evidence`
Applying migration `202609260005_recovery_approval_media_guard`
Applying migration `202609260006_recovery_backup_media_identity`
Applying migration `202609260007_recovery_delta_resolution`
Applying migration `202609270001_talent_domain_v2`
Applying migration `202609270002_talent_merge_history`
Applying migration `202609270003_talent_transfer`
Applying migration `202609270004_capability_transfer`
Applying migration `202609270005_external_ref_transfer`
Applying migration `202609270006_representation_transfer`
Applying migration `202609270007_field_evidence_transfer`
Applying migration `202609270008_credential_transfer`
Applying migration `202609280001_credential_media_transfer`
Applying migration `202609280002_collection_transfer`
Applying migration `202609280003_adult_eligibility_transfer`
Applying migration `202609280004_identity_evidence_transfer`
Applying migration `202609280005_merge_history_transfer`
Applying migration `202609280006_candidate_review_lineage`
Applying migration `202609280007_identity_retention_permission`
Applying migration `202609280008_merge_history_erasure`
Applying migration `202609280009_internal_locale_texts`
Applying migration `202609280010_locale_dependency_identity`
Applying migration `202609280011_locale_transfer`
Applying migration `202609280012_locale_merge`
Applying migration `202609280013_ai_dispatch_ledger`
Applying migration `202609280014_ai_business`
Applying migration `202609280015_ai_operations`
Applying migration `202609290001_ai_connections`
Applying migration `202609290002_media_documents_video`
Applying migration `202609290003_project_parties`
Applying migration `202609290004_project_party_export_fields`
Applying migration `202609290005_media_erased_limits`
Applying migration `202609300001_talent_experience_pr01b`
Applying migration `202610010001_talent_auth_principals`
Applying migration `202610010002_talent_auth_key_binding`
Applying migration `202610010003_talent_maintenance`
Applying migration `202610010004_talent_basis_rebuild`
Applying migration `202610010005_talent_maintenance_permissions`
Applying migration `202610010006_talent_submission_ownership`
Applying migration `202610010007_media_ownership`
Applying migration `202610010008_media_collections`

The following migration(s) have been applied:

migrations/
  └─ 202609220001_initial/
    └─ migration.sql
  └─ 202609230001_source_history/
    └─ migration.sql
  └─ 202609230002_record_handoffs/
    └─ migration.sql
  └─ 202609230003_private_images/
    └─ migration.sql
  └─ 202609240001_works_projects/
    └─ migration.sql
  └─ 202609240002_search_shortlists/
    └─ migration.sql
  └─ 202609240003_shortlist_asset_unlink/
    └─ migration.sql
  └─ 202609240004_search_facts_sql/
    └─ migration.sql
  └─ 202609240005_dictionary_search_namespaces/
    └─ migration.sql
  └─ 202609240006_export_dependencies/
    └─ migration.sql
  └─ 202609240007_export_payload_json_null/
    └─ migration.sql
  └─ 202609240008_deletion_impact_preview/
    └─ migration.sql
  └─ 202609240009_deletion_blocking/
    └─ migration.sql
  └─ 202609240010_deletion_retention_plan/
    └─ migration.sql
  └─ 202609240011_deletion_cleanup_execution/
    └─ migration.sql
  └─ 202609240012_cleanup_null_guards/
    └─ migration.sql
  └─ 202609250001_deletion_finalization_states/
    └─ migration.sql
  └─ 202609250002_person_merge_foundation/
    └─ migration.sql
  └─ 202609250003_person_merge_integrity/
    └─ migration.sql
  └─ 202609260001_recovery_runs/
    └─ migration.sql
  └─ 202609260002_recovery_inspection/
    └─ migration.sql
  └─ 202609260003_recovery_report_guards/
    └─ migration.sql
  └─ 202609260004_recovery_approval_evidence/
    └─ migration.sql
  └─ 202609260005_recovery_approval_media_guard/
    └─ migration.sql
  └─ 202609260006_recovery_backup_media_identity/
    └─ migration.sql
  └─ 202609260007_recovery_delta_resolution/
    └─ migration.sql
  └─ 202609270001_talent_domain_v2/
    └─ migration.sql
  └─ 202609270002_talent_merge_history/
    └─ migration.sql
  └─ 202609270003_talent_transfer/
    └─ migration.sql
  └─ 202609270004_capability_transfer/
    └─ migration.sql
  └─ 202609270005_external_ref_transfer/
    └─ migration.sql
  └─ 202609270006_representation_transfer/
    └─ migration.sql
  └─ 202609270007_field_evidence_transfer/
    └─ migration.sql
  └─ 202609270008_credential_transfer/
    └─ migration.sql
  └─ 202609280001_credential_media_transfer/
    └─ migration.sql
  └─ 202609280002_collection_transfer/
    └─ migration.sql
  └─ 202609280003_adult_eligibility_transfer/
    └─ migration.sql
  └─ 202609280004_identity_evidence_transfer/
    └─ migration.sql
  └─ 202609280005_merge_history_transfer/
    └─ migration.sql
  └─ 202609280006_candidate_review_lineage/
    └─ migration.sql
  └─ 202609280007_identity_retention_permission/
    └─ migration.sql
  └─ 202609280008_merge_history_erasure/
    └─ migration.sql
  └─ 202609280009_internal_locale_texts/
    └─ migration.sql
  └─ 202609280010_locale_dependency_identity/
    └─ migration.sql
  └─ 202609280011_locale_transfer/
    └─ migration.sql
  └─ 202609280012_locale_merge/
    └─ migration.sql
  └─ 202609280013_ai_dispatch_ledger/
    └─ migration.sql
  └─ 202609280014_ai_business/
    └─ migration.sql
  └─ 202609280015_ai_operations/
    └─ migration.sql
  └─ 202609290001_ai_connections/
    └─ migration.sql
  └─ 202609290002_media_documents_video/
    └─ migration.sql
  └─ 202609290003_project_parties/
    └─ migration.sql
  └─ 202609290004_project_party_export_fields/
    └─ migration.sql
  └─ 202609290005_media_erased_limits/
    └─ migration.sql
  └─ 202609300001_talent_experience_pr01b/
    └─ migration.sql
  └─ 202610010001_talent_auth_principals/
    └─ migration.sql
  └─ 202610010002_talent_auth_key_binding/
    └─ migration.sql
  └─ 202610010003_talent_maintenance/
    └─ migration.sql
  └─ 202610010004_talent_basis_rebuild/
    └─ migration.sql
  └─ 202610010005_talent_maintenance_permissions/
    └─ migration.sql
  └─ 202610010006_talent_submission_ownership/
    └─ migration.sql
  └─ 202610010007_media_ownership/
    └─ migration.sql
  └─ 202610010008_media_collections/
    └─ migration.sql
      
All migrations have been successfully applied.
TAP version 13
# {"checks":["READY-STAGED-denies-formal-B-without-intake","ADOPTED-direct-list-preview-TD2-use-formal-Person-Source-not-intake","current-person-scope-remains-required","current-formal-source-scope-revocation-denies-all-consumers"]}
# Subtest: tests/postgres/media-staging.test.ts
ok 1 - tests/postgres/media-staging.test.ts
  ---
  duration_ms: 1716.292959
  type: 'test'
  ...
1..1
# tests 1
# suites 0
# pass 1
# fail 0
# cancelled 0
# skipped 0
# todo 0
# duration_ms 1720.46725
Prisma schema loaded from prisma/schema.prisma
Datasource "db": PostgreSQL database "once_test_media_formal_role_pr03cf_full2", schema "public" at "127.0.0.1:56531"

63 migrations found in prisma/migrations

Applying migration `202609220001_initial`
Applying migration `202609230001_source_history`
Applying migration `202609230002_record_handoffs`
Applying migration `202609230003_private_images`
Applying migration `202609240001_works_projects`
Applying migration `202609240002_search_shortlists`
Applying migration `202609240003_shortlist_asset_unlink`
Applying migration `202609240004_search_facts_sql`
Applying migration `202609240005_dictionary_search_namespaces`
Applying migration `202609240006_export_dependencies`
Applying migration `202609240007_export_payload_json_null`
Applying migration `202609240008_deletion_impact_preview`
Applying migration `202609240009_deletion_blocking`
Applying migration `202609240010_deletion_retention_plan`
Applying migration `202609240011_deletion_cleanup_execution`
Applying migration `202609240012_cleanup_null_guards`
Applying migration `202609250001_deletion_finalization_states`
Applying migration `202609250002_person_merge_foundation`
Applying migration `202609250003_person_merge_integrity`
Applying migration `202609260001_recovery_runs`
Applying migration `202609260002_recovery_inspection`
Applying migration `202609260003_recovery_report_guards`
Applying migration `202609260004_recovery_approval_evidence`
Applying migration `202609260005_recovery_approval_media_guard`
Applying migration `202609260006_recovery_backup_media_identity`
Applying migration `202609260007_recovery_delta_resolution`
Applying migration `202609270001_talent_domain_v2`
Applying migration `202609270002_talent_merge_history`
Applying migration `202609270003_talent_transfer`
Applying migration `202609270004_capability_transfer`
Applying migration `202609270005_external_ref_transfer`
Applying migration `202609270006_representation_transfer`
Applying migration `202609270007_field_evidence_transfer`
Applying migration `202609270008_credential_transfer`
Applying migration `202609280001_credential_media_transfer`
Applying migration `202609280002_collection_transfer`
Applying migration `202609280003_adult_eligibility_transfer`
Applying migration `202609280004_identity_evidence_transfer`
Applying migration `202609280005_merge_history_transfer`
Applying migration `202609280006_candidate_review_lineage`
Applying migration `202609280007_identity_retention_permission`
Applying migration `202609280008_merge_history_erasure`
Applying migration `202609280009_internal_locale_texts`
Applying migration `202609280010_locale_dependency_identity`
Applying migration `202609280011_locale_transfer`
Applying migration `202609280012_locale_merge`
Applying migration `202609280013_ai_dispatch_ledger`
Applying migration `202609280014_ai_business`
Applying migration `202609280015_ai_operations`
Applying migration `202609290001_ai_connections`
Applying migration `202609290002_media_documents_video`
Applying migration `202609290003_project_parties`
Applying migration `202609290004_project_party_export_fields`
Applying migration `202609290005_media_erased_limits`
Applying migration `202609300001_talent_experience_pr01b`
Applying migration `202610010001_talent_auth_principals`
Applying migration `202610010002_talent_auth_key_binding`
Applying migration `202610010003_talent_maintenance`
Applying migration `202610010004_talent_basis_rebuild`
Applying migration `202610010005_talent_maintenance_permissions`
Applying migration `202610010006_talent_submission_ownership`
Applying migration `202610010007_media_ownership`
Applying migration `202610010008_media_collections`

The following migration(s) have been applied:

migrations/
  └─ 202609220001_initial/
    └─ migration.sql
  └─ 202609230001_source_history/
    └─ migration.sql
  └─ 202609230002_record_handoffs/
    └─ migration.sql
  └─ 202609230003_private_images/
    └─ migration.sql
  └─ 202609240001_works_projects/
    └─ migration.sql
  └─ 202609240002_search_shortlists/
    └─ migration.sql
  └─ 202609240003_shortlist_asset_unlink/
    └─ migration.sql
  └─ 202609240004_search_facts_sql/
    └─ migration.sql
  └─ 202609240005_dictionary_search_namespaces/
    └─ migration.sql
  └─ 202609240006_export_dependencies/
    └─ migration.sql
  └─ 202609240007_export_payload_json_null/
    └─ migration.sql
  └─ 202609240008_deletion_impact_preview/
    └─ migration.sql
  └─ 202609240009_deletion_blocking/
    └─ migration.sql
  └─ 202609240010_deletion_retention_plan/
    └─ migration.sql
  └─ 202609240011_deletion_cleanup_execution/
    └─ migration.sql
  └─ 202609240012_cleanup_null_guards/
    └─ migration.sql
  └─ 202609250001_deletion_finalization_states/
    └─ migration.sql
  └─ 202609250002_person_merge_foundation/
    └─ migration.sql
  └─ 202609250003_person_merge_integrity/
    └─ migration.sql
  └─ 202609260001_recovery_runs/
    └─ migration.sql
  └─ 202609260002_recovery_inspection/
    └─ migration.sql
  └─ 202609260003_recovery_report_guards/
    └─ migration.sql
  └─ 202609260004_recovery_approval_evidence/
    └─ migration.sql
  └─ 202609260005_recovery_approval_media_guard/
    └─ migration.sql
  └─ 202609260006_recovery_backup_media_identity/
    └─ migration.sql
  └─ 202609260007_recovery_delta_resolution/
    └─ migration.sql
  └─ 202609270001_talent_domain_v2/
    └─ migration.sql
  └─ 202609270002_talent_merge_history/
    └─ migration.sql
  └─ 202609270003_talent_transfer/
    └─ migration.sql
  └─ 202609270004_capability_transfer/
    └─ migration.sql
  └─ 202609270005_external_ref_transfer/
    └─ migration.sql
  └─ 202609270006_representation_transfer/
    └─ migration.sql
  └─ 202609270007_field_evidence_transfer/
    └─ migration.sql
  └─ 202609270008_credential_transfer/
    └─ migration.sql
  └─ 202609280001_credential_media_transfer/
    └─ migration.sql
  └─ 202609280002_collection_transfer/
    └─ migration.sql
  └─ 202609280003_adult_eligibility_transfer/
    └─ migration.sql
  └─ 202609280004_identity_evidence_transfer/
    └─ migration.sql
  └─ 202609280005_merge_history_transfer/
    └─ migration.sql
  └─ 202609280006_candidate_review_lineage/
    └─ migration.sql
  └─ 202609280007_identity_retention_permission/
    └─ migration.sql
  └─ 202609280008_merge_history_erasure/
    └─ migration.sql
  └─ 202609280009_internal_locale_texts/
    └─ migration.sql
  └─ 202609280010_locale_dependency_identity/
    └─ migration.sql
  └─ 202609280011_locale_transfer/
    └─ migration.sql
  └─ 202609280012_locale_merge/
    └─ migration.sql
  └─ 202609280013_ai_dispatch_ledger/
    └─ migration.sql
  └─ 202609280014_ai_business/
    └─ migration.sql
  └─ 202609280015_ai_operations/
    └─ migration.sql
  └─ 202609290001_ai_connections/
    └─ migration.sql
  └─ 202609290002_media_documents_video/
    └─ migration.sql
  └─ 202609290003_project_parties/
    └─ migration.sql
  └─ 202609290004_project_party_export_fields/
    └─ migration.sql
  └─ 202609290005_media_erased_limits/
    └─ migration.sql
  └─ 202609300001_talent_experience_pr01b/
    └─ migration.sql
  └─ 202610010001_talent_auth_principals/
    └─ migration.sql
  └─ 202610010002_talent_auth_key_binding/
    └─ migration.sql
  └─ 202610010003_talent_maintenance/
    └─ migration.sql
  └─ 202610010004_talent_basis_rebuild/
    └─ migration.sql
  └─ 202610010005_talent_maintenance_permissions/
    └─ migration.sql
  └─ 202610010006_talent_submission_ownership/
    └─ migration.sql
  └─ 202610010007_media_ownership/
    └─ migration.sql
  └─ 202610010008_media_collections/
    └─ migration.sql
      
All migrations have been successfully applied.
TAP version 13
# {"checks":["merge-STAGED-keeps-intake-scope","READY-STAGED-denies-formal-B-without-intake","ADOPTED-direct-list-preview-TD2-use-formal-Person-Source-not-intake","formal-B-export-adopted-without-intake","formal-B-merge-preview-without-historical-intake","current-person-scope-remains-required","current-formal-source-scope-revocation-denies-all-consumers","exact-formal-Role-inactivation-denies-direct-list-preview-and-graph"]}
# Subtest: tests/postgres/media-staging.test.ts
ok 1 - tests/postgres/media-staging.test.ts
  ---
  duration_ms: 2413.808042
  type: 'test'
  ...
1..1
# tests 1
# suites 0
# pass 1
# fail 0
# cancelled 0
# skipped 0
# todo 0
# duration_ms 2418.038417
Prisma schema loaded from prisma/schema.prisma
Datasource "db": PostgreSQL database "once_test_media_bound_pr03cf_full2", schema "public" at "127.0.0.1:56531"

63 migrations found in prisma/migrations

Applying migration `202609220001_initial`
Applying migration `202609230001_source_history`
Applying migration `202609230002_record_handoffs`
Applying migration `202609230003_private_images`
Applying migration `202609240001_works_projects`
Applying migration `202609240002_search_shortlists`
Applying migration `202609240003_shortlist_asset_unlink`
Applying migration `202609240004_search_facts_sql`
Applying migration `202609240005_dictionary_search_namespaces`
Applying migration `202609240006_export_dependencies`
Applying migration `202609240007_export_payload_json_null`
Applying migration `202609240008_deletion_impact_preview`
Applying migration `202609240009_deletion_blocking`
Applying migration `202609240010_deletion_retention_plan`
Applying migration `202609240011_deletion_cleanup_execution`
Applying migration `202609240012_cleanup_null_guards`
Applying migration `202609250001_deletion_finalization_states`
Applying migration `202609250002_person_merge_foundation`
Applying migration `202609250003_person_merge_integrity`
Applying migration `202609260001_recovery_runs`
Applying migration `202609260002_recovery_inspection`
Applying migration `202609260003_recovery_report_guards`
Applying migration `202609260004_recovery_approval_evidence`
Applying migration `202609260005_recovery_approval_media_guard`
Applying migration `202609260006_recovery_backup_media_identity`
Applying migration `202609260007_recovery_delta_resolution`
Applying migration `202609270001_talent_domain_v2`
Applying migration `202609270002_talent_merge_history`
Applying migration `202609270003_talent_transfer`
Applying migration `202609270004_capability_transfer`
Applying migration `202609270005_external_ref_transfer`
Applying migration `202609270006_representation_transfer`
Applying migration `202609270007_field_evidence_transfer`
Applying migration `202609270008_credential_transfer`
Applying migration `202609280001_credential_media_transfer`
Applying migration `202609280002_collection_transfer`
Applying migration `202609280003_adult_eligibility_transfer`
Applying migration `202609280004_identity_evidence_transfer`
Applying migration `202609280005_merge_history_transfer`
Applying migration `202609280006_candidate_review_lineage`
Applying migration `202609280007_identity_retention_permission`
Applying migration `202609280008_merge_history_erasure`
Applying migration `202609280009_internal_locale_texts`
Applying migration `202609280010_locale_dependency_identity`
Applying migration `202609280011_locale_transfer`
Applying migration `202609280012_locale_merge`
Applying migration `202609280013_ai_dispatch_ledger`
Applying migration `202609280014_ai_business`
Applying migration `202609280015_ai_operations`
Applying migration `202609290001_ai_connections`
Applying migration `202609290002_media_documents_video`
Applying migration `202609290003_project_parties`
Applying migration `202609290004_project_party_export_fields`
Applying migration `202609290005_media_erased_limits`
Applying migration `202609300001_talent_experience_pr01b`
Applying migration `202610010001_talent_auth_principals`
Applying migration `202610010002_talent_auth_key_binding`
Applying migration `202610010003_talent_maintenance`
Applying migration `202610010004_talent_basis_rebuild`
Applying migration `202610010005_talent_maintenance_permissions`
Applying migration `202610010006_talent_submission_ownership`
Applying migration `202610010007_media_ownership`
Applying migration `202610010008_media_collections`

The following migration(s) have been applied:

migrations/
  └─ 202609220001_initial/
    └─ migration.sql
  └─ 202609230001_source_history/
    └─ migration.sql
  └─ 202609230002_record_handoffs/
    └─ migration.sql
  └─ 202609230003_private_images/
    └─ migration.sql
  └─ 202609240001_works_projects/
    └─ migration.sql
  └─ 202609240002_search_shortlists/
    └─ migration.sql
  └─ 202609240003_shortlist_asset_unlink/
    └─ migration.sql
  └─ 202609240004_search_facts_sql/
    └─ migration.sql
  └─ 202609240005_dictionary_search_namespaces/
    └─ migration.sql
  └─ 202609240006_export_dependencies/
    └─ migration.sql
  └─ 202609240007_export_payload_json_null/
    └─ migration.sql
  └─ 202609240008_deletion_impact_preview/
    └─ migration.sql
  └─ 202609240009_deletion_blocking/
    └─ migration.sql
  └─ 202609240010_deletion_retention_plan/
    └─ migration.sql
  └─ 202609240011_deletion_cleanup_execution/
    └─ migration.sql
  └─ 202609240012_cleanup_null_guards/
    └─ migration.sql
  └─ 202609250001_deletion_finalization_states/
    └─ migration.sql
  └─ 202609250002_person_merge_foundation/
    └─ migration.sql
  └─ 202609250003_person_merge_integrity/
    └─ migration.sql
  └─ 202609260001_recovery_runs/
    └─ migration.sql
  └─ 202609260002_recovery_inspection/
    └─ migration.sql
  └─ 202609260003_recovery_report_guards/
    └─ migration.sql
  └─ 202609260004_recovery_approval_evidence/
    └─ migration.sql
  └─ 202609260005_recovery_approval_media_guard/
    └─ migration.sql
  └─ 202609260006_recovery_backup_media_identity/
    └─ migration.sql
  └─ 202609260007_recovery_delta_resolution/
    └─ migration.sql
  └─ 202609270001_talent_domain_v2/
    └─ migration.sql
  └─ 202609270002_talent_merge_history/
    └─ migration.sql
  └─ 202609270003_talent_transfer/
    └─ migration.sql
  └─ 202609270004_capability_transfer/
    └─ migration.sql
  └─ 202609270005_external_ref_transfer/
    └─ migration.sql
  └─ 202609270006_representation_transfer/
    └─ migration.sql
  └─ 202609270007_field_evidence_transfer/
    └─ migration.sql
  └─ 202609270008_credential_transfer/
    └─ migration.sql
  └─ 202609280001_credential_media_transfer/
    └─ migration.sql
  └─ 202609280002_collection_transfer/
    └─ migration.sql
  └─ 202609280003_adult_eligibility_transfer/
    └─ migration.sql
  └─ 202609280004_identity_evidence_transfer/
    └─ migration.sql
  └─ 202609280005_merge_history_transfer/
    └─ migration.sql
  └─ 202609280006_candidate_review_lineage/
    └─ migration.sql
  └─ 202609280007_identity_retention_permission/
    └─ migration.sql
  └─ 202609280008_merge_history_erasure/
    └─ migration.sql
  └─ 202609280009_internal_locale_texts/
    └─ migration.sql
  └─ 202609280010_locale_dependency_identity/
    └─ migration.sql
  └─ 202609280011_locale_transfer/
    └─ migration.sql
  └─ 202609280012_locale_merge/
    └─ migration.sql
  └─ 202609280013_ai_dispatch_ledger/
    └─ migration.sql
  └─ 202609280014_ai_business/
    └─ migration.sql
  └─ 202609280015_ai_operations/
    └─ migration.sql
  └─ 202609290001_ai_connections/
    └─ migration.sql
  └─ 202609290002_media_documents_video/
    └─ migration.sql
  └─ 202609290003_project_parties/
    └─ migration.sql
  └─ 202609290004_project_party_export_fields/
    └─ migration.sql
  └─ 202609290005_media_erased_limits/
    └─ migration.sql
  └─ 202609300001_talent_experience_pr01b/
    └─ migration.sql
  └─ 202610010001_talent_auth_principals/
    └─ migration.sql
  └─ 202610010002_talent_auth_key_binding/
    └─ migration.sql
  └─ 202610010003_talent_maintenance/
    └─ migration.sql
  └─ 202610010004_talent_basis_rebuild/
    └─ migration.sql
  └─ 202610010005_talent_maintenance_permissions/
    └─ migration.sql
  └─ 202610010006_talent_submission_ownership/
    └─ migration.sql
  └─ 202610010007_media_ownership/
    └─ migration.sql
  └─ 202610010008_media_collections/
    └─ migration.sql
      
All migrations have been successfully applied.
TAP version 13
# {"checks":["real-principal-and-ready-staged-orthogonal","cross-account-staged-read-denied","staged-hidden-from-ordinary-assets","staged-hidden-from-td2-directory-work-candidate-policy-and-business-transfer","submitted-freezes-media-membership","atomic-adoption-preserves-asset-id-hash-uploader-origin","formal-source-relation-allows-multi-source","postgres-uploader-xor","postgres-uploader-fk","postgres-submission-account-fk","postgres-immutable-asset-origin","postgres-immutable-hash","postgres-no-half-adoption","postgres-formal-media-export-with-source-basis-and-relation","postgres-json-rebuild-formal-multi-source-relation-and-bytes-without-auth"]}
# Subtest: tests/postgres/media-staging.test.ts
ok 1 - tests/postgres/media-staging.test.ts
  ---
  duration_ms: 3518.804875
  type: 'test'
  ...
1..1
# tests 1
# suites 0
# pass 1
# fail 0
# cancelled 0
# skipped 0
# todo 0
# duration_ms 3523.709
Prisma schema loaded from prisma/schema.prisma
Datasource "db": PostgreSQL database "once_test_media_enroll_pr03cf_full2", schema "public" at "127.0.0.1:56531"

63 migrations found in prisma/migrations

Applying migration `202609220001_initial`
Applying migration `202609230001_source_history`
Applying migration `202609230002_record_handoffs`
Applying migration `202609230003_private_images`
Applying migration `202609240001_works_projects`
Applying migration `202609240002_search_shortlists`
Applying migration `202609240003_shortlist_asset_unlink`
Applying migration `202609240004_search_facts_sql`
Applying migration `202609240005_dictionary_search_namespaces`
Applying migration `202609240006_export_dependencies`
Applying migration `202609240007_export_payload_json_null`
Applying migration `202609240008_deletion_impact_preview`
Applying migration `202609240009_deletion_blocking`
Applying migration `202609240010_deletion_retention_plan`
Applying migration `202609240011_deletion_cleanup_execution`
Applying migration `202609240012_cleanup_null_guards`
Applying migration `202609250001_deletion_finalization_states`
Applying migration `202609250002_person_merge_foundation`
Applying migration `202609250003_person_merge_integrity`
Applying migration `202609260001_recovery_runs`
Applying migration `202609260002_recovery_inspection`
Applying migration `202609260003_recovery_report_guards`
Applying migration `202609260004_recovery_approval_evidence`
Applying migration `202609260005_recovery_approval_media_guard`
Applying migration `202609260006_recovery_backup_media_identity`
Applying migration `202609260007_recovery_delta_resolution`
Applying migration `202609270001_talent_domain_v2`
Applying migration `202609270002_talent_merge_history`
Applying migration `202609270003_talent_transfer`
Applying migration `202609270004_capability_transfer`
Applying migration `202609270005_external_ref_transfer`
Applying migration `202609270006_representation_transfer`
Applying migration `202609270007_field_evidence_transfer`
Applying migration `202609270008_credential_transfer`
Applying migration `202609280001_credential_media_transfer`
Applying migration `202609280002_collection_transfer`
Applying migration `202609280003_adult_eligibility_transfer`
Applying migration `202609280004_identity_evidence_transfer`
Applying migration `202609280005_merge_history_transfer`
Applying migration `202609280006_candidate_review_lineage`
Applying migration `202609280007_identity_retention_permission`
Applying migration `202609280008_merge_history_erasure`
Applying migration `202609280009_internal_locale_texts`
Applying migration `202609280010_locale_dependency_identity`
Applying migration `202609280011_locale_transfer`
Applying migration `202609280012_locale_merge`
Applying migration `202609280013_ai_dispatch_ledger`
Applying migration `202609280014_ai_business`
Applying migration `202609280015_ai_operations`
Applying migration `202609290001_ai_connections`
Applying migration `202609290002_media_documents_video`
Applying migration `202609290003_project_parties`
Applying migration `202609290004_project_party_export_fields`
Applying migration `202609290005_media_erased_limits`
Applying migration `202609300001_talent_experience_pr01b`
Applying migration `202610010001_talent_auth_principals`
Applying migration `202610010002_talent_auth_key_binding`
Applying migration `202610010003_talent_maintenance`
Applying migration `202610010004_talent_basis_rebuild`
Applying migration `202610010005_talent_maintenance_permissions`
Applying migration `202610010006_talent_submission_ownership`
Applying migration `202610010007_media_ownership`
Applying migration `202610010008_media_collections`

The following migration(s) have been applied:

migrations/
  └─ 202609220001_initial/
    └─ migration.sql
  └─ 202609230001_source_history/
    └─ migration.sql
  └─ 202609230002_record_handoffs/
    └─ migration.sql
  └─ 202609230003_private_images/
    └─ migration.sql
  └─ 202609240001_works_projects/
    └─ migration.sql
  └─ 202609240002_search_shortlists/
    └─ migration.sql
  └─ 202609240003_shortlist_asset_unlink/
    └─ migration.sql
  └─ 202609240004_search_facts_sql/
    └─ migration.sql
  └─ 202609240005_dictionary_search_namespaces/
    └─ migration.sql
  └─ 202609240006_export_dependencies/
    └─ migration.sql
  └─ 202609240007_export_payload_json_null/
    └─ migration.sql
  └─ 202609240008_deletion_impact_preview/
    └─ migration.sql
  └─ 202609240009_deletion_blocking/
    └─ migration.sql
  └─ 202609240010_deletion_retention_plan/
    └─ migration.sql
  └─ 202609240011_deletion_cleanup_execution/
    └─ migration.sql
  └─ 202609240012_cleanup_null_guards/
    └─ migration.sql
  └─ 202609250001_deletion_finalization_states/
    └─ migration.sql
  └─ 202609250002_person_merge_foundation/
    └─ migration.sql
  └─ 202609250003_person_merge_integrity/
    └─ migration.sql
  └─ 202609260001_recovery_runs/
    └─ migration.sql
  └─ 202609260002_recovery_inspection/
    └─ migration.sql
  └─ 202609260003_recovery_report_guards/
    └─ migration.sql
  └─ 202609260004_recovery_approval_evidence/
    └─ migration.sql
  └─ 202609260005_recovery_approval_media_guard/
    └─ migration.sql
  └─ 202609260006_recovery_backup_media_identity/
    └─ migration.sql
  └─ 202609260007_recovery_delta_resolution/
    └─ migration.sql
  └─ 202609270001_talent_domain_v2/
    └─ migration.sql
  └─ 202609270002_talent_merge_history/
    └─ migration.sql
  └─ 202609270003_talent_transfer/
    └─ migration.sql
  └─ 202609270004_capability_transfer/
    └─ migration.sql
  └─ 202609270005_external_ref_transfer/
    └─ migration.sql
  └─ 202609270006_representation_transfer/
    └─ migration.sql
  └─ 202609270007_field_evidence_transfer/
    └─ migration.sql
  └─ 202609270008_credential_transfer/
    └─ migration.sql
  └─ 202609280001_credential_media_transfer/
    └─ migration.sql
  └─ 202609280002_collection_transfer/
    └─ migration.sql
  └─ 202609280003_adult_eligibility_transfer/
    └─ migration.sql
  └─ 202609280004_identity_evidence_transfer/
    └─ migration.sql
  └─ 202609280005_merge_history_transfer/
    └─ migration.sql
  └─ 202609280006_candidate_review_lineage/
    └─ migration.sql
  └─ 202609280007_identity_retention_permission/
    └─ migration.sql
  └─ 202609280008_merge_history_erasure/
    └─ migration.sql
  └─ 202609280009_internal_locale_texts/
    └─ migration.sql
  └─ 202609280010_locale_dependency_identity/
    └─ migration.sql
  └─ 202609280011_locale_transfer/
    └─ migration.sql
  └─ 202609280012_locale_merge/
    └─ migration.sql
  └─ 202609280013_ai_dispatch_ledger/
    └─ migration.sql
  └─ 202609280014_ai_business/
    └─ migration.sql
  └─ 202609280015_ai_operations/
    └─ migration.sql
  └─ 202609290001_ai_connections/
    └─ migration.sql
  └─ 202609290002_media_documents_video/
    └─ migration.sql
  └─ 202609290003_project_parties/
    └─ migration.sql
  └─ 202609290004_project_party_export_fields/
    └─ migration.sql
  └─ 202609290005_media_erased_limits/
    └─ migration.sql
  └─ 202609300001_talent_experience_pr01b/
    └─ migration.sql
  └─ 202610010001_talent_auth_principals/
    └─ migration.sql
  └─ 202610010002_talent_auth_key_binding/
    └─ migration.sql
  └─ 202610010003_talent_maintenance/
    └─ migration.sql
  └─ 202610010004_talent_basis_rebuild/
    └─ migration.sql
  └─ 202610010005_talent_maintenance_permissions/
    └─ migration.sql
  └─ 202610010006_talent_submission_ownership/
    └─ migration.sql
  └─ 202610010007_media_ownership/
    └─ migration.sql
  └─ 202610010008_media_collections/
    └─ migration.sql
      
All migrations have been successfully applied.
TAP version 13
# {"checks":["real-principal-and-ready-staged-orthogonal","cross-account-staged-read-denied","staged-hidden-from-ordinary-assets","staged-hidden-from-td2-directory-work-candidate-policy-and-business-transfer","submitted-freezes-media-membership","atomic-adoption-preserves-asset-id-hash-uploader-origin","formal-source-relation-allows-multi-source","postgres-uploader-xor","postgres-uploader-fk","postgres-submission-account-fk","postgres-immutable-asset-origin","postgres-immutable-hash","postgres-no-half-adoption","postgres-formal-media-export-with-source-basis-and-relation"]}
# Subtest: tests/postgres/media-staging.test.ts
ok 1 - tests/postgres/media-staging.test.ts
  ---
  duration_ms: 1362.599542
  type: 'test'
  ...
1..1
# tests 1
# suites 0
# pass 1
# fail 0
# cancelled 0
# skipped 0
# todo 0
# duration_ms 1367.123833
Prisma schema loaded from prisma/schema.prisma
Datasource "db": PostgreSQL database "once_test_media_security_pr03cf_full2", schema "public" at "127.0.0.1:56531"

63 migrations found in prisma/migrations

Applying migration `202609220001_initial`
Applying migration `202609230001_source_history`
Applying migration `202609230002_record_handoffs`
Applying migration `202609230003_private_images`
Applying migration `202609240001_works_projects`
Applying migration `202609240002_search_shortlists`
Applying migration `202609240003_shortlist_asset_unlink`
Applying migration `202609240004_search_facts_sql`
Applying migration `202609240005_dictionary_search_namespaces`
Applying migration `202609240006_export_dependencies`
Applying migration `202609240007_export_payload_json_null`
Applying migration `202609240008_deletion_impact_preview`
Applying migration `202609240009_deletion_blocking`
Applying migration `202609240010_deletion_retention_plan`
Applying migration `202609240011_deletion_cleanup_execution`
Applying migration `202609240012_cleanup_null_guards`
Applying migration `202609250001_deletion_finalization_states`
Applying migration `202609250002_person_merge_foundation`
Applying migration `202609250003_person_merge_integrity`
Applying migration `202609260001_recovery_runs`
Applying migration `202609260002_recovery_inspection`
Applying migration `202609260003_recovery_report_guards`
Applying migration `202609260004_recovery_approval_evidence`
Applying migration `202609260005_recovery_approval_media_guard`
Applying migration `202609260006_recovery_backup_media_identity`
Applying migration `202609260007_recovery_delta_resolution`
Applying migration `202609270001_talent_domain_v2`
Applying migration `202609270002_talent_merge_history`
Applying migration `202609270003_talent_transfer`
Applying migration `202609270004_capability_transfer`
Applying migration `202609270005_external_ref_transfer`
Applying migration `202609270006_representation_transfer`
Applying migration `202609270007_field_evidence_transfer`
Applying migration `202609270008_credential_transfer`
Applying migration `202609280001_credential_media_transfer`
Applying migration `202609280002_collection_transfer`
Applying migration `202609280003_adult_eligibility_transfer`
Applying migration `202609280004_identity_evidence_transfer`
Applying migration `202609280005_merge_history_transfer`
Applying migration `202609280006_candidate_review_lineage`
Applying migration `202609280007_identity_retention_permission`
Applying migration `202609280008_merge_history_erasure`
Applying migration `202609280009_internal_locale_texts`
Applying migration `202609280010_locale_dependency_identity`
Applying migration `202609280011_locale_transfer`
Applying migration `202609280012_locale_merge`
Applying migration `202609280013_ai_dispatch_ledger`
Applying migration `202609280014_ai_business`
Applying migration `202609280015_ai_operations`
Applying migration `202609290001_ai_connections`
Applying migration `202609290002_media_documents_video`
Applying migration `202609290003_project_parties`
Applying migration `202609290004_project_party_export_fields`
Applying migration `202609290005_media_erased_limits`
Applying migration `202609300001_talent_experience_pr01b`
Applying migration `202610010001_talent_auth_principals`
Applying migration `202610010002_talent_auth_key_binding`
Applying migration `202610010003_talent_maintenance`
Applying migration `202610010004_talent_basis_rebuild`
Applying migration `202610010005_talent_maintenance_permissions`
Applying migration `202610010006_talent_submission_ownership`
Applying migration `202610010007_media_ownership`
Applying migration `202610010008_media_collections`

The following migration(s) have been applied:

migrations/
  └─ 202609220001_initial/
    └─ migration.sql
  └─ 202609230001_source_history/
    └─ migration.sql
  └─ 202609230002_record_handoffs/
    └─ migration.sql
  └─ 202609230003_private_images/
    └─ migration.sql
  └─ 202609240001_works_projects/
    └─ migration.sql
  └─ 202609240002_search_shortlists/
    └─ migration.sql
  └─ 202609240003_shortlist_asset_unlink/
    └─ migration.sql
  └─ 202609240004_search_facts_sql/
    └─ migration.sql
  └─ 202609240005_dictionary_search_namespaces/
    └─ migration.sql
  └─ 202609240006_export_dependencies/
    └─ migration.sql
  └─ 202609240007_export_payload_json_null/
    └─ migration.sql
  └─ 202609240008_deletion_impact_preview/
    └─ migration.sql
  └─ 202609240009_deletion_blocking/
    └─ migration.sql
  └─ 202609240010_deletion_retention_plan/
    └─ migration.sql
  └─ 202609240011_deletion_cleanup_execution/
    └─ migration.sql
  └─ 202609240012_cleanup_null_guards/
    └─ migration.sql
  └─ 202609250001_deletion_finalization_states/
    └─ migration.sql
  └─ 202609250002_person_merge_foundation/
    └─ migration.sql
  └─ 202609250003_person_merge_integrity/
    └─ migration.sql
  └─ 202609260001_recovery_runs/
    └─ migration.sql
  └─ 202609260002_recovery_inspection/
    └─ migration.sql
  └─ 202609260003_recovery_report_guards/
    └─ migration.sql
  └─ 202609260004_recovery_approval_evidence/
    └─ migration.sql
  └─ 202609260005_recovery_approval_media_guard/
    └─ migration.sql
  └─ 202609260006_recovery_backup_media_identity/
    └─ migration.sql
  └─ 202609260007_recovery_delta_resolution/
    └─ migration.sql
  └─ 202609270001_talent_domain_v2/
    └─ migration.sql
  └─ 202609270002_talent_merge_history/
    └─ migration.sql
  └─ 202609270003_talent_transfer/
    └─ migration.sql
  └─ 202609270004_capability_transfer/
    └─ migration.sql
  └─ 202609270005_external_ref_transfer/
    └─ migration.sql
  └─ 202609270006_representation_transfer/
    └─ migration.sql
  └─ 202609270007_field_evidence_transfer/
    └─ migration.sql
  └─ 202609270008_credential_transfer/
    └─ migration.sql
  └─ 202609280001_credential_media_transfer/
    └─ migration.sql
  └─ 202609280002_collection_transfer/
    └─ migration.sql
  └─ 202609280003_adult_eligibility_transfer/
    └─ migration.sql
  └─ 202609280004_identity_evidence_transfer/
    └─ migration.sql
  └─ 202609280005_merge_history_transfer/
    └─ migration.sql
  └─ 202609280006_candidate_review_lineage/
    └─ migration.sql
  └─ 202609280007_identity_retention_permission/
    └─ migration.sql
  └─ 202609280008_merge_history_erasure/
    └─ migration.sql
  └─ 202609280009_internal_locale_texts/
    └─ migration.sql
  └─ 202609280010_locale_dependency_identity/
    └─ migration.sql
  └─ 202609280011_locale_transfer/
    └─ migration.sql
  └─ 202609280012_locale_merge/
    └─ migration.sql
  └─ 202609280013_ai_dispatch_ledger/
    └─ migration.sql
  └─ 202609280014_ai_business/
    └─ migration.sql
  └─ 202609280015_ai_operations/
    └─ migration.sql
  └─ 202609290001_ai_connections/
    └─ migration.sql
  └─ 202609290002_media_documents_video/
    └─ migration.sql
  └─ 202609290003_project_parties/
    └─ migration.sql
  └─ 202609290004_project_party_export_fields/
    └─ migration.sql
  └─ 202609290005_media_erased_limits/
    └─ migration.sql
  └─ 202609300001_talent_experience_pr01b/
    └─ migration.sql
  └─ 202610010001_talent_auth_principals/
    └─ migration.sql
  └─ 202610010002_talent_auth_key_binding/
    └─ migration.sql
  └─ 202610010003_talent_maintenance/
    └─ migration.sql
  └─ 202610010004_talent_basis_rebuild/
    └─ migration.sql
  └─ 202610010005_talent_maintenance_permissions/
    └─ migration.sql
  └─ 202610010006_talent_submission_ownership/
    └─ migration.sql
  └─ 202610010007_media_ownership/
    └─ migration.sql
  └─ 202610010008_media_collections/
    └─ migration.sql
      
All migrations have been successfully applied.
TAP version 13
# {"checks":["unknown-fields-no-existing-asset-reference","review-permission-does-not-bypass-intake-scope","adoption-audit-failure-rolls-back-source-relation-state-receipt","media-source-B-revoked-person-primary-A-remains-readable","grant-revocation-stops-real-worker-claim-before-asset","grant-revocation-denies-self-read"]}
# Subtest: tests/postgres/media-staging.test.ts
ok 1 - tests/postgres/media-staging.test.ts
  ---
  duration_ms: 1246.488042
  type: 'test'
  ...
1..1
# tests 1
# suites 0
# pass 1
# fail 0
# cancelled 0
# skipped 0
# todo 0
# duration_ms 1250.870416
Prisma schema loaded from prisma/schema.prisma
Datasource "db": PostgreSQL database "once_test_media_merge_pr03cf_full2", schema "public" at "127.0.0.1:56531"

63 migrations found in prisma/migrations

Applying migration `202609220001_initial`
Applying migration `202609230001_source_history`
Applying migration `202609230002_record_handoffs`
Applying migration `202609230003_private_images`
Applying migration `202609240001_works_projects`
Applying migration `202609240002_search_shortlists`
Applying migration `202609240003_shortlist_asset_unlink`
Applying migration `202609240004_search_facts_sql`
Applying migration `202609240005_dictionary_search_namespaces`
Applying migration `202609240006_export_dependencies`
Applying migration `202609240007_export_payload_json_null`
Applying migration `202609240008_deletion_impact_preview`
Applying migration `202609240009_deletion_blocking`
Applying migration `202609240010_deletion_retention_plan`
Applying migration `202609240011_deletion_cleanup_execution`
Applying migration `202609240012_cleanup_null_guards`
Applying migration `202609250001_deletion_finalization_states`
Applying migration `202609250002_person_merge_foundation`
Applying migration `202609250003_person_merge_integrity`
Applying migration `202609260001_recovery_runs`
Applying migration `202609260002_recovery_inspection`
Applying migration `202609260003_recovery_report_guards`
Applying migration `202609260004_recovery_approval_evidence`
Applying migration `202609260005_recovery_approval_media_guard`
Applying migration `202609260006_recovery_backup_media_identity`
Applying migration `202609260007_recovery_delta_resolution`
Applying migration `202609270001_talent_domain_v2`
Applying migration `202609270002_talent_merge_history`
Applying migration `202609270003_talent_transfer`
Applying migration `202609270004_capability_transfer`
Applying migration `202609270005_external_ref_transfer`
Applying migration `202609270006_representation_transfer`
Applying migration `202609270007_field_evidence_transfer`
Applying migration `202609270008_credential_transfer`
Applying migration `202609280001_credential_media_transfer`
Applying migration `202609280002_collection_transfer`
Applying migration `202609280003_adult_eligibility_transfer`
Applying migration `202609280004_identity_evidence_transfer`
Applying migration `202609280005_merge_history_transfer`
Applying migration `202609280006_candidate_review_lineage`
Applying migration `202609280007_identity_retention_permission`
Applying migration `202609280008_merge_history_erasure`
Applying migration `202609280009_internal_locale_texts`
Applying migration `202609280010_locale_dependency_identity`
Applying migration `202609280011_locale_transfer`
Applying migration `202609280012_locale_merge`
Applying migration `202609280013_ai_dispatch_ledger`
Applying migration `202609280014_ai_business`
Applying migration `202609280015_ai_operations`
Applying migration `202609290001_ai_connections`
Applying migration `202609290002_media_documents_video`
Applying migration `202609290003_project_parties`
Applying migration `202609290004_project_party_export_fields`
Applying migration `202609290005_media_erased_limits`
Applying migration `202609300001_talent_experience_pr01b`
Applying migration `202610010001_talent_auth_principals`
Applying migration `202610010002_talent_auth_key_binding`
Applying migration `202610010003_talent_maintenance`
Applying migration `202610010004_talent_basis_rebuild`
Applying migration `202610010005_talent_maintenance_permissions`
Applying migration `202610010006_talent_submission_ownership`
Applying migration `202610010007_media_ownership`
Applying migration `202610010008_media_collections`

The following migration(s) have been applied:

migrations/
  └─ 202609220001_initial/
    └─ migration.sql
  └─ 202609230001_source_history/
    └─ migration.sql
  └─ 202609230002_record_handoffs/
    └─ migration.sql
  └─ 202609230003_private_images/
    └─ migration.sql
  └─ 202609240001_works_projects/
    └─ migration.sql
  └─ 202609240002_search_shortlists/
    └─ migration.sql
  └─ 202609240003_shortlist_asset_unlink/
    └─ migration.sql
  └─ 202609240004_search_facts_sql/
    └─ migration.sql
  └─ 202609240005_dictionary_search_namespaces/
    └─ migration.sql
  └─ 202609240006_export_dependencies/
    └─ migration.sql
  └─ 202609240007_export_payload_json_null/
    └─ migration.sql
  └─ 202609240008_deletion_impact_preview/
    └─ migration.sql
  └─ 202609240009_deletion_blocking/
    └─ migration.sql
  └─ 202609240010_deletion_retention_plan/
    └─ migration.sql
  └─ 202609240011_deletion_cleanup_execution/
    └─ migration.sql
  └─ 202609240012_cleanup_null_guards/
    └─ migration.sql
  └─ 202609250001_deletion_finalization_states/
    └─ migration.sql
  └─ 202609250002_person_merge_foundation/
    └─ migration.sql
  └─ 202609250003_person_merge_integrity/
    └─ migration.sql
  └─ 202609260001_recovery_runs/
    └─ migration.sql
  └─ 202609260002_recovery_inspection/
    └─ migration.sql
  └─ 202609260003_recovery_report_guards/
    └─ migration.sql
  └─ 202609260004_recovery_approval_evidence/
    └─ migration.sql
  └─ 202609260005_recovery_approval_media_guard/
    └─ migration.sql
  └─ 202609260006_recovery_backup_media_identity/
    └─ migration.sql
  └─ 202609260007_recovery_delta_resolution/
    └─ migration.sql
  └─ 202609270001_talent_domain_v2/
    └─ migration.sql
  └─ 202609270002_talent_merge_history/
    └─ migration.sql
  └─ 202609270003_talent_transfer/
    └─ migration.sql
  └─ 202609270004_capability_transfer/
    └─ migration.sql
  └─ 202609270005_external_ref_transfer/
    └─ migration.sql
  └─ 202609270006_representation_transfer/
    └─ migration.sql
  └─ 202609270007_field_evidence_transfer/
    └─ migration.sql
  └─ 202609270008_credential_transfer/
    └─ migration.sql
  └─ 202609280001_credential_media_transfer/
    └─ migration.sql
  └─ 202609280002_collection_transfer/
    └─ migration.sql
  └─ 202609280003_adult_eligibility_transfer/
    └─ migration.sql
  └─ 202609280004_identity_evidence_transfer/
    └─ migration.sql
  └─ 202609280005_merge_history_transfer/
    └─ migration.sql
  └─ 202609280006_candidate_review_lineage/
    └─ migration.sql
  └─ 202609280007_identity_retention_permission/
    └─ migration.sql
  └─ 202609280008_merge_history_erasure/
    └─ migration.sql
  └─ 202609280009_internal_locale_texts/
    └─ migration.sql
  └─ 202609280010_locale_dependency_identity/
    └─ migration.sql
  └─ 202609280011_locale_transfer/
    └─ migration.sql
  └─ 202609280012_locale_merge/
    └─ migration.sql
  └─ 202609280013_ai_dispatch_ledger/
    └─ migration.sql
  └─ 202609280014_ai_business/
    └─ migration.sql
  └─ 202609280015_ai_operations/
    └─ migration.sql
  └─ 202609290001_ai_connections/
    └─ migration.sql
  └─ 202609290002_media_documents_video/
    └─ migration.sql
  └─ 202609290003_project_parties/
    └─ migration.sql
  └─ 202609290004_project_party_export_fields/
    └─ migration.sql
  └─ 202609290005_media_erased_limits/
    └─ migration.sql
  └─ 202609300001_talent_experience_pr01b/
    └─ migration.sql
  └─ 202610010001_talent_auth_principals/
    └─ migration.sql
  └─ 202610010002_talent_auth_key_binding/
    └─ migration.sql
  └─ 202610010003_talent_maintenance/
    └─ migration.sql
  └─ 202610010004_talent_basis_rebuild/
    └─ migration.sql
  └─ 202610010005_talent_maintenance_permissions/
    └─ migration.sql
  └─ 202610010006_talent_submission_ownership/
    └─ migration.sql
  └─ 202610010007_media_ownership/
    └─ migration.sql
  └─ 202610010008_media_collections/
    └─ migration.sql
      
All migrations have been successfully applied.
TAP version 13
# {"checks":["actual-merge-keeps-staged-origin-does-not-transfer-to-canonical"]}
# Subtest: tests/postgres/media-staging.test.ts
ok 1 - tests/postgres/media-staging.test.ts
  ---
  duration_ms: 914.929042
  type: 'test'
  ...
1..1
# tests 1
# suites 0
# pass 1
# fail 0
# cancelled 0
# skipped 0
# todo 0
# duration_ms 919.720791
Prisma schema loaded from prisma/schema.prisma
Datasource "db": PostgreSQL database "once_test_media_adopted_merge_pr03cf_full2", schema "public" at "127.0.0.1:56531"

63 migrations found in prisma/migrations

Applying migration `202609220001_initial`
Applying migration `202609230001_source_history`
Applying migration `202609230002_record_handoffs`
Applying migration `202609230003_private_images`
Applying migration `202609240001_works_projects`
Applying migration `202609240002_search_shortlists`
Applying migration `202609240003_shortlist_asset_unlink`
Applying migration `202609240004_search_facts_sql`
Applying migration `202609240005_dictionary_search_namespaces`
Applying migration `202609240006_export_dependencies`
Applying migration `202609240007_export_payload_json_null`
Applying migration `202609240008_deletion_impact_preview`
Applying migration `202609240009_deletion_blocking`
Applying migration `202609240010_deletion_retention_plan`
Applying migration `202609240011_deletion_cleanup_execution`
Applying migration `202609240012_cleanup_null_guards`
Applying migration `202609250001_deletion_finalization_states`
Applying migration `202609250002_person_merge_foundation`
Applying migration `202609250003_person_merge_integrity`
Applying migration `202609260001_recovery_runs`
Applying migration `202609260002_recovery_inspection`
Applying migration `202609260003_recovery_report_guards`
Applying migration `202609260004_recovery_approval_evidence`
Applying migration `202609260005_recovery_approval_media_guard`
Applying migration `202609260006_recovery_backup_media_identity`
Applying migration `202609260007_recovery_delta_resolution`
Applying migration `202609270001_talent_domain_v2`
Applying migration `202609270002_talent_merge_history`
Applying migration `202609270003_talent_transfer`
Applying migration `202609270004_capability_transfer`
Applying migration `202609270005_external_ref_transfer`
Applying migration `202609270006_representation_transfer`
Applying migration `202609270007_field_evidence_transfer`
Applying migration `202609270008_credential_transfer`
Applying migration `202609280001_credential_media_transfer`
Applying migration `202609280002_collection_transfer`
Applying migration `202609280003_adult_eligibility_transfer`
Applying migration `202609280004_identity_evidence_transfer`
Applying migration `202609280005_merge_history_transfer`
Applying migration `202609280006_candidate_review_lineage`
Applying migration `202609280007_identity_retention_permission`
Applying migration `202609280008_merge_history_erasure`
Applying migration `202609280009_internal_locale_texts`
Applying migration `202609280010_locale_dependency_identity`
Applying migration `202609280011_locale_transfer`
Applying migration `202609280012_locale_merge`
Applying migration `202609280013_ai_dispatch_ledger`
Applying migration `202609280014_ai_business`
Applying migration `202609280015_ai_operations`
Applying migration `202609290001_ai_connections`
Applying migration `202609290002_media_documents_video`
Applying migration `202609290003_project_parties`
Applying migration `202609290004_project_party_export_fields`
Applying migration `202609290005_media_erased_limits`
Applying migration `202609300001_talent_experience_pr01b`
Applying migration `202610010001_talent_auth_principals`
Applying migration `202610010002_talent_auth_key_binding`
Applying migration `202610010003_talent_maintenance`
Applying migration `202610010004_talent_basis_rebuild`
Applying migration `202610010005_talent_maintenance_permissions`
Applying migration `202610010006_talent_submission_ownership`
Applying migration `202610010007_media_ownership`
Applying migration `202610010008_media_collections`

The following migration(s) have been applied:

migrations/
  └─ 202609220001_initial/
    └─ migration.sql
  └─ 202609230001_source_history/
    └─ migration.sql
  └─ 202609230002_record_handoffs/
    └─ migration.sql
  └─ 202609230003_private_images/
    └─ migration.sql
  └─ 202609240001_works_projects/
    └─ migration.sql
  └─ 202609240002_search_shortlists/
    └─ migration.sql
  └─ 202609240003_shortlist_asset_unlink/
    └─ migration.sql
  └─ 202609240004_search_facts_sql/
    └─ migration.sql
  └─ 202609240005_dictionary_search_namespaces/
    └─ migration.sql
  └─ 202609240006_export_dependencies/
    └─ migration.sql
  └─ 202609240007_export_payload_json_null/
    └─ migration.sql
  └─ 202609240008_deletion_impact_preview/
    └─ migration.sql
  └─ 202609240009_deletion_blocking/
    └─ migration.sql
  └─ 202609240010_deletion_retention_plan/
    └─ migration.sql
  └─ 202609240011_deletion_cleanup_execution/
    └─ migration.sql
  └─ 202609240012_cleanup_null_guards/
    └─ migration.sql
  └─ 202609250001_deletion_finalization_states/
    └─ migration.sql
  └─ 202609250002_person_merge_foundation/
    └─ migration.sql
  └─ 202609250003_person_merge_integrity/
    └─ migration.sql
  └─ 202609260001_recovery_runs/
    └─ migration.sql
  └─ 202609260002_recovery_inspection/
    └─ migration.sql
  └─ 202609260003_recovery_report_guards/
    └─ migration.sql
  └─ 202609260004_recovery_approval_evidence/
    └─ migration.sql
  └─ 202609260005_recovery_approval_media_guard/
    └─ migration.sql
  └─ 202609260006_recovery_backup_media_identity/
    └─ migration.sql
  └─ 202609260007_recovery_delta_resolution/
    └─ migration.sql
  └─ 202609270001_talent_domain_v2/
    └─ migration.sql
  └─ 202609270002_talent_merge_history/
    └─ migration.sql
  └─ 202609270003_talent_transfer/
    └─ migration.sql
  └─ 202609270004_capability_transfer/
    └─ migration.sql
  └─ 202609270005_external_ref_transfer/
    └─ migration.sql
  └─ 202609270006_representation_transfer/
    └─ migration.sql
  └─ 202609270007_field_evidence_transfer/
    └─ migration.sql
  └─ 202609270008_credential_transfer/
    └─ migration.sql
  └─ 202609280001_credential_media_transfer/
    └─ migration.sql
  └─ 202609280002_collection_transfer/
    └─ migration.sql
  └─ 202609280003_adult_eligibility_transfer/
    └─ migration.sql
  └─ 202609280004_identity_evidence_transfer/
    └─ migration.sql
  └─ 202609280005_merge_history_transfer/
    └─ migration.sql
  └─ 202609280006_candidate_review_lineage/
    └─ migration.sql
  └─ 202609280007_identity_retention_permission/
    └─ migration.sql
  └─ 202609280008_merge_history_erasure/
    └─ migration.sql
  └─ 202609280009_internal_locale_texts/
    └─ migration.sql
  └─ 202609280010_locale_dependency_identity/
    └─ migration.sql
  └─ 202609280011_locale_transfer/
    └─ migration.sql
  └─ 202609280012_locale_merge/
    └─ migration.sql
  └─ 202609280013_ai_dispatch_ledger/
    └─ migration.sql
  └─ 202609280014_ai_business/
    └─ migration.sql
  └─ 202609280015_ai_operations/
    └─ migration.sql
  └─ 202609290001_ai_connections/
    └─ migration.sql
  └─ 202609290002_media_documents_video/
    └─ migration.sql
  └─ 202609290003_project_parties/
    └─ migration.sql
  └─ 202609290004_project_party_export_fields/
    └─ migration.sql
  └─ 202609290005_media_erased_limits/
    └─ migration.sql
  └─ 202609300001_talent_experience_pr01b/
    └─ migration.sql
  └─ 202610010001_talent_auth_principals/
    └─ migration.sql
  └─ 202610010002_talent_auth_key_binding/
    └─ migration.sql
  └─ 202610010003_talent_maintenance/
    └─ migration.sql
  └─ 202610010004_talent_basis_rebuild/
    └─ migration.sql
  └─ 202610010005_talent_maintenance_permissions/
    └─ migration.sql
  └─ 202610010006_talent_submission_ownership/
    └─ migration.sql
  └─ 202610010007_media_ownership/
    └─ migration.sql
  └─ 202610010008_media_collections/
    └─ migration.sql
      
All migrations have been successfully applied.
TAP version 13
# {"checks":["actual-merge-moves-only-adopted-formal-relation-preserves-upload-origin"]}
# Subtest: tests/postgres/media-staging.test.ts
ok 1 - tests/postgres/media-staging.test.ts
  ---
  duration_ms: 1135.182291
  type: 'test'
  ...
1..1
# tests 1
# suites 0
# pass 1
# fail 0
# cancelled 0
# skipped 0
# todo 0
# duration_ms 1139.621291
Prisma schema loaded from prisma/schema.prisma
Datasource "db": PostgreSQL database "once_test_media_delete_pr03cf_full2", schema "public" at "127.0.0.1:56531"

63 migrations found in prisma/migrations

Applying migration `202609220001_initial`
Applying migration `202609230001_source_history`
Applying migration `202609230002_record_handoffs`
Applying migration `202609230003_private_images`
Applying migration `202609240001_works_projects`
Applying migration `202609240002_search_shortlists`
Applying migration `202609240003_shortlist_asset_unlink`
Applying migration `202609240004_search_facts_sql`
Applying migration `202609240005_dictionary_search_namespaces`
Applying migration `202609240006_export_dependencies`
Applying migration `202609240007_export_payload_json_null`
Applying migration `202609240008_deletion_impact_preview`
Applying migration `202609240009_deletion_blocking`
Applying migration `202609240010_deletion_retention_plan`
Applying migration `202609240011_deletion_cleanup_execution`
Applying migration `202609240012_cleanup_null_guards`
Applying migration `202609250001_deletion_finalization_states`
Applying migration `202609250002_person_merge_foundation`
Applying migration `202609250003_person_merge_integrity`
Applying migration `202609260001_recovery_runs`
Applying migration `202609260002_recovery_inspection`
Applying migration `202609260003_recovery_report_guards`
Applying migration `202609260004_recovery_approval_evidence`
Applying migration `202609260005_recovery_approval_media_guard`
Applying migration `202609260006_recovery_backup_media_identity`
Applying migration `202609260007_recovery_delta_resolution`
Applying migration `202609270001_talent_domain_v2`
Applying migration `202609270002_talent_merge_history`
Applying migration `202609270003_talent_transfer`
Applying migration `202609270004_capability_transfer`
Applying migration `202609270005_external_ref_transfer`
Applying migration `202609270006_representation_transfer`
Applying migration `202609270007_field_evidence_transfer`
Applying migration `202609270008_credential_transfer`
Applying migration `202609280001_credential_media_transfer`
Applying migration `202609280002_collection_transfer`
Applying migration `202609280003_adult_eligibility_transfer`
Applying migration `202609280004_identity_evidence_transfer`
Applying migration `202609280005_merge_history_transfer`
Applying migration `202609280006_candidate_review_lineage`
Applying migration `202609280007_identity_retention_permission`
Applying migration `202609280008_merge_history_erasure`
Applying migration `202609280009_internal_locale_texts`
Applying migration `202609280010_locale_dependency_identity`
Applying migration `202609280011_locale_transfer`
Applying migration `202609280012_locale_merge`
Applying migration `202609280013_ai_dispatch_ledger`
Applying migration `202609280014_ai_business`
Applying migration `202609280015_ai_operations`
Applying migration `202609290001_ai_connections`
Applying migration `202609290002_media_documents_video`
Applying migration `202609290003_project_parties`
Applying migration `202609290004_project_party_export_fields`
Applying migration `202609290005_media_erased_limits`
Applying migration `202609300001_talent_experience_pr01b`
Applying migration `202610010001_talent_auth_principals`
Applying migration `202610010002_talent_auth_key_binding`
Applying migration `202610010003_talent_maintenance`
Applying migration `202610010004_talent_basis_rebuild`
Applying migration `202610010005_talent_maintenance_permissions`
Applying migration `202610010006_talent_submission_ownership`
Applying migration `202610010007_media_ownership`
Applying migration `202610010008_media_collections`

The following migration(s) have been applied:

migrations/
  └─ 202609220001_initial/
    └─ migration.sql
  └─ 202609230001_source_history/
    └─ migration.sql
  └─ 202609230002_record_handoffs/
    └─ migration.sql
  └─ 202609230003_private_images/
    └─ migration.sql
  └─ 202609240001_works_projects/
    └─ migration.sql
  └─ 202609240002_search_shortlists/
    └─ migration.sql
  └─ 202609240003_shortlist_asset_unlink/
    └─ migration.sql
  └─ 202609240004_search_facts_sql/
    └─ migration.sql
  └─ 202609240005_dictionary_search_namespaces/
    └─ migration.sql
  └─ 202609240006_export_dependencies/
    └─ migration.sql
  └─ 202609240007_export_payload_json_null/
    └─ migration.sql
  └─ 202609240008_deletion_impact_preview/
    └─ migration.sql
  └─ 202609240009_deletion_blocking/
    └─ migration.sql
  └─ 202609240010_deletion_retention_plan/
    └─ migration.sql
  └─ 202609240011_deletion_cleanup_execution/
    └─ migration.sql
  └─ 202609240012_cleanup_null_guards/
    └─ migration.sql
  └─ 202609250001_deletion_finalization_states/
    └─ migration.sql
  └─ 202609250002_person_merge_foundation/
    └─ migration.sql
  └─ 202609250003_person_merge_integrity/
    └─ migration.sql
  └─ 202609260001_recovery_runs/
    └─ migration.sql
  └─ 202609260002_recovery_inspection/
    └─ migration.sql
  └─ 202609260003_recovery_report_guards/
    └─ migration.sql
  └─ 202609260004_recovery_approval_evidence/
    └─ migration.sql
  └─ 202609260005_recovery_approval_media_guard/
    └─ migration.sql
  └─ 202609260006_recovery_backup_media_identity/
    └─ migration.sql
  └─ 202609260007_recovery_delta_resolution/
    └─ migration.sql
  └─ 202609270001_talent_domain_v2/
    └─ migration.sql
  └─ 202609270002_talent_merge_history/
    └─ migration.sql
  └─ 202609270003_talent_transfer/
    └─ migration.sql
  └─ 202609270004_capability_transfer/
    └─ migration.sql
  └─ 202609270005_external_ref_transfer/
    └─ migration.sql
  └─ 202609270006_representation_transfer/
    └─ migration.sql
  └─ 202609270007_field_evidence_transfer/
    └─ migration.sql
  └─ 202609270008_credential_transfer/
    └─ migration.sql
  └─ 202609280001_credential_media_transfer/
    └─ migration.sql
  └─ 202609280002_collection_transfer/
    └─ migration.sql
  └─ 202609280003_adult_eligibility_transfer/
    └─ migration.sql
  └─ 202609280004_identity_evidence_transfer/
    └─ migration.sql
  └─ 202609280005_merge_history_transfer/
    └─ migration.sql
  └─ 202609280006_candidate_review_lineage/
    └─ migration.sql
  └─ 202609280007_identity_retention_permission/
    └─ migration.sql
  └─ 202609280008_merge_history_erasure/
    └─ migration.sql
  └─ 202609280009_internal_locale_texts/
    └─ migration.sql
  └─ 202609280010_locale_dependency_identity/
    └─ migration.sql
  └─ 202609280011_locale_transfer/
    └─ migration.sql
  └─ 202609280012_locale_merge/
    └─ migration.sql
  └─ 202609280013_ai_dispatch_ledger/
    └─ migration.sql
  └─ 202609280014_ai_business/
    └─ migration.sql
  └─ 202609280015_ai_operations/
    └─ migration.sql
  └─ 202609290001_ai_connections/
    └─ migration.sql
  └─ 202609290002_media_documents_video/
    └─ migration.sql
  └─ 202609290003_project_parties/
    └─ migration.sql
  └─ 202609290004_project_party_export_fields/
    └─ migration.sql
  └─ 202609290005_media_erased_limits/
    └─ migration.sql
  └─ 202609300001_talent_experience_pr01b/
    └─ migration.sql
  └─ 202610010001_talent_auth_principals/
    └─ migration.sql
  └─ 202610010002_talent_auth_key_binding/
    └─ migration.sql
  └─ 202610010003_talent_maintenance/
    └─ migration.sql
  └─ 202610010004_talent_basis_rebuild/
    └─ migration.sql
  └─ 202610010005_talent_maintenance_permissions/
    └─ migration.sql
  └─ 202610010006_talent_submission_ownership/
    └─ migration.sql
  └─ 202610010007_media_ownership/
    └─ migration.sql
  └─ 202610010008_media_collections/
    └─ migration.sql
      
All migrations have been successfully applied.
TAP version 13
# {"checks":["actual-person-deletion-block-denies-own-staged-bytes-capacity-not-released"]}
# Subtest: tests/postgres/media-staging.test.ts
ok 1 - tests/postgres/media-staging.test.ts
  ---
  duration_ms: 918.318041
  type: 'test'
  ...
1..1
# tests 1
# suites 0
# pass 1
# fail 0
# cancelled 0
# skipped 0
# todo 0
# duration_ms 922.909792
Prisma schema loaded from prisma/schema.prisma
Datasource "db": PostgreSQL database "once_test_media_expiry_pr03cf_full2", schema "public" at "127.0.0.1:56531"

63 migrations found in prisma/migrations

Applying migration `202609220001_initial`
Applying migration `202609230001_source_history`
Applying migration `202609230002_record_handoffs`
Applying migration `202609230003_private_images`
Applying migration `202609240001_works_projects`
Applying migration `202609240002_search_shortlists`
Applying migration `202609240003_shortlist_asset_unlink`
Applying migration `202609240004_search_facts_sql`
Applying migration `202609240005_dictionary_search_namespaces`
Applying migration `202609240006_export_dependencies`
Applying migration `202609240007_export_payload_json_null`
Applying migration `202609240008_deletion_impact_preview`
Applying migration `202609240009_deletion_blocking`
Applying migration `202609240010_deletion_retention_plan`
Applying migration `202609240011_deletion_cleanup_execution`
Applying migration `202609240012_cleanup_null_guards`
Applying migration `202609250001_deletion_finalization_states`
Applying migration `202609250002_person_merge_foundation`
Applying migration `202609250003_person_merge_integrity`
Applying migration `202609260001_recovery_runs`
Applying migration `202609260002_recovery_inspection`
Applying migration `202609260003_recovery_report_guards`
Applying migration `202609260004_recovery_approval_evidence`
Applying migration `202609260005_recovery_approval_media_guard`
Applying migration `202609260006_recovery_backup_media_identity`
Applying migration `202609260007_recovery_delta_resolution`
Applying migration `202609270001_talent_domain_v2`
Applying migration `202609270002_talent_merge_history`
Applying migration `202609270003_talent_transfer`
Applying migration `202609270004_capability_transfer`
Applying migration `202609270005_external_ref_transfer`
Applying migration `202609270006_representation_transfer`
Applying migration `202609270007_field_evidence_transfer`
Applying migration `202609270008_credential_transfer`
Applying migration `202609280001_credential_media_transfer`
Applying migration `202609280002_collection_transfer`
Applying migration `202609280003_adult_eligibility_transfer`
Applying migration `202609280004_identity_evidence_transfer`
Applying migration `202609280005_merge_history_transfer`
Applying migration `202609280006_candidate_review_lineage`
Applying migration `202609280007_identity_retention_permission`
Applying migration `202609280008_merge_history_erasure`
Applying migration `202609280009_internal_locale_texts`
Applying migration `202609280010_locale_dependency_identity`
Applying migration `202609280011_locale_transfer`
Applying migration `202609280012_locale_merge`
Applying migration `202609280013_ai_dispatch_ledger`
Applying migration `202609280014_ai_business`
Applying migration `202609280015_ai_operations`
Applying migration `202609290001_ai_connections`
Applying migration `202609290002_media_documents_video`
Applying migration `202609290003_project_parties`
Applying migration `202609290004_project_party_export_fields`
Applying migration `202609290005_media_erased_limits`
Applying migration `202609300001_talent_experience_pr01b`
Applying migration `202610010001_talent_auth_principals`
Applying migration `202610010002_talent_auth_key_binding`
Applying migration `202610010003_talent_maintenance`
Applying migration `202610010004_talent_basis_rebuild`
Applying migration `202610010005_talent_maintenance_permissions`
Applying migration `202610010006_talent_submission_ownership`
Applying migration `202610010007_media_ownership`
Applying migration `202610010008_media_collections`

The following migration(s) have been applied:

migrations/
  └─ 202609220001_initial/
    └─ migration.sql
  └─ 202609230001_source_history/
    └─ migration.sql
  └─ 202609230002_record_handoffs/
    └─ migration.sql
  └─ 202609230003_private_images/
    └─ migration.sql
  └─ 202609240001_works_projects/
    └─ migration.sql
  └─ 202609240002_search_shortlists/
    └─ migration.sql
  └─ 202609240003_shortlist_asset_unlink/
    └─ migration.sql
  └─ 202609240004_search_facts_sql/
    └─ migration.sql
  └─ 202609240005_dictionary_search_namespaces/
    └─ migration.sql
  └─ 202609240006_export_dependencies/
    └─ migration.sql
  └─ 202609240007_export_payload_json_null/
    └─ migration.sql
  └─ 202609240008_deletion_impact_preview/
    └─ migration.sql
  └─ 202609240009_deletion_blocking/
    └─ migration.sql
  └─ 202609240010_deletion_retention_plan/
    └─ migration.sql
  └─ 202609240011_deletion_cleanup_execution/
    └─ migration.sql
  └─ 202609240012_cleanup_null_guards/
    └─ migration.sql
  └─ 202609250001_deletion_finalization_states/
    └─ migration.sql
  └─ 202609250002_person_merge_foundation/
    └─ migration.sql
  └─ 202609250003_person_merge_integrity/
    └─ migration.sql
  └─ 202609260001_recovery_runs/
    └─ migration.sql
  └─ 202609260002_recovery_inspection/
    └─ migration.sql
  └─ 202609260003_recovery_report_guards/
    └─ migration.sql
  └─ 202609260004_recovery_approval_evidence/
    └─ migration.sql
  └─ 202609260005_recovery_approval_media_guard/
    └─ migration.sql
  └─ 202609260006_recovery_backup_media_identity/
    └─ migration.sql
  └─ 202609260007_recovery_delta_resolution/
    └─ migration.sql
  └─ 202609270001_talent_domain_v2/
    └─ migration.sql
  └─ 202609270002_talent_merge_history/
    └─ migration.sql
  └─ 202609270003_talent_transfer/
    └─ migration.sql
  └─ 202609270004_capability_transfer/
    └─ migration.sql
  └─ 202609270005_external_ref_transfer/
    └─ migration.sql
  └─ 202609270006_representation_transfer/
    └─ migration.sql
  └─ 202609270007_field_evidence_transfer/
    └─ migration.sql
  └─ 202609270008_credential_transfer/
    └─ migration.sql
  └─ 202609280001_credential_media_transfer/
    └─ migration.sql
  └─ 202609280002_collection_transfer/
    └─ migration.sql
  └─ 202609280003_adult_eligibility_transfer/
    └─ migration.sql
  └─ 202609280004_identity_evidence_transfer/
    └─ migration.sql
  └─ 202609280005_merge_history_transfer/
    └─ migration.sql
  └─ 202609280006_candidate_review_lineage/
    └─ migration.sql
  └─ 202609280007_identity_retention_permission/
    └─ migration.sql
  └─ 202609280008_merge_history_erasure/
    └─ migration.sql
  └─ 202609280009_internal_locale_texts/
    └─ migration.sql
  └─ 202609280010_locale_dependency_identity/
    └─ migration.sql
  └─ 202609280011_locale_transfer/
    └─ migration.sql
  └─ 202609280012_locale_merge/
    └─ migration.sql
  └─ 202609280013_ai_dispatch_ledger/
    └─ migration.sql
  └─ 202609280014_ai_business/
    └─ migration.sql
  └─ 202609280015_ai_operations/
    └─ migration.sql
  └─ 202609290001_ai_connections/
    └─ migration.sql
  └─ 202609290002_media_documents_video/
    └─ migration.sql
  └─ 202609290003_project_parties/
    └─ migration.sql
  └─ 202609290004_project_party_export_fields/
    └─ migration.sql
  └─ 202609290005_media_erased_limits/
    └─ migration.sql
  └─ 202609300001_talent_experience_pr01b/
    └─ migration.sql
  └─ 202610010001_talent_auth_principals/
    └─ migration.sql
  └─ 202610010002_talent_auth_key_binding/
    └─ migration.sql
  └─ 202610010003_talent_maintenance/
    └─ migration.sql
  └─ 202610010004_talent_basis_rebuild/
    └─ migration.sql
  └─ 202610010005_talent_maintenance_permissions/
    └─ migration.sql
  └─ 202610010006_talent_submission_ownership/
    └─ migration.sql
  └─ 202610010007_media_ownership/
    └─ migration.sql
  └─ 202610010008_media_collections/
    └─ migration.sql
      
All migrations have been successfully applied.
TAP version 13
# {"checks":["expired-enroll-claim-denies-staged-read-without-faking-physical-cleanup"]}
# Subtest: tests/postgres/media-staging.test.ts
ok 1 - tests/postgres/media-staging.test.ts
  ---
  duration_ms: 716.358708
  type: 'test'
  ...
1..1
# tests 1
# suites 0
# pass 1
# fail 0
# cancelled 0
# skipped 0
# todo 0
# duration_ms 720.926125
Prisma schema loaded from prisma/schema.prisma
Datasource "db": PostgreSQL database "once_test_media_grant_pr03cf_full2", schema "public" at "127.0.0.1:56531"

63 migrations found in prisma/migrations

Applying migration `202609220001_initial`
Applying migration `202609230001_source_history`
Applying migration `202609230002_record_handoffs`
Applying migration `202609230003_private_images`
Applying migration `202609240001_works_projects`
Applying migration `202609240002_search_shortlists`
Applying migration `202609240003_shortlist_asset_unlink`
Applying migration `202609240004_search_facts_sql`
Applying migration `202609240005_dictionary_search_namespaces`
Applying migration `202609240006_export_dependencies`
Applying migration `202609240007_export_payload_json_null`
Applying migration `202609240008_deletion_impact_preview`
Applying migration `202609240009_deletion_blocking`
Applying migration `202609240010_deletion_retention_plan`
Applying migration `202609240011_deletion_cleanup_execution`
Applying migration `202609240012_cleanup_null_guards`
Applying migration `202609250001_deletion_finalization_states`
Applying migration `202609250002_person_merge_foundation`
Applying migration `202609250003_person_merge_integrity`
Applying migration `202609260001_recovery_runs`
Applying migration `202609260002_recovery_inspection`
Applying migration `202609260003_recovery_report_guards`
Applying migration `202609260004_recovery_approval_evidence`
Applying migration `202609260005_recovery_approval_media_guard`
Applying migration `202609260006_recovery_backup_media_identity`
Applying migration `202609260007_recovery_delta_resolution`
Applying migration `202609270001_talent_domain_v2`
Applying migration `202609270002_talent_merge_history`
Applying migration `202609270003_talent_transfer`
Applying migration `202609270004_capability_transfer`
Applying migration `202609270005_external_ref_transfer`
Applying migration `202609270006_representation_transfer`
Applying migration `202609270007_field_evidence_transfer`
Applying migration `202609270008_credential_transfer`
Applying migration `202609280001_credential_media_transfer`
Applying migration `202609280002_collection_transfer`
Applying migration `202609280003_adult_eligibility_transfer`
Applying migration `202609280004_identity_evidence_transfer`
Applying migration `202609280005_merge_history_transfer`
Applying migration `202609280006_candidate_review_lineage`
Applying migration `202609280007_identity_retention_permission`
Applying migration `202609280008_merge_history_erasure`
Applying migration `202609280009_internal_locale_texts`
Applying migration `202609280010_locale_dependency_identity`
Applying migration `202609280011_locale_transfer`
Applying migration `202609280012_locale_merge`
Applying migration `202609280013_ai_dispatch_ledger`
Applying migration `202609280014_ai_business`
Applying migration `202609280015_ai_operations`
Applying migration `202609290001_ai_connections`
Applying migration `202609290002_media_documents_video`
Applying migration `202609290003_project_parties`
Applying migration `202609290004_project_party_export_fields`
Applying migration `202609290005_media_erased_limits`
Applying migration `202609300001_talent_experience_pr01b`
Applying migration `202610010001_talent_auth_principals`
Applying migration `202610010002_talent_auth_key_binding`
Applying migration `202610010003_talent_maintenance`
Applying migration `202610010004_talent_basis_rebuild`
Applying migration `202610010005_talent_maintenance_permissions`
Applying migration `202610010006_talent_submission_ownership`
Applying migration `202610010007_media_ownership`
Applying migration `202610010008_media_collections`

The following migration(s) have been applied:

migrations/
  └─ 202609220001_initial/
    └─ migration.sql
  └─ 202609230001_source_history/
    └─ migration.sql
  └─ 202609230002_record_handoffs/
    └─ migration.sql
  └─ 202609230003_private_images/
    └─ migration.sql
  └─ 202609240001_works_projects/
    └─ migration.sql
  └─ 202609240002_search_shortlists/
    └─ migration.sql
  └─ 202609240003_shortlist_asset_unlink/
    └─ migration.sql
  └─ 202609240004_search_facts_sql/
    └─ migration.sql
  └─ 202609240005_dictionary_search_namespaces/
    └─ migration.sql
  └─ 202609240006_export_dependencies/
    └─ migration.sql
  └─ 202609240007_export_payload_json_null/
    └─ migration.sql
  └─ 202609240008_deletion_impact_preview/
    └─ migration.sql
  └─ 202609240009_deletion_blocking/
    └─ migration.sql
  └─ 202609240010_deletion_retention_plan/
    └─ migration.sql
  └─ 202609240011_deletion_cleanup_execution/
    └─ migration.sql
  └─ 202609240012_cleanup_null_guards/
    └─ migration.sql
  └─ 202609250001_deletion_finalization_states/
    └─ migration.sql
  └─ 202609250002_person_merge_foundation/
    └─ migration.sql
  └─ 202609250003_person_merge_integrity/
    └─ migration.sql
  └─ 202609260001_recovery_runs/
    └─ migration.sql
  └─ 202609260002_recovery_inspection/
    └─ migration.sql
  └─ 202609260003_recovery_report_guards/
    └─ migration.sql
  └─ 202609260004_recovery_approval_evidence/
    └─ migration.sql
  └─ 202609260005_recovery_approval_media_guard/
    └─ migration.sql
  └─ 202609260006_recovery_backup_media_identity/
    └─ migration.sql
  └─ 202609260007_recovery_delta_resolution/
    └─ migration.sql
  └─ 202609270001_talent_domain_v2/
    └─ migration.sql
  └─ 202609270002_talent_merge_history/
    └─ migration.sql
  └─ 202609270003_talent_transfer/
    └─ migration.sql
  └─ 202609270004_capability_transfer/
    └─ migration.sql
  └─ 202609270005_external_ref_transfer/
    └─ migration.sql
  └─ 202609270006_representation_transfer/
    └─ migration.sql
  └─ 202609270007_field_evidence_transfer/
    └─ migration.sql
  └─ 202609270008_credential_transfer/
    └─ migration.sql
  └─ 202609280001_credential_media_transfer/
    └─ migration.sql
  └─ 202609280002_collection_transfer/
    └─ migration.sql
  └─ 202609280003_adult_eligibility_transfer/
    └─ migration.sql
  └─ 202609280004_identity_evidence_transfer/
    └─ migration.sql
  └─ 202609280005_merge_history_transfer/
    └─ migration.sql
  └─ 202609280006_candidate_review_lineage/
    └─ migration.sql
  └─ 202609280007_identity_retention_permission/
    └─ migration.sql
  └─ 202609280008_merge_history_erasure/
    └─ migration.sql
  └─ 202609280009_internal_locale_texts/
    └─ migration.sql
  └─ 202609280010_locale_dependency_identity/
    └─ migration.sql
  └─ 202609280011_locale_transfer/
    └─ migration.sql
  └─ 202609280012_locale_merge/
    └─ migration.sql
  └─ 202609280013_ai_dispatch_ledger/
    └─ migration.sql
  └─ 202609280014_ai_business/
    └─ migration.sql
  └─ 202609280015_ai_operations/
    └─ migration.sql
  └─ 202609290001_ai_connections/
    └─ migration.sql
  └─ 202609290002_media_documents_video/
    └─ migration.sql
  └─ 202609290003_project_parties/
    └─ migration.sql
  └─ 202609290004_project_party_export_fields/
    └─ migration.sql
  └─ 202609290005_media_erased_limits/
    └─ migration.sql
  └─ 202609300001_talent_experience_pr01b/
    └─ migration.sql
  └─ 202610010001_talent_auth_principals/
    └─ migration.sql
  └─ 202610010002_talent_auth_key_binding/
    └─ migration.sql
  └─ 202610010003_talent_maintenance/
    └─ migration.sql
  └─ 202610010004_talent_basis_rebuild/
    └─ migration.sql
  └─ 202610010005_talent_maintenance_permissions/
    └─ migration.sql
  └─ 202610010006_talent_submission_ownership/
    └─ migration.sql
  └─ 202610010007_media_ownership/
    └─ migration.sql
  └─ 202610010008_media_collections/
    └─ migration.sql
      
All migrations have been successfully applied.
TAP version 13
# {"checks":["grant-after-worker-claim-denies-heartbeat-finish-and-existing-staged-read-without-fake-purge"]}
# Subtest: tests/postgres/media-staging.test.ts
ok 1 - tests/postgres/media-staging.test.ts
  ---
  duration_ms: 1239.853291
  type: 'test'
  ...
1..1
# tests 1
# suites 0
# pass 1
# fail 0
# cancelled 0
# skipped 0
# todo 0
# duration_ms 1244.953292
Prisma schema loaded from prisma/schema.prisma
Datasource "db": PostgreSQL database "once_test_media_withdraw_pr03cf_full2", schema "public" at "127.0.0.1:56531"

63 migrations found in prisma/migrations

Applying migration `202609220001_initial`
Applying migration `202609230001_source_history`
Applying migration `202609230002_record_handoffs`
Applying migration `202609230003_private_images`
Applying migration `202609240001_works_projects`
Applying migration `202609240002_search_shortlists`
Applying migration `202609240003_shortlist_asset_unlink`
Applying migration `202609240004_search_facts_sql`
Applying migration `202609240005_dictionary_search_namespaces`
Applying migration `202609240006_export_dependencies`
Applying migration `202609240007_export_payload_json_null`
Applying migration `202609240008_deletion_impact_preview`
Applying migration `202609240009_deletion_blocking`
Applying migration `202609240010_deletion_retention_plan`
Applying migration `202609240011_deletion_cleanup_execution`
Applying migration `202609240012_cleanup_null_guards`
Applying migration `202609250001_deletion_finalization_states`
Applying migration `202609250002_person_merge_foundation`
Applying migration `202609250003_person_merge_integrity`
Applying migration `202609260001_recovery_runs`
Applying migration `202609260002_recovery_inspection`
Applying migration `202609260003_recovery_report_guards`
Applying migration `202609260004_recovery_approval_evidence`
Applying migration `202609260005_recovery_approval_media_guard`
Applying migration `202609260006_recovery_backup_media_identity`
Applying migration `202609260007_recovery_delta_resolution`
Applying migration `202609270001_talent_domain_v2`
Applying migration `202609270002_talent_merge_history`
Applying migration `202609270003_talent_transfer`
Applying migration `202609270004_capability_transfer`
Applying migration `202609270005_external_ref_transfer`
Applying migration `202609270006_representation_transfer`
Applying migration `202609270007_field_evidence_transfer`
Applying migration `202609270008_credential_transfer`
Applying migration `202609280001_credential_media_transfer`
Applying migration `202609280002_collection_transfer`
Applying migration `202609280003_adult_eligibility_transfer`
Applying migration `202609280004_identity_evidence_transfer`
Applying migration `202609280005_merge_history_transfer`
Applying migration `202609280006_candidate_review_lineage`
Applying migration `202609280007_identity_retention_permission`
Applying migration `202609280008_merge_history_erasure`
Applying migration `202609280009_internal_locale_texts`
Applying migration `202609280010_locale_dependency_identity`
Applying migration `202609280011_locale_transfer`
Applying migration `202609280012_locale_merge`
Applying migration `202609280013_ai_dispatch_ledger`
Applying migration `202609280014_ai_business`
Applying migration `202609280015_ai_operations`
Applying migration `202609290001_ai_connections`
Applying migration `202609290002_media_documents_video`
Applying migration `202609290003_project_parties`
Applying migration `202609290004_project_party_export_fields`
Applying migration `202609290005_media_erased_limits`
Applying migration `202609300001_talent_experience_pr01b`
Applying migration `202610010001_talent_auth_principals`
Applying migration `202610010002_talent_auth_key_binding`
Applying migration `202610010003_talent_maintenance`
Applying migration `202610010004_talent_basis_rebuild`
Applying migration `202610010005_talent_maintenance_permissions`
Applying migration `202610010006_talent_submission_ownership`
Applying migration `202610010007_media_ownership`
Applying migration `202610010008_media_collections`

The following migration(s) have been applied:

migrations/
  └─ 202609220001_initial/
    └─ migration.sql
  └─ 202609230001_source_history/
    └─ migration.sql
  └─ 202609230002_record_handoffs/
    └─ migration.sql
  └─ 202609230003_private_images/
    └─ migration.sql
  └─ 202609240001_works_projects/
    └─ migration.sql
  └─ 202609240002_search_shortlists/
    └─ migration.sql
  └─ 202609240003_shortlist_asset_unlink/
    └─ migration.sql
  └─ 202609240004_search_facts_sql/
    └─ migration.sql
  └─ 202609240005_dictionary_search_namespaces/
    └─ migration.sql
  └─ 202609240006_export_dependencies/
    └─ migration.sql
  └─ 202609240007_export_payload_json_null/
    └─ migration.sql
  └─ 202609240008_deletion_impact_preview/
    └─ migration.sql
  └─ 202609240009_deletion_blocking/
    └─ migration.sql
  └─ 202609240010_deletion_retention_plan/
    └─ migration.sql
  └─ 202609240011_deletion_cleanup_execution/
    └─ migration.sql
  └─ 202609240012_cleanup_null_guards/
    └─ migration.sql
  └─ 202609250001_deletion_finalization_states/
    └─ migration.sql
  └─ 202609250002_person_merge_foundation/
    └─ migration.sql
  └─ 202609250003_person_merge_integrity/
    └─ migration.sql
  └─ 202609260001_recovery_runs/
    └─ migration.sql
  └─ 202609260002_recovery_inspection/
    └─ migration.sql
  └─ 202609260003_recovery_report_guards/
    └─ migration.sql
  └─ 202609260004_recovery_approval_evidence/
    └─ migration.sql
  └─ 202609260005_recovery_approval_media_guard/
    └─ migration.sql
  └─ 202609260006_recovery_backup_media_identity/
    └─ migration.sql
  └─ 202609260007_recovery_delta_resolution/
    └─ migration.sql
  └─ 202609270001_talent_domain_v2/
    └─ migration.sql
  └─ 202609270002_talent_merge_history/
    └─ migration.sql
  └─ 202609270003_talent_transfer/
    └─ migration.sql
  └─ 202609270004_capability_transfer/
    └─ migration.sql
  └─ 202609270005_external_ref_transfer/
    └─ migration.sql
  └─ 202609270006_representation_transfer/
    └─ migration.sql
  └─ 202609270007_field_evidence_transfer/
    └─ migration.sql
  └─ 202609270008_credential_transfer/
    └─ migration.sql
  └─ 202609280001_credential_media_transfer/
    └─ migration.sql
  └─ 202609280002_collection_transfer/
    └─ migration.sql
  └─ 202609280003_adult_eligibility_transfer/
    └─ migration.sql
  └─ 202609280004_identity_evidence_transfer/
    └─ migration.sql
  └─ 202609280005_merge_history_transfer/
    └─ migration.sql
  └─ 202609280006_candidate_review_lineage/
    └─ migration.sql
  └─ 202609280007_identity_retention_permission/
    └─ migration.sql
  └─ 202609280008_merge_history_erasure/
    └─ migration.sql
  └─ 202609280009_internal_locale_texts/
    └─ migration.sql
  └─ 202609280010_locale_dependency_identity/
    └─ migration.sql
  └─ 202609280011_locale_transfer/
    └─ migration.sql
  └─ 202609280012_locale_merge/
    └─ migration.sql
  └─ 202609280013_ai_dispatch_ledger/
    └─ migration.sql
  └─ 202609280014_ai_business/
    └─ migration.sql
  └─ 202609280015_ai_operations/
    └─ migration.sql
  └─ 202609290001_ai_connections/
    └─ migration.sql
  └─ 202609290002_media_documents_video/
    └─ migration.sql
  └─ 202609290003_project_parties/
    └─ migration.sql
  └─ 202609290004_project_party_export_fields/
    └─ migration.sql
  └─ 202609290005_media_erased_limits/
    └─ migration.sql
  └─ 202609300001_talent_experience_pr01b/
    └─ migration.sql
  └─ 202610010001_talent_auth_principals/
    └─ migration.sql
  └─ 202610010002_talent_auth_key_binding/
    └─ migration.sql
  └─ 202610010003_talent_maintenance/
    └─ migration.sql
  └─ 202610010004_talent_basis_rebuild/
    └─ migration.sql
  └─ 202610010005_talent_maintenance_permissions/
    └─ migration.sql
  └─ 202610010006_talent_submission_ownership/
    └─ migration.sql
  └─ 202610010007_media_ownership/
    └─ migration.sql
  └─ 202610010008_media_collections/
    └─ migration.sql
      
All migrations have been successfully applied.
TAP version 13
# {"checks":["withdraw-after-worker-claim-denies-heartbeat-finish-and-existing-staged-read-without-fake-purge"]}
# Subtest: tests/postgres/media-staging.test.ts
ok 1 - tests/postgres/media-staging.test.ts
  ---
  duration_ms: 1016.522375
  type: 'test'
  ...
1..1
# tests 1
# suites 0
# pass 1
# fail 0
# cancelled 0
# skipped 0
# todo 0
# duration_ms 1020.625792
Prisma schema loaded from prisma/schema.prisma
Datasource "db": PostgreSQL database "once_test_media_consent_pr03cf_full2", schema "public" at "127.0.0.1:56531"

63 migrations found in prisma/migrations

Applying migration `202609220001_initial`
Applying migration `202609230001_source_history`
Applying migration `202609230002_record_handoffs`
Applying migration `202609230003_private_images`
Applying migration `202609240001_works_projects`
Applying migration `202609240002_search_shortlists`
Applying migration `202609240003_shortlist_asset_unlink`
Applying migration `202609240004_search_facts_sql`
Applying migration `202609240005_dictionary_search_namespaces`
Applying migration `202609240006_export_dependencies`
Applying migration `202609240007_export_payload_json_null`
Applying migration `202609240008_deletion_impact_preview`
Applying migration `202609240009_deletion_blocking`
Applying migration `202609240010_deletion_retention_plan`
Applying migration `202609240011_deletion_cleanup_execution`
Applying migration `202609240012_cleanup_null_guards`
Applying migration `202609250001_deletion_finalization_states`
Applying migration `202609250002_person_merge_foundation`
Applying migration `202609250003_person_merge_integrity`
Applying migration `202609260001_recovery_runs`
Applying migration `202609260002_recovery_inspection`
Applying migration `202609260003_recovery_report_guards`
Applying migration `202609260004_recovery_approval_evidence`
Applying migration `202609260005_recovery_approval_media_guard`
Applying migration `202609260006_recovery_backup_media_identity`
Applying migration `202609260007_recovery_delta_resolution`
Applying migration `202609270001_talent_domain_v2`
Applying migration `202609270002_talent_merge_history`
Applying migration `202609270003_talent_transfer`
Applying migration `202609270004_capability_transfer`
Applying migration `202609270005_external_ref_transfer`
Applying migration `202609270006_representation_transfer`
Applying migration `202609270007_field_evidence_transfer`
Applying migration `202609270008_credential_transfer`
Applying migration `202609280001_credential_media_transfer`
Applying migration `202609280002_collection_transfer`
Applying migration `202609280003_adult_eligibility_transfer`
Applying migration `202609280004_identity_evidence_transfer`
Applying migration `202609280005_merge_history_transfer`
Applying migration `202609280006_candidate_review_lineage`
Applying migration `202609280007_identity_retention_permission`
Applying migration `202609280008_merge_history_erasure`
Applying migration `202609280009_internal_locale_texts`
Applying migration `202609280010_locale_dependency_identity`
Applying migration `202609280011_locale_transfer`
Applying migration `202609280012_locale_merge`
Applying migration `202609280013_ai_dispatch_ledger`
Applying migration `202609280014_ai_business`
Applying migration `202609280015_ai_operations`
Applying migration `202609290001_ai_connections`
Applying migration `202609290002_media_documents_video`
Applying migration `202609290003_project_parties`
Applying migration `202609290004_project_party_export_fields`
Applying migration `202609290005_media_erased_limits`
Applying migration `202609300001_talent_experience_pr01b`
Applying migration `202610010001_talent_auth_principals`
Applying migration `202610010002_talent_auth_key_binding`
Applying migration `202610010003_talent_maintenance`
Applying migration `202610010004_talent_basis_rebuild`
Applying migration `202610010005_talent_maintenance_permissions`
Applying migration `202610010006_talent_submission_ownership`
Applying migration `202610010007_media_ownership`
Applying migration `202610010008_media_collections`

The following migration(s) have been applied:

migrations/
  └─ 202609220001_initial/
    └─ migration.sql
  └─ 202609230001_source_history/
    └─ migration.sql
  └─ 202609230002_record_handoffs/
    └─ migration.sql
  └─ 202609230003_private_images/
    └─ migration.sql
  └─ 202609240001_works_projects/
    └─ migration.sql
  └─ 202609240002_search_shortlists/
    └─ migration.sql
  └─ 202609240003_shortlist_asset_unlink/
    └─ migration.sql
  └─ 202609240004_search_facts_sql/
    └─ migration.sql
  └─ 202609240005_dictionary_search_namespaces/
    └─ migration.sql
  └─ 202609240006_export_dependencies/
    └─ migration.sql
  └─ 202609240007_export_payload_json_null/
    └─ migration.sql
  └─ 202609240008_deletion_impact_preview/
    └─ migration.sql
  └─ 202609240009_deletion_blocking/
    └─ migration.sql
  └─ 202609240010_deletion_retention_plan/
    └─ migration.sql
  └─ 202609240011_deletion_cleanup_execution/
    └─ migration.sql
  └─ 202609240012_cleanup_null_guards/
    └─ migration.sql
  └─ 202609250001_deletion_finalization_states/
    └─ migration.sql
  └─ 202609250002_person_merge_foundation/
    └─ migration.sql
  └─ 202609250003_person_merge_integrity/
    └─ migration.sql
  └─ 202609260001_recovery_runs/
    └─ migration.sql
  └─ 202609260002_recovery_inspection/
    └─ migration.sql
  └─ 202609260003_recovery_report_guards/
    └─ migration.sql
  └─ 202609260004_recovery_approval_evidence/
    └─ migration.sql
  └─ 202609260005_recovery_approval_media_guard/
    └─ migration.sql
  └─ 202609260006_recovery_backup_media_identity/
    └─ migration.sql
  └─ 202609260007_recovery_delta_resolution/
    └─ migration.sql
  └─ 202609270001_talent_domain_v2/
    └─ migration.sql
  └─ 202609270002_talent_merge_history/
    └─ migration.sql
  └─ 202609270003_talent_transfer/
    └─ migration.sql
  └─ 202609270004_capability_transfer/
    └─ migration.sql
  └─ 202609270005_external_ref_transfer/
    └─ migration.sql
  └─ 202609270006_representation_transfer/
    └─ migration.sql
  └─ 202609270007_field_evidence_transfer/
    └─ migration.sql
  └─ 202609270008_credential_transfer/
    └─ migration.sql
  └─ 202609280001_credential_media_transfer/
    └─ migration.sql
  └─ 202609280002_collection_transfer/
    └─ migration.sql
  └─ 202609280003_adult_eligibility_transfer/
    └─ migration.sql
  └─ 202609280004_identity_evidence_transfer/
    └─ migration.sql
  └─ 202609280005_merge_history_transfer/
    └─ migration.sql
  └─ 202609280006_candidate_review_lineage/
    └─ migration.sql
  └─ 202609280007_identity_retention_permission/
    └─ migration.sql
  └─ 202609280008_merge_history_erasure/
    └─ migration.sql
  └─ 202609280009_internal_locale_texts/
    └─ migration.sql
  └─ 202609280010_locale_dependency_identity/
    └─ migration.sql
  └─ 202609280011_locale_transfer/
    └─ migration.sql
  └─ 202609280012_locale_merge/
    └─ migration.sql
  └─ 202609280013_ai_dispatch_ledger/
    └─ migration.sql
  └─ 202609280014_ai_business/
    └─ migration.sql
  └─ 202609280015_ai_operations/
    └─ migration.sql
  └─ 202609290001_ai_connections/
    └─ migration.sql
  └─ 202609290002_media_documents_video/
    └─ migration.sql
  └─ 202609290003_project_parties/
    └─ migration.sql
  └─ 202609290004_project_party_export_fields/
    └─ migration.sql
  └─ 202609290005_media_erased_limits/
    └─ migration.sql
  └─ 202609300001_talent_experience_pr01b/
    └─ migration.sql
  └─ 202610010001_talent_auth_principals/
    └─ migration.sql
  └─ 202610010002_talent_auth_key_binding/
    └─ migration.sql
  └─ 202610010003_talent_maintenance/
    └─ migration.sql
  └─ 202610010004_talent_basis_rebuild/
    └─ migration.sql
  └─ 202610010005_talent_maintenance_permissions/
    └─ migration.sql
  └─ 202610010006_talent_submission_ownership/
    └─ migration.sql
  └─ 202610010007_media_ownership/
    └─ migration.sql
  └─ 202610010008_media_collections/
    └─ migration.sql
      
All migrations have been successfully applied.
TAP version 13
# {"checks":["consent-after-worker-claim-denies-heartbeat-finish-and-existing-staged-read-without-fake-purge"]}
# Subtest: tests/postgres/media-staging.test.ts
ok 1 - tests/postgres/media-staging.test.ts
  ---
  duration_ms: 957.000375
  type: 'test'
  ...
1..1
# tests 1
# suites 0
# pass 1
# fail 0
# cancelled 0
# skipped 0
# todo 0
# duration_ms 961.550875
Prisma schema loaded from prisma/schema.prisma
Datasource "db": PostgreSQL database "once_test_media_recovery_pr03cf_full2", schema "public" at "127.0.0.1:56531"

63 migrations found in prisma/migrations

Applying migration `202609220001_initial`
Applying migration `202609230001_source_history`
Applying migration `202609230002_record_handoffs`
Applying migration `202609230003_private_images`
Applying migration `202609240001_works_projects`
Applying migration `202609240002_search_shortlists`
Applying migration `202609240003_shortlist_asset_unlink`
Applying migration `202609240004_search_facts_sql`
Applying migration `202609240005_dictionary_search_namespaces`
Applying migration `202609240006_export_dependencies`
Applying migration `202609240007_export_payload_json_null`
Applying migration `202609240008_deletion_impact_preview`
Applying migration `202609240009_deletion_blocking`
Applying migration `202609240010_deletion_retention_plan`
Applying migration `202609240011_deletion_cleanup_execution`
Applying migration `202609240012_cleanup_null_guards`
Applying migration `202609250001_deletion_finalization_states`
Applying migration `202609250002_person_merge_foundation`
Applying migration `202609250003_person_merge_integrity`
Applying migration `202609260001_recovery_runs`
Applying migration `202609260002_recovery_inspection`
Applying migration `202609260003_recovery_report_guards`
Applying migration `202609260004_recovery_approval_evidence`
Applying migration `202609260005_recovery_approval_media_guard`
Applying migration `202609260006_recovery_backup_media_identity`
Applying migration `202609260007_recovery_delta_resolution`
Applying migration `202609270001_talent_domain_v2`
Applying migration `202609270002_talent_merge_history`
Applying migration `202609270003_talent_transfer`
Applying migration `202609270004_capability_transfer`
Applying migration `202609270005_external_ref_transfer`
Applying migration `202609270006_representation_transfer`
Applying migration `202609270007_field_evidence_transfer`
Applying migration `202609270008_credential_transfer`
Applying migration `202609280001_credential_media_transfer`
Applying migration `202609280002_collection_transfer`
Applying migration `202609280003_adult_eligibility_transfer`
Applying migration `202609280004_identity_evidence_transfer`
Applying migration `202609280005_merge_history_transfer`
Applying migration `202609280006_candidate_review_lineage`
Applying migration `202609280007_identity_retention_permission`
Applying migration `202609280008_merge_history_erasure`
Applying migration `202609280009_internal_locale_texts`
Applying migration `202609280010_locale_dependency_identity`
Applying migration `202609280011_locale_transfer`
Applying migration `202609280012_locale_merge`
Applying migration `202609280013_ai_dispatch_ledger`
Applying migration `202609280014_ai_business`
Applying migration `202609280015_ai_operations`
Applying migration `202609290001_ai_connections`
Applying migration `202609290002_media_documents_video`
Applying migration `202609290003_project_parties`
Applying migration `202609290004_project_party_export_fields`
Applying migration `202609290005_media_erased_limits`
Applying migration `202609300001_talent_experience_pr01b`
Applying migration `202610010001_talent_auth_principals`
Applying migration `202610010002_talent_auth_key_binding`
Applying migration `202610010003_talent_maintenance`
Applying migration `202610010004_talent_basis_rebuild`
Applying migration `202610010005_talent_maintenance_permissions`
Applying migration `202610010006_talent_submission_ownership`
Applying migration `202610010007_media_ownership`
Applying migration `202610010008_media_collections`

The following migration(s) have been applied:

migrations/
  └─ 202609220001_initial/
    └─ migration.sql
  └─ 202609230001_source_history/
    └─ migration.sql
  └─ 202609230002_record_handoffs/
    └─ migration.sql
  └─ 202609230003_private_images/
    └─ migration.sql
  └─ 202609240001_works_projects/
    └─ migration.sql
  └─ 202609240002_search_shortlists/
    └─ migration.sql
  └─ 202609240003_shortlist_asset_unlink/
    └─ migration.sql
  └─ 202609240004_search_facts_sql/
    └─ migration.sql
  └─ 202609240005_dictionary_search_namespaces/
    └─ migration.sql
  └─ 202609240006_export_dependencies/
    └─ migration.sql
  └─ 202609240007_export_payload_json_null/
    └─ migration.sql
  └─ 202609240008_deletion_impact_preview/
    └─ migration.sql
  └─ 202609240009_deletion_blocking/
    └─ migration.sql
  └─ 202609240010_deletion_retention_plan/
    └─ migration.sql
  └─ 202609240011_deletion_cleanup_execution/
    └─ migration.sql
  └─ 202609240012_cleanup_null_guards/
    └─ migration.sql
  └─ 202609250001_deletion_finalization_states/
    └─ migration.sql
  └─ 202609250002_person_merge_foundation/
    └─ migration.sql
  └─ 202609250003_person_merge_integrity/
    └─ migration.sql
  └─ 202609260001_recovery_runs/
    └─ migration.sql
  └─ 202609260002_recovery_inspection/
    └─ migration.sql
  └─ 202609260003_recovery_report_guards/
    └─ migration.sql
  └─ 202609260004_recovery_approval_evidence/
    └─ migration.sql
  └─ 202609260005_recovery_approval_media_guard/
    └─ migration.sql
  └─ 202609260006_recovery_backup_media_identity/
    └─ migration.sql
  └─ 202609260007_recovery_delta_resolution/
    └─ migration.sql
  └─ 202609270001_talent_domain_v2/
    └─ migration.sql
  └─ 202609270002_talent_merge_history/
    └─ migration.sql
  └─ 202609270003_talent_transfer/
    └─ migration.sql
  └─ 202609270004_capability_transfer/
    └─ migration.sql
  └─ 202609270005_external_ref_transfer/
    └─ migration.sql
  └─ 202609270006_representation_transfer/
    └─ migration.sql
  └─ 202609270007_field_evidence_transfer/
    └─ migration.sql
  └─ 202609270008_credential_transfer/
    └─ migration.sql
  └─ 202609280001_credential_media_transfer/
    └─ migration.sql
  └─ 202609280002_collection_transfer/
    └─ migration.sql
  └─ 202609280003_adult_eligibility_transfer/
    └─ migration.sql
  └─ 202609280004_identity_evidence_transfer/
    └─ migration.sql
  └─ 202609280005_merge_history_transfer/
    └─ migration.sql
  └─ 202609280006_candidate_review_lineage/
    └─ migration.sql
  └─ 202609280007_identity_retention_permission/
    └─ migration.sql
  └─ 202609280008_merge_history_erasure/
    └─ migration.sql
  └─ 202609280009_internal_locale_texts/
    └─ migration.sql
  └─ 202609280010_locale_dependency_identity/
    └─ migration.sql
  └─ 202609280011_locale_transfer/
    └─ migration.sql
  └─ 202609280012_locale_merge/
    └─ migration.sql
  └─ 202609280013_ai_dispatch_ledger/
    └─ migration.sql
  └─ 202609280014_ai_business/
    └─ migration.sql
  └─ 202609280015_ai_operations/
    └─ migration.sql
  └─ 202609290001_ai_connections/
    └─ migration.sql
  └─ 202609290002_media_documents_video/
    └─ migration.sql
  └─ 202609290003_project_parties/
    └─ migration.sql
  └─ 202609290004_project_party_export_fields/
    └─ migration.sql
  └─ 202609290005_media_erased_limits/
    └─ migration.sql
  └─ 202609300001_talent_experience_pr01b/
    └─ migration.sql
  └─ 202610010001_talent_auth_principals/
    └─ migration.sql
  └─ 202610010002_talent_auth_key_binding/
    └─ migration.sql
  └─ 202610010003_talent_maintenance/
    └─ migration.sql
  └─ 202610010004_talent_basis_rebuild/
    └─ migration.sql
  └─ 202610010005_talent_maintenance_permissions/
    └─ migration.sql
  └─ 202610010006_talent_submission_ownership/
    └─ migration.sql
  └─ 202610010007_media_ownership/
    └─ migration.sql
  └─ 202610010008_media_collections/
    └─ migration.sql
      
All migrations have been successfully applied.
TAP version 13
# {"checks":["recovery-after-worker-claim-denies-heartbeat-finish-and-existing-staged-read-without-fake-purge"]}
# Subtest: tests/postgres/media-staging.test.ts
ok 1 - tests/postgres/media-staging.test.ts
  ---
  duration_ms: 988.815333
  type: 'test'
  ...
1..1
# tests 1
# suites 0
# pass 1
# fail 0
# cancelled 0
# skipped 0
# todo 0
# duration_ms 993.344125
Prisma schema loaded from prisma/schema.prisma
Datasource "db": PostgreSQL database "once_test_media_concurrency_pr03cf_full2", schema "public" at "127.0.0.1:56531"

63 migrations found in prisma/migrations

Applying migration `202609220001_initial`
Applying migration `202609230001_source_history`
Applying migration `202609230002_record_handoffs`
Applying migration `202609230003_private_images`
Applying migration `202609240001_works_projects`
Applying migration `202609240002_search_shortlists`
Applying migration `202609240003_shortlist_asset_unlink`
Applying migration `202609240004_search_facts_sql`
Applying migration `202609240005_dictionary_search_namespaces`
Applying migration `202609240006_export_dependencies`
Applying migration `202609240007_export_payload_json_null`
Applying migration `202609240008_deletion_impact_preview`
Applying migration `202609240009_deletion_blocking`
Applying migration `202609240010_deletion_retention_plan`
Applying migration `202609240011_deletion_cleanup_execution`
Applying migration `202609240012_cleanup_null_guards`
Applying migration `202609250001_deletion_finalization_states`
Applying migration `202609250002_person_merge_foundation`
Applying migration `202609250003_person_merge_integrity`
Applying migration `202609260001_recovery_runs`
Applying migration `202609260002_recovery_inspection`
Applying migration `202609260003_recovery_report_guards`
Applying migration `202609260004_recovery_approval_evidence`
Applying migration `202609260005_recovery_approval_media_guard`
Applying migration `202609260006_recovery_backup_media_identity`
Applying migration `202609260007_recovery_delta_resolution`
Applying migration `202609270001_talent_domain_v2`
Applying migration `202609270002_talent_merge_history`
Applying migration `202609270003_talent_transfer`
Applying migration `202609270004_capability_transfer`
Applying migration `202609270005_external_ref_transfer`
Applying migration `202609270006_representation_transfer`
Applying migration `202609270007_field_evidence_transfer`
Applying migration `202609270008_credential_transfer`
Applying migration `202609280001_credential_media_transfer`
Applying migration `202609280002_collection_transfer`
Applying migration `202609280003_adult_eligibility_transfer`
Applying migration `202609280004_identity_evidence_transfer`
Applying migration `202609280005_merge_history_transfer`
Applying migration `202609280006_candidate_review_lineage`
Applying migration `202609280007_identity_retention_permission`
Applying migration `202609280008_merge_history_erasure`
Applying migration `202609280009_internal_locale_texts`
Applying migration `202609280010_locale_dependency_identity`
Applying migration `202609280011_locale_transfer`
Applying migration `202609280012_locale_merge`
Applying migration `202609280013_ai_dispatch_ledger`
Applying migration `202609280014_ai_business`
Applying migration `202609280015_ai_operations`
Applying migration `202609290001_ai_connections`
Applying migration `202609290002_media_documents_video`
Applying migration `202609290003_project_parties`
Applying migration `202609290004_project_party_export_fields`
Applying migration `202609290005_media_erased_limits`
Applying migration `202609300001_talent_experience_pr01b`
Applying migration `202610010001_talent_auth_principals`
Applying migration `202610010002_talent_auth_key_binding`
Applying migration `202610010003_talent_maintenance`
Applying migration `202610010004_talent_basis_rebuild`
Applying migration `202610010005_talent_maintenance_permissions`
Applying migration `202610010006_talent_submission_ownership`
Applying migration `202610010007_media_ownership`
Applying migration `202610010008_media_collections`

The following migration(s) have been applied:

migrations/
  └─ 202609220001_initial/
    └─ migration.sql
  └─ 202609230001_source_history/
    └─ migration.sql
  └─ 202609230002_record_handoffs/
    └─ migration.sql
  └─ 202609230003_private_images/
    └─ migration.sql
  └─ 202609240001_works_projects/
    └─ migration.sql
  └─ 202609240002_search_shortlists/
    └─ migration.sql
  └─ 202609240003_shortlist_asset_unlink/
    └─ migration.sql
  └─ 202609240004_search_facts_sql/
    └─ migration.sql
  └─ 202609240005_dictionary_search_namespaces/
    └─ migration.sql
  └─ 202609240006_export_dependencies/
    └─ migration.sql
  └─ 202609240007_export_payload_json_null/
    └─ migration.sql
  └─ 202609240008_deletion_impact_preview/
    └─ migration.sql
  └─ 202609240009_deletion_blocking/
    └─ migration.sql
  └─ 202609240010_deletion_retention_plan/
    └─ migration.sql
  └─ 202609240011_deletion_cleanup_execution/
    └─ migration.sql
  └─ 202609240012_cleanup_null_guards/
    └─ migration.sql
  └─ 202609250001_deletion_finalization_states/
    └─ migration.sql
  └─ 202609250002_person_merge_foundation/
    └─ migration.sql
  └─ 202609250003_person_merge_integrity/
    └─ migration.sql
  └─ 202609260001_recovery_runs/
    └─ migration.sql
  └─ 202609260002_recovery_inspection/
    └─ migration.sql
  └─ 202609260003_recovery_report_guards/
    └─ migration.sql
  └─ 202609260004_recovery_approval_evidence/
    └─ migration.sql
  └─ 202609260005_recovery_approval_media_guard/
    └─ migration.sql
  └─ 202609260006_recovery_backup_media_identity/
    └─ migration.sql
  └─ 202609260007_recovery_delta_resolution/
    └─ migration.sql
  └─ 202609270001_talent_domain_v2/
    └─ migration.sql
  └─ 202609270002_talent_merge_history/
    └─ migration.sql
  └─ 202609270003_talent_transfer/
    └─ migration.sql
  └─ 202609270004_capability_transfer/
    └─ migration.sql
  └─ 202609270005_external_ref_transfer/
    └─ migration.sql
  └─ 202609270006_representation_transfer/
    └─ migration.sql
  └─ 202609270007_field_evidence_transfer/
    └─ migration.sql
  └─ 202609270008_credential_transfer/
    └─ migration.sql
  └─ 202609280001_credential_media_transfer/
    └─ migration.sql
  └─ 202609280002_collection_transfer/
    └─ migration.sql
  └─ 202609280003_adult_eligibility_transfer/
    └─ migration.sql
  └─ 202609280004_identity_evidence_transfer/
    └─ migration.sql
  └─ 202609280005_merge_history_transfer/
    └─ migration.sql
  └─ 202609280006_candidate_review_lineage/
    └─ migration.sql
  └─ 202609280007_identity_retention_permission/
    └─ migration.sql
  └─ 202609280008_merge_history_erasure/
    └─ migration.sql
  └─ 202609280009_internal_locale_texts/
    └─ migration.sql
  └─ 202609280010_locale_dependency_identity/
    └─ migration.sql
  └─ 202609280011_locale_transfer/
    └─ migration.sql
  └─ 202609280012_locale_merge/
    └─ migration.sql
  └─ 202609280013_ai_dispatch_ledger/
    └─ migration.sql
  └─ 202609280014_ai_business/
    └─ migration.sql
  └─ 202609280015_ai_operations/
    └─ migration.sql
  └─ 202609290001_ai_connections/
    └─ migration.sql
  └─ 202609290002_media_documents_video/
    └─ migration.sql
  └─ 202609290003_project_parties/
    └─ migration.sql
  └─ 202609290004_project_party_export_fields/
    └─ migration.sql
  └─ 202609290005_media_erased_limits/
    └─ migration.sql
  └─ 202609300001_talent_experience_pr01b/
    └─ migration.sql
  └─ 202610010001_talent_auth_principals/
    └─ migration.sql
  └─ 202610010002_talent_auth_key_binding/
    └─ migration.sql
  └─ 202610010003_talent_maintenance/
    └─ migration.sql
  └─ 202610010004_talent_basis_rebuild/
    └─ migration.sql
  └─ 202610010005_talent_maintenance_permissions/
    └─ migration.sql
  └─ 202610010006_talent_submission_ownership/
    └─ migration.sql
  └─ 202610010007_media_ownership/
    └─ migration.sql
  └─ 202610010008_media_collections/
    └─ migration.sql
      
All migrations have been successfully applied.
TAP version 13
# {"checks":["concurrent-same-key-single-upload-replayed","concurrent-new-keys-submission-cas-prevents-double-membership"]}
# Subtest: tests/postgres/media-staging.test.ts
ok 1 - tests/postgres/media-staging.test.ts
  ---
  duration_ms: 778.008709
  type: 'test'
  ...
1..1
# tests 1
# suites 0
# pass 1
# fail 0
# cancelled 0
# skipped 0
# todo 0
# duration_ms 782.023
TAP version 13
# Subtest: tests/postgres/collection-upgrade.test.ts
ok 1 - tests/postgres/collection-upgrade.test.ts
  ---
  duration_ms: 2435.374834
  type: 'test'
  ...
1..1
# tests 1
# suites 0
# pass 1
# fail 0
# cancelled 0
# skipped 0
# todo 0
# duration_ms 2441.087708
TAP version 13
# Subtest: tests/postgres/media-upgrade.test.ts
ok 1 - tests/postgres/media-upgrade.test.ts
  ---
  duration_ms: 2692.728875
  type: 'test'
  ...
1..1
# tests 1
# suites 0
# pass 1
# fail 0
# cancelled 0
# skipped 0
# todo 0
# duration_ms 2697.975291
Prisma schema loaded from prisma/schema.prisma
Datasource "db": PostgreSQL database "once_test_maint_pr03cf_full2", schema "public" at "127.0.0.1:56531"

63 migrations found in prisma/migrations

Applying migration `202609220001_initial`
Applying migration `202609230001_source_history`
Applying migration `202609230002_record_handoffs`
Applying migration `202609230003_private_images`
Applying migration `202609240001_works_projects`
Applying migration `202609240002_search_shortlists`
Applying migration `202609240003_shortlist_asset_unlink`
Applying migration `202609240004_search_facts_sql`
Applying migration `202609240005_dictionary_search_namespaces`
Applying migration `202609240006_export_dependencies`
Applying migration `202609240007_export_payload_json_null`
Applying migration `202609240008_deletion_impact_preview`
Applying migration `202609240009_deletion_blocking`
Applying migration `202609240010_deletion_retention_plan`
Applying migration `202609240011_deletion_cleanup_execution`
Applying migration `202609240012_cleanup_null_guards`
Applying migration `202609250001_deletion_finalization_states`
Applying migration `202609250002_person_merge_foundation`
Applying migration `202609250003_person_merge_integrity`
Applying migration `202609260001_recovery_runs`
Applying migration `202609260002_recovery_inspection`
Applying migration `202609260003_recovery_report_guards`
Applying migration `202609260004_recovery_approval_evidence`
Applying migration `202609260005_recovery_approval_media_guard`
Applying migration `202609260006_recovery_backup_media_identity`
Applying migration `202609260007_recovery_delta_resolution`
Applying migration `202609270001_talent_domain_v2`
Applying migration `202609270002_talent_merge_history`
Applying migration `202609270003_talent_transfer`
Applying migration `202609270004_capability_transfer`
Applying migration `202609270005_external_ref_transfer`
Applying migration `202609270006_representation_transfer`
Applying migration `202609270007_field_evidence_transfer`
Applying migration `202609270008_credential_transfer`
Applying migration `202609280001_credential_media_transfer`
Applying migration `202609280002_collection_transfer`
Applying migration `202609280003_adult_eligibility_transfer`
Applying migration `202609280004_identity_evidence_transfer`
Applying migration `202609280005_merge_history_transfer`
Applying migration `202609280006_candidate_review_lineage`
Applying migration `202609280007_identity_retention_permission`
Applying migration `202609280008_merge_history_erasure`
Applying migration `202609280009_internal_locale_texts`
Applying migration `202609280010_locale_dependency_identity`
Applying migration `202609280011_locale_transfer`
Applying migration `202609280012_locale_merge`
Applying migration `202609280013_ai_dispatch_ledger`
Applying migration `202609280014_ai_business`
Applying migration `202609280015_ai_operations`
Applying migration `202609290001_ai_connections`
Applying migration `202609290002_media_documents_video`
Applying migration `202609290003_project_parties`
Applying migration `202609290004_project_party_export_fields`
Applying migration `202609290005_media_erased_limits`
Applying migration `202609300001_talent_experience_pr01b`
Applying migration `202610010001_talent_auth_principals`
Applying migration `202610010002_talent_auth_key_binding`
Applying migration `202610010003_talent_maintenance`
Applying migration `202610010004_talent_basis_rebuild`
Applying migration `202610010005_talent_maintenance_permissions`
Applying migration `202610010006_talent_submission_ownership`
Applying migration `202610010007_media_ownership`
Applying migration `202610010008_media_collections`

The following migration(s) have been applied:

migrations/
  └─ 202609220001_initial/
    └─ migration.sql
  └─ 202609230001_source_history/
    └─ migration.sql
  └─ 202609230002_record_handoffs/
    └─ migration.sql
  └─ 202609230003_private_images/
    └─ migration.sql
  └─ 202609240001_works_projects/
    └─ migration.sql
  └─ 202609240002_search_shortlists/
    └─ migration.sql
  └─ 202609240003_shortlist_asset_unlink/
    └─ migration.sql
  └─ 202609240004_search_facts_sql/
    └─ migration.sql
  └─ 202609240005_dictionary_search_namespaces/
    └─ migration.sql
  └─ 202609240006_export_dependencies/
    └─ migration.sql
  └─ 202609240007_export_payload_json_null/
    └─ migration.sql
  └─ 202609240008_deletion_impact_preview/
    └─ migration.sql
  └─ 202609240009_deletion_blocking/
    └─ migration.sql
  └─ 202609240010_deletion_retention_plan/
    └─ migration.sql
  └─ 202609240011_deletion_cleanup_execution/
    └─ migration.sql
  └─ 202609240012_cleanup_null_guards/
    └─ migration.sql
  └─ 202609250001_deletion_finalization_states/
    └─ migration.sql
  └─ 202609250002_person_merge_foundation/
    └─ migration.sql
  └─ 202609250003_person_merge_integrity/
    └─ migration.sql
  └─ 202609260001_recovery_runs/
    └─ migration.sql
  └─ 202609260002_recovery_inspection/
    └─ migration.sql
  └─ 202609260003_recovery_report_guards/
    └─ migration.sql
  └─ 202609260004_recovery_approval_evidence/
    └─ migration.sql
  └─ 202609260005_recovery_approval_media_guard/
    └─ migration.sql
  └─ 202609260006_recovery_backup_media_identity/
    └─ migration.sql
  └─ 202609260007_recovery_delta_resolution/
    └─ migration.sql
  └─ 202609270001_talent_domain_v2/
    └─ migration.sql
  └─ 202609270002_talent_merge_history/
    └─ migration.sql
  └─ 202609270003_talent_transfer/
    └─ migration.sql
  └─ 202609270004_capability_transfer/
    └─ migration.sql
  └─ 202609270005_external_ref_transfer/
    └─ migration.sql
  └─ 202609270006_representation_transfer/
    └─ migration.sql
  └─ 202609270007_field_evidence_transfer/
    └─ migration.sql
  └─ 202609270008_credential_transfer/
    └─ migration.sql
  └─ 202609280001_credential_media_transfer/
    └─ migration.sql
  └─ 202609280002_collection_transfer/
    └─ migration.sql
  └─ 202609280003_adult_eligibility_transfer/
    └─ migration.sql
  └─ 202609280004_identity_evidence_transfer/
    └─ migration.sql
  └─ 202609280005_merge_history_transfer/
    └─ migration.sql
  └─ 202609280006_candidate_review_lineage/
    └─ migration.sql
  └─ 202609280007_identity_retention_permission/
    └─ migration.sql
  └─ 202609280008_merge_history_erasure/
    └─ migration.sql
  └─ 202609280009_internal_locale_texts/
    └─ migration.sql
  └─ 202609280010_locale_dependency_identity/
    └─ migration.sql
  └─ 202609280011_locale_transfer/
    └─ migration.sql
  └─ 202609280012_locale_merge/
    └─ migration.sql
  └─ 202609280013_ai_dispatch_ledger/
    └─ migration.sql
  └─ 202609280014_ai_business/
    └─ migration.sql
  └─ 202609280015_ai_operations/
    └─ migration.sql
  └─ 202609290001_ai_connections/
    └─ migration.sql
  └─ 202609290002_media_documents_video/
    └─ migration.sql
  └─ 202609290003_project_parties/
    └─ migration.sql
  └─ 202609290004_project_party_export_fields/
    └─ migration.sql
  └─ 202609290005_media_erased_limits/
    └─ migration.sql
  └─ 202609300001_talent_experience_pr01b/
    └─ migration.sql
  └─ 202610010001_talent_auth_principals/
    └─ migration.sql
  └─ 202610010002_talent_auth_key_binding/
    └─ migration.sql
  └─ 202610010003_talent_maintenance/
    └─ migration.sql
  └─ 202610010004_talent_basis_rebuild/
    └─ migration.sql
  └─ 202610010005_talent_maintenance_permissions/
    └─ migration.sql
  └─ 202610010006_talent_submission_ownership/
    └─ migration.sql
  └─ 202610010007_media_ownership/
    └─ migration.sql
  └─ 202610010008_media_collections/
    └─ migration.sql
      
All migrations have been successfully applied.
Prisma schema loaded from prisma/schema.prisma
Datasource "db": PostgreSQL database "once_test_maint_rebuild_pr03cf_full2", schema "public" at "127.0.0.1:56531"

63 migrations found in prisma/migrations

Applying migration `202609220001_initial`
Applying migration `202609230001_source_history`
Applying migration `202609230002_record_handoffs`
Applying migration `202609230003_private_images`
Applying migration `202609240001_works_projects`
Applying migration `202609240002_search_shortlists`
Applying migration `202609240003_shortlist_asset_unlink`
Applying migration `202609240004_search_facts_sql`
Applying migration `202609240005_dictionary_search_namespaces`
Applying migration `202609240006_export_dependencies`
Applying migration `202609240007_export_payload_json_null`
Applying migration `202609240008_deletion_impact_preview`
Applying migration `202609240009_deletion_blocking`
Applying migration `202609240010_deletion_retention_plan`
Applying migration `202609240011_deletion_cleanup_execution`
Applying migration `202609240012_cleanup_null_guards`
Applying migration `202609250001_deletion_finalization_states`
Applying migration `202609250002_person_merge_foundation`
Applying migration `202609250003_person_merge_integrity`
Applying migration `202609260001_recovery_runs`
Applying migration `202609260002_recovery_inspection`
Applying migration `202609260003_recovery_report_guards`
Applying migration `202609260004_recovery_approval_evidence`
Applying migration `202609260005_recovery_approval_media_guard`
Applying migration `202609260006_recovery_backup_media_identity`
Applying migration `202609260007_recovery_delta_resolution`
Applying migration `202609270001_talent_domain_v2`
Applying migration `202609270002_talent_merge_history`
Applying migration `202609270003_talent_transfer`
Applying migration `202609270004_capability_transfer`
Applying migration `202609270005_external_ref_transfer`
Applying migration `202609270006_representation_transfer`
Applying migration `202609270007_field_evidence_transfer`
Applying migration `202609270008_credential_transfer`
Applying migration `202609280001_credential_media_transfer`
Applying migration `202609280002_collection_transfer`
Applying migration `202609280003_adult_eligibility_transfer`
Applying migration `202609280004_identity_evidence_transfer`
Applying migration `202609280005_merge_history_transfer`
Applying migration `202609280006_candidate_review_lineage`
Applying migration `202609280007_identity_retention_permission`
Applying migration `202609280008_merge_history_erasure`
Applying migration `202609280009_internal_locale_texts`
Applying migration `202609280010_locale_dependency_identity`
Applying migration `202609280011_locale_transfer`
Applying migration `202609280012_locale_merge`
Applying migration `202609280013_ai_dispatch_ledger`
Applying migration `202609280014_ai_business`
Applying migration `202609280015_ai_operations`
Applying migration `202609290001_ai_connections`
Applying migration `202609290002_media_documents_video`
Applying migration `202609290003_project_parties`
Applying migration `202609290004_project_party_export_fields`
Applying migration `202609290005_media_erased_limits`
Applying migration `202609300001_talent_experience_pr01b`
Applying migration `202610010001_talent_auth_principals`
Applying migration `202610010002_talent_auth_key_binding`
Applying migration `202610010003_talent_maintenance`
Applying migration `202610010004_talent_basis_rebuild`
Applying migration `202610010005_talent_maintenance_permissions`
Applying migration `202610010006_talent_submission_ownership`
Applying migration `202610010007_media_ownership`
Applying migration `202610010008_media_collections`

The following migration(s) have been applied:

migrations/
  └─ 202609220001_initial/
    └─ migration.sql
  └─ 202609230001_source_history/
    └─ migration.sql
  └─ 202609230002_record_handoffs/
    └─ migration.sql
  └─ 202609230003_private_images/
    └─ migration.sql
  └─ 202609240001_works_projects/
    └─ migration.sql
  └─ 202609240002_search_shortlists/
    └─ migration.sql
  └─ 202609240003_shortlist_asset_unlink/
    └─ migration.sql
  └─ 202609240004_search_facts_sql/
    └─ migration.sql
  └─ 202609240005_dictionary_search_namespaces/
    └─ migration.sql
  └─ 202609240006_export_dependencies/
    └─ migration.sql
  └─ 202609240007_export_payload_json_null/
    └─ migration.sql
  └─ 202609240008_deletion_impact_preview/
    └─ migration.sql
  └─ 202609240009_deletion_blocking/
    └─ migration.sql
  └─ 202609240010_deletion_retention_plan/
    └─ migration.sql
  └─ 202609240011_deletion_cleanup_execution/
    └─ migration.sql
  └─ 202609240012_cleanup_null_guards/
    └─ migration.sql
  └─ 202609250001_deletion_finalization_states/
    └─ migration.sql
  └─ 202609250002_person_merge_foundation/
    └─ migration.sql
  └─ 202609250003_person_merge_integrity/
    └─ migration.sql
  └─ 202609260001_recovery_runs/
    └─ migration.sql
  └─ 202609260002_recovery_inspection/
    └─ migration.sql
  └─ 202609260003_recovery_report_guards/
    └─ migration.sql
  └─ 202609260004_recovery_approval_evidence/
    └─ migration.sql
  └─ 202609260005_recovery_approval_media_guard/
    └─ migration.sql
  └─ 202609260006_recovery_backup_media_identity/
    └─ migration.sql
  └─ 202609260007_recovery_delta_resolution/
    └─ migration.sql
  └─ 202609270001_talent_domain_v2/
    └─ migration.sql
  └─ 202609270002_talent_merge_history/
    └─ migration.sql
  └─ 202609270003_talent_transfer/
    └─ migration.sql
  └─ 202609270004_capability_transfer/
    └─ migration.sql
  └─ 202609270005_external_ref_transfer/
    └─ migration.sql
  └─ 202609270006_representation_transfer/
    └─ migration.sql
  └─ 202609270007_field_evidence_transfer/
    └─ migration.sql
  └─ 202609270008_credential_transfer/
    └─ migration.sql
  └─ 202609280001_credential_media_transfer/
    └─ migration.sql
  └─ 202609280002_collection_transfer/
    └─ migration.sql
  └─ 202609280003_adult_eligibility_transfer/
    └─ migration.sql
  └─ 202609280004_identity_evidence_transfer/
    └─ migration.sql
  └─ 202609280005_merge_history_transfer/
    └─ migration.sql
  └─ 202609280006_candidate_review_lineage/
    └─ migration.sql
  └─ 202609280007_identity_retention_permission/
    └─ migration.sql
  └─ 202609280008_merge_history_erasure/
    └─ migration.sql
  └─ 202609280009_internal_locale_texts/
    └─ migration.sql
  └─ 202609280010_locale_dependency_identity/
    └─ migration.sql
  └─ 202609280011_locale_transfer/
    └─ migration.sql
  └─ 202609280012_locale_merge/
    └─ migration.sql
  └─ 202609280013_ai_dispatch_ledger/
    └─ migration.sql
  └─ 202609280014_ai_business/
    └─ migration.sql
  └─ 202609280015_ai_operations/
    └─ migration.sql
  └─ 202609290001_ai_connections/
    └─ migration.sql
  └─ 202609290002_media_documents_video/
    └─ migration.sql
  └─ 202609290003_project_parties/
    └─ migration.sql
  └─ 202609290004_project_party_export_fields/
    └─ migration.sql
  └─ 202609290005_media_erased_limits/
    └─ migration.sql
  └─ 202609300001_talent_experience_pr01b/
    └─ migration.sql
  └─ 202610010001_talent_auth_principals/
    └─ migration.sql
  └─ 202610010002_talent_auth_key_binding/
    └─ migration.sql
  └─ 202610010003_talent_maintenance/
    └─ migration.sql
  └─ 202610010004_talent_basis_rebuild/
    └─ migration.sql
  └─ 202610010005_talent_maintenance_permissions/
    └─ migration.sql
  └─ 202610010006_talent_submission_ownership/
    └─ migration.sql
  └─ 202610010007_media_ownership/
    └─ migration.sql
  └─ 202610010008_media_collections/
    └─ migration.sql
      
All migrations have been successfully applied.
TAP version 13
# {"checks":["directed-recipient-mismatch-denied","pending-claim-no-person-access","claim-replay-after-invitation-consumption","read-account-header-and-grant-person-ownership","draft-owner-read-write-isolation","server-draft-cas-and-submitted-immutable","dependency-group-atomic-rejection","same-person-adoption-source-provider-reviewer-and-minimal-receipt","consent-revocation-immediately-hides-self-fields","consent-revocation-new-old-directory-and-counts","enroll-reservation-business-deduplication","enroll-approval-person-grant-quota-atomic","concurrent-last-enroll-slot-one-reservation","expired-admission-retains-owned-draft-no-new-submit-after-relogin","postgres-real-audit-failure-rolls-back-source-evidence-adoption-and-receipt","approved-original-key-replays-new-key-same-or-different-decision-closed","partially_approved-original-key-replays-new-key-same-or-different-decision-closed","rejected-original-key-replays-new-key-same-or-different-decision-closed","review-replay-bound-to-principal-and-request-digest-no-extra-success-audit","self-submission-source-rejects-text-payload-including-empty-independent-source-allowed","rejected-followup-to-approved-enroll-keeps-existing-claim-and-grant","enroll-total-rejection-atomic-claim-decision-provenance-and-reservation-release","enroll-rejection-audit-failure-rolls-back-claim-quota-submission-and-receipt","enroll-rejection-without-optional-basis-records-linked-internal-decision","postgres-active-self-unique","postgres-quota-check","postgres-grant-person-fk","postgres-grant-claim-account-compound-fk","postgres-submission-consent-grant-account-compound-fk","postgres-submitted-item-immutable-trigger","postgres-attribution-submission-account-compound-fk","rejected-enroll-draft-and-decision-excluded-from-business-export","postgres-json-rebuild-keeps-purpose-and-original-attribution-without-auth-grants","postgres-physical-backup-all-nine-entities-and-real-recovery-prepare","physical-recovery-retains-rejected-enroll-decision-without-reopening-reservation","partial-independent-items-ignore-unrelated-person-revision","fork-only-unapplied-items","save-retains-original-field-baseline-and-stale-review-needs-rebase","unknown-age-no-self-grant-without-adult-declaration","known-minor-cannot-bypass-with-adult-checkbox","guardian-independent-proof-required","actual-person-merge-closes-grant-without-transferring-account","actual-person-deletion-clears-server-submission-mirrors"]}
# Subtest: tests/postgres/talent-maintenance.test.ts
ok 1 - tests/postgres/talent-maintenance.test.ts
  ---
  duration_ms: 4776.081042
  type: 'test'
  ...
1..1
# tests 1
# suites 0
# pass 1
# fail 0
# cancelled 0
# skipped 0
# todo 0
# duration_ms 4780.157292
Prisma schema loaded from prisma/schema.prisma
Datasource "db": PostgreSQL database "once_test_auth_pr03cf_full2", schema "public" at "127.0.0.1:56531"

63 migrations found in prisma/migrations

Applying migration `202609220001_initial`
Applying migration `202609230001_source_history`
Applying migration `202609230002_record_handoffs`
Applying migration `202609230003_private_images`
Applying migration `202609240001_works_projects`
Applying migration `202609240002_search_shortlists`
Applying migration `202609240003_shortlist_asset_unlink`
Applying migration `202609240004_search_facts_sql`
Applying migration `202609240005_dictionary_search_namespaces`
Applying migration `202609240006_export_dependencies`
Applying migration `202609240007_export_payload_json_null`
Applying migration `202609240008_deletion_impact_preview`
Applying migration `202609240009_deletion_blocking`
Applying migration `202609240010_deletion_retention_plan`
Applying migration `202609240011_deletion_cleanup_execution`
Applying migration `202609240012_cleanup_null_guards`
Applying migration `202609250001_deletion_finalization_states`
Applying migration `202609250002_person_merge_foundation`
Applying migration `202609250003_person_merge_integrity`
Applying migration `202609260001_recovery_runs`
Applying migration `202609260002_recovery_inspection`
Applying migration `202609260003_recovery_report_guards`
Applying migration `202609260004_recovery_approval_evidence`
Applying migration `202609260005_recovery_approval_media_guard`
Applying migration `202609260006_recovery_backup_media_identity`
Applying migration `202609260007_recovery_delta_resolution`
Applying migration `202609270001_talent_domain_v2`
Applying migration `202609270002_talent_merge_history`
Applying migration `202609270003_talent_transfer`
Applying migration `202609270004_capability_transfer`
Applying migration `202609270005_external_ref_transfer`
Applying migration `202609270006_representation_transfer`
Applying migration `202609270007_field_evidence_transfer`
Applying migration `202609270008_credential_transfer`
Applying migration `202609280001_credential_media_transfer`
Applying migration `202609280002_collection_transfer`
Applying migration `202609280003_adult_eligibility_transfer`
Applying migration `202609280004_identity_evidence_transfer`
Applying migration `202609280005_merge_history_transfer`
Applying migration `202609280006_candidate_review_lineage`
Applying migration `202609280007_identity_retention_permission`
Applying migration `202609280008_merge_history_erasure`
Applying migration `202609280009_internal_locale_texts`
Applying migration `202609280010_locale_dependency_identity`
Applying migration `202609280011_locale_transfer`
Applying migration `202609280012_locale_merge`
Applying migration `202609280013_ai_dispatch_ledger`
Applying migration `202609280014_ai_business`
Applying migration `202609280015_ai_operations`
Applying migration `202609290001_ai_connections`
Applying migration `202609290002_media_documents_video`
Applying migration `202609290003_project_parties`
Applying migration `202609290004_project_party_export_fields`
Applying migration `202609290005_media_erased_limits`
Applying migration `202609300001_talent_experience_pr01b`
Applying migration `202610010001_talent_auth_principals`
Applying migration `202610010002_talent_auth_key_binding`
Applying migration `202610010003_talent_maintenance`
Applying migration `202610010004_talent_basis_rebuild`
Applying migration `202610010005_talent_maintenance_permissions`
Applying migration `202610010006_talent_submission_ownership`
Applying migration `202610010007_media_ownership`
Applying migration `202610010008_media_collections`

The following migration(s) have been applied:

migrations/
  └─ 202609220001_initial/
    └─ migration.sql
  └─ 202609230001_source_history/
    └─ migration.sql
  └─ 202609230002_record_handoffs/
    └─ migration.sql
  └─ 202609230003_private_images/
    └─ migration.sql
  └─ 202609240001_works_projects/
    └─ migration.sql
  └─ 202609240002_search_shortlists/
    └─ migration.sql
  └─ 202609240003_shortlist_asset_unlink/
    └─ migration.sql
  └─ 202609240004_search_facts_sql/
    └─ migration.sql
  └─ 202609240005_dictionary_search_namespaces/
    └─ migration.sql
  └─ 202609240006_export_dependencies/
    └─ migration.sql
  └─ 202609240007_export_payload_json_null/
    └─ migration.sql
  └─ 202609240008_deletion_impact_preview/
    └─ migration.sql
  └─ 202609240009_deletion_blocking/
    └─ migration.sql
  └─ 202609240010_deletion_retention_plan/
    └─ migration.sql
  └─ 202609240011_deletion_cleanup_execution/
    └─ migration.sql
  └─ 202609240012_cleanup_null_guards/
    └─ migration.sql
  └─ 202609250001_deletion_finalization_states/
    └─ migration.sql
  └─ 202609250002_person_merge_foundation/
    └─ migration.sql
  └─ 202609250003_person_merge_integrity/
    └─ migration.sql
  └─ 202609260001_recovery_runs/
    └─ migration.sql
  └─ 202609260002_recovery_inspection/
    └─ migration.sql
  └─ 202609260003_recovery_report_guards/
    └─ migration.sql
  └─ 202609260004_recovery_approval_evidence/
    └─ migration.sql
  └─ 202609260005_recovery_approval_media_guard/
    └─ migration.sql
  └─ 202609260006_recovery_backup_media_identity/
    └─ migration.sql
  └─ 202609260007_recovery_delta_resolution/
    └─ migration.sql
  └─ 202609270001_talent_domain_v2/
    └─ migration.sql
  └─ 202609270002_talent_merge_history/
    └─ migration.sql
  └─ 202609270003_talent_transfer/
    └─ migration.sql
  └─ 202609270004_capability_transfer/
    └─ migration.sql
  └─ 202609270005_external_ref_transfer/
    └─ migration.sql
  └─ 202609270006_representation_transfer/
    └─ migration.sql
  └─ 202609270007_field_evidence_transfer/
    └─ migration.sql
  └─ 202609270008_credential_transfer/
    └─ migration.sql
  └─ 202609280001_credential_media_transfer/
    └─ migration.sql
  └─ 202609280002_collection_transfer/
    └─ migration.sql
  └─ 202609280003_adult_eligibility_transfer/
    └─ migration.sql
  └─ 202609280004_identity_evidence_transfer/
    └─ migration.sql
  └─ 202609280005_merge_history_transfer/
    └─ migration.sql
  └─ 202609280006_candidate_review_lineage/
    └─ migration.sql
  └─ 202609280007_identity_retention_permission/
    └─ migration.sql
  └─ 202609280008_merge_history_erasure/
    └─ migration.sql
  └─ 202609280009_internal_locale_texts/
    └─ migration.sql
  └─ 202609280010_locale_dependency_identity/
    └─ migration.sql
  └─ 202609280011_locale_transfer/
    └─ migration.sql
  └─ 202609280012_locale_merge/
    └─ migration.sql
  └─ 202609280013_ai_dispatch_ledger/
    └─ migration.sql
  └─ 202609280014_ai_business/
    └─ migration.sql
  └─ 202609280015_ai_operations/
    └─ migration.sql
  └─ 202609290001_ai_connections/
    └─ migration.sql
  └─ 202609290002_media_documents_video/
    └─ migration.sql
  └─ 202609290003_project_parties/
    └─ migration.sql
  └─ 202609290004_project_party_export_fields/
    └─ migration.sql
  └─ 202609290005_media_erased_limits/
    └─ migration.sql
  └─ 202609300001_talent_experience_pr01b/
    └─ migration.sql
  └─ 202610010001_talent_auth_principals/
    └─ migration.sql
  └─ 202610010002_talent_auth_key_binding/
    └─ migration.sql
  └─ 202610010003_talent_maintenance/
    └─ migration.sql
  └─ 202610010004_talent_basis_rebuild/
    └─ migration.sql
  └─ 202610010005_talent_maintenance_permissions/
    └─ migration.sql
  └─ 202610010006_talent_submission_ownership/
    └─ migration.sql
  └─ 202610010007_media_ownership/
    └─ migration.sql
  └─ 202610010008_media_collections/
    └─ migration.sql
      
All migrations have been successfully applied.
TAP version 13
# Subtest: PR02a real PostgreSQL authentication, principal FK/XOR, rollback and unique constraints
ok 1 - PR02a real PostgreSQL authentication, principal FK/XOR, rollback and unique constraints
  ---
  duration_ms: 1800.245792
  type: 'test'
  ...
1..1
# tests 1
# suites 0
# pass 1
# fail 0
# cancelled 0
# skipped 0
# todo 0
# duration_ms 2002.543083
TAP version 13
# Subtest: PR02a populated migration 55 preserves internal/machine receipts and system attribution
ok 1 - PR02a populated migration 55 preserves internal/machine receipts and system attribution
  ---
  duration_ms: 1993.298125
  type: 'test'
  ...
1..1
# tests 1
# suites 0
# pass 1
# fail 0
# cancelled 0
# skipped 0
# todo 0
# duration_ms 2196.714667
Prisma schema loaded from prisma/schema.prisma
Datasource "db": PostgreSQL database "once_rebuild_pr03cf_full2", schema "public" at "127.0.0.1:56531"

63 migrations found in prisma/migrations

Applying migration `202609220001_initial`
Applying migration `202609230001_source_history`
Applying migration `202609230002_record_handoffs`
Applying migration `202609230003_private_images`
Applying migration `202609240001_works_projects`
Applying migration `202609240002_search_shortlists`
Applying migration `202609240003_shortlist_asset_unlink`
Applying migration `202609240004_search_facts_sql`
Applying migration `202609240005_dictionary_search_namespaces`
Applying migration `202609240006_export_dependencies`
Applying migration `202609240007_export_payload_json_null`
Applying migration `202609240008_deletion_impact_preview`
Applying migration `202609240009_deletion_blocking`
Applying migration `202609240010_deletion_retention_plan`
Applying migration `202609240011_deletion_cleanup_execution`
Applying migration `202609240012_cleanup_null_guards`
Applying migration `202609250001_deletion_finalization_states`
Applying migration `202609250002_person_merge_foundation`
Applying migration `202609250003_person_merge_integrity`
Applying migration `202609260001_recovery_runs`
Applying migration `202609260002_recovery_inspection`
Applying migration `202609260003_recovery_report_guards`
Applying migration `202609260004_recovery_approval_evidence`
Applying migration `202609260005_recovery_approval_media_guard`
Applying migration `202609260006_recovery_backup_media_identity`
Applying migration `202609260007_recovery_delta_resolution`
Applying migration `202609270001_talent_domain_v2`
Applying migration `202609270002_talent_merge_history`
Applying migration `202609270003_talent_transfer`
Applying migration `202609270004_capability_transfer`
Applying migration `202609270005_external_ref_transfer`
Applying migration `202609270006_representation_transfer`
Applying migration `202609270007_field_evidence_transfer`
Applying migration `202609270008_credential_transfer`
Applying migration `202609280001_credential_media_transfer`
Applying migration `202609280002_collection_transfer`
Applying migration `202609280003_adult_eligibility_transfer`
Applying migration `202609280004_identity_evidence_transfer`
Applying migration `202609280005_merge_history_transfer`
Applying migration `202609280006_candidate_review_lineage`
Applying migration `202609280007_identity_retention_permission`
Applying migration `202609280008_merge_history_erasure`
Applying migration `202609280009_internal_locale_texts`
Applying migration `202609280010_locale_dependency_identity`
Applying migration `202609280011_locale_transfer`
Applying migration `202609280012_locale_merge`
Applying migration `202609280013_ai_dispatch_ledger`
Applying migration `202609280014_ai_business`
Applying migration `202609280015_ai_operations`
Applying migration `202609290001_ai_connections`
Applying migration `202609290002_media_documents_video`
Applying migration `202609290003_project_parties`
Applying migration `202609290004_project_party_export_fields`
Applying migration `202609290005_media_erased_limits`
Applying migration `202609300001_talent_experience_pr01b`
Applying migration `202610010001_talent_auth_principals`
Applying migration `202610010002_talent_auth_key_binding`
Applying migration `202610010003_talent_maintenance`
Applying migration `202610010004_talent_basis_rebuild`
Applying migration `202610010005_talent_maintenance_permissions`
Applying migration `202610010006_talent_submission_ownership`
Applying migration `202610010007_media_ownership`
Applying migration `202610010008_media_collections`

The following migration(s) have been applied:

migrations/
  └─ 202609220001_initial/
    └─ migration.sql
  └─ 202609230001_source_history/
    └─ migration.sql
  └─ 202609230002_record_handoffs/
    └─ migration.sql
  └─ 202609230003_private_images/
    └─ migration.sql
  └─ 202609240001_works_projects/
    └─ migration.sql
  └─ 202609240002_search_shortlists/
    └─ migration.sql
  └─ 202609240003_shortlist_asset_unlink/
    └─ migration.sql
  └─ 202609240004_search_facts_sql/
    └─ migration.sql
  └─ 202609240005_dictionary_search_namespaces/
    └─ migration.sql
  └─ 202609240006_export_dependencies/
    └─ migration.sql
  └─ 202609240007_export_payload_json_null/
    └─ migration.sql
  └─ 202609240008_deletion_impact_preview/
    └─ migration.sql
  └─ 202609240009_deletion_blocking/
    └─ migration.sql
  └─ 202609240010_deletion_retention_plan/
    └─ migration.sql
  └─ 202609240011_deletion_cleanup_execution/
    └─ migration.sql
  └─ 202609240012_cleanup_null_guards/
    └─ migration.sql
  └─ 202609250001_deletion_finalization_states/
    └─ migration.sql
  └─ 202609250002_person_merge_foundation/
    └─ migration.sql
  └─ 202609250003_person_merge_integrity/
    └─ migration.sql
  └─ 202609260001_recovery_runs/
    └─ migration.sql
  └─ 202609260002_recovery_inspection/
    └─ migration.sql
  └─ 202609260003_recovery_report_guards/
    └─ migration.sql
  └─ 202609260004_recovery_approval_evidence/
    └─ migration.sql
  └─ 202609260005_recovery_approval_media_guard/
    └─ migration.sql
  └─ 202609260006_recovery_backup_media_identity/
    └─ migration.sql
  └─ 202609260007_recovery_delta_resolution/
    └─ migration.sql
  └─ 202609270001_talent_domain_v2/
    └─ migration.sql
  └─ 202609270002_talent_merge_history/
    └─ migration.sql
  └─ 202609270003_talent_transfer/
    └─ migration.sql
  └─ 202609270004_capability_transfer/
    └─ migration.sql
  └─ 202609270005_external_ref_transfer/
    └─ migration.sql
  └─ 202609270006_representation_transfer/
    └─ migration.sql
  └─ 202609270007_field_evidence_transfer/
    └─ migration.sql
  └─ 202609270008_credential_transfer/
    └─ migration.sql
  └─ 202609280001_credential_media_transfer/
    └─ migration.sql
  └─ 202609280002_collection_transfer/
    └─ migration.sql
  └─ 202609280003_adult_eligibility_transfer/
    └─ migration.sql
  └─ 202609280004_identity_evidence_transfer/
    └─ migration.sql
  └─ 202609280005_merge_history_transfer/
    └─ migration.sql
  └─ 202609280006_candidate_review_lineage/
    └─ migration.sql
  └─ 202609280007_identity_retention_permission/
    └─ migration.sql
  └─ 202609280008_merge_history_erasure/
    └─ migration.sql
  └─ 202609280009_internal_locale_texts/
    └─ migration.sql
  └─ 202609280010_locale_dependency_identity/
    └─ migration.sql
  └─ 202609280011_locale_transfer/
    └─ migration.sql
  └─ 202609280012_locale_merge/
    └─ migration.sql
  └─ 202609280013_ai_dispatch_ledger/
    └─ migration.sql
  └─ 202609280014_ai_business/
    └─ migration.sql
  └─ 202609280015_ai_operations/
    └─ migration.sql
  └─ 202609290001_ai_connections/
    └─ migration.sql
  └─ 202609290002_media_documents_video/
    └─ migration.sql
  └─ 202609290003_project_parties/
    └─ migration.sql
  └─ 202609290004_project_party_export_fields/
    └─ migration.sql
  └─ 202609290005_media_erased_limits/
    └─ migration.sql
  └─ 202609300001_talent_experience_pr01b/
    └─ migration.sql
  └─ 202610010001_talent_auth_principals/
    └─ migration.sql
  └─ 202610010002_talent_auth_key_binding/
    └─ migration.sql
  └─ 202610010003_talent_maintenance/
    └─ migration.sql
  └─ 202610010004_talent_basis_rebuild/
    └─ migration.sql
  └─ 202610010005_talent_maintenance_permissions/
    └─ migration.sql
  └─ 202610010006_talent_submission_ownership/
    └─ migration.sql
  └─ 202610010007_media_ownership/
    └─ migration.sql
  └─ 202610010008_media_collections/
    └─ migration.sql
      
All migrations have been successfully applied.
TAP version 13
# Subtest: DEV-07H T29 real once-export-v1 -> PostgreSQL rollback -> CLI rebuild 10/3/1 graph
ok 1 - DEV-07H T29 real once-export-v1 -> PostgreSQL rollback -> CLI rebuild 10/3/1 graph
  ---
  duration_ms: 2946.944917
  type: 'test'
  ...
1..1
# tests 1
# suites 0
# pass 1
# fail 0
# cancelled 0
# skipped 0
# todo 0
# duration_ms 3147.221041
Prisma schema loaded from prisma/schema.prisma
Datasource "db": PostgreSQL database "once_restore_pr03cf_full2", schema "public" at "127.0.0.1:56531"

63 migrations found in prisma/migrations

Applying migration `202609220001_initial`
Applying migration `202609230001_source_history`
Applying migration `202609230002_record_handoffs`
Applying migration `202609230003_private_images`
Applying migration `202609240001_works_projects`
Applying migration `202609240002_search_shortlists`
Applying migration `202609240003_shortlist_asset_unlink`
Applying migration `202609240004_search_facts_sql`
Applying migration `202609240005_dictionary_search_namespaces`
Applying migration `202609240006_export_dependencies`
Applying migration `202609240007_export_payload_json_null`
Applying migration `202609240008_deletion_impact_preview`
Applying migration `202609240009_deletion_blocking`
Applying migration `202609240010_deletion_retention_plan`
Applying migration `202609240011_deletion_cleanup_execution`
Applying migration `202609240012_cleanup_null_guards`
Applying migration `202609250001_deletion_finalization_states`
Applying migration `202609250002_person_merge_foundation`
Applying migration `202609250003_person_merge_integrity`
Applying migration `202609260001_recovery_runs`
Applying migration `202609260002_recovery_inspection`
Applying migration `202609260003_recovery_report_guards`
Applying migration `202609260004_recovery_approval_evidence`
Applying migration `202609260005_recovery_approval_media_guard`
Applying migration `202609260006_recovery_backup_media_identity`
Applying migration `202609260007_recovery_delta_resolution`
Applying migration `202609270001_talent_domain_v2`
Applying migration `202609270002_talent_merge_history`
Applying migration `202609270003_talent_transfer`
Applying migration `202609270004_capability_transfer`
Applying migration `202609270005_external_ref_transfer`
Applying migration `202609270006_representation_transfer`
Applying migration `202609270007_field_evidence_transfer`
Applying migration `202609270008_credential_transfer`
Applying migration `202609280001_credential_media_transfer`
Applying migration `202609280002_collection_transfer`
Applying migration `202609280003_adult_eligibility_transfer`
Applying migration `202609280004_identity_evidence_transfer`
Applying migration `202609280005_merge_history_transfer`
Applying migration `202609280006_candidate_review_lineage`
Applying migration `202609280007_identity_retention_permission`
Applying migration `202609280008_merge_history_erasure`
Applying migration `202609280009_internal_locale_texts`
Applying migration `202609280010_locale_dependency_identity`
Applying migration `202609280011_locale_transfer`
Applying migration `202609280012_locale_merge`
Applying migration `202609280013_ai_dispatch_ledger`
Applying migration `202609280014_ai_business`
Applying migration `202609280015_ai_operations`
Applying migration `202609290001_ai_connections`
Applying migration `202609290002_media_documents_video`
Applying migration `202609290003_project_parties`
Applying migration `202609290004_project_party_export_fields`
Applying migration `202609290005_media_erased_limits`
Applying migration `202609300001_talent_experience_pr01b`
Applying migration `202610010001_talent_auth_principals`
Applying migration `202610010002_talent_auth_key_binding`
Applying migration `202610010003_talent_maintenance`
Applying migration `202610010004_talent_basis_rebuild`
Applying migration `202610010005_talent_maintenance_permissions`
Applying migration `202610010006_talent_submission_ownership`
Applying migration `202610010007_media_ownership`
Applying migration `202610010008_media_collections`

The following migration(s) have been applied:

migrations/
  └─ 202609220001_initial/
    └─ migration.sql
  └─ 202609230001_source_history/
    └─ migration.sql
  └─ 202609230002_record_handoffs/
    └─ migration.sql
  └─ 202609230003_private_images/
    └─ migration.sql
  └─ 202609240001_works_projects/
    └─ migration.sql
  └─ 202609240002_search_shortlists/
    └─ migration.sql
  └─ 202609240003_shortlist_asset_unlink/
    └─ migration.sql
  └─ 202609240004_search_facts_sql/
    └─ migration.sql
  └─ 202609240005_dictionary_search_namespaces/
    └─ migration.sql
  └─ 202609240006_export_dependencies/
    └─ migration.sql
  └─ 202609240007_export_payload_json_null/
    └─ migration.sql
  └─ 202609240008_deletion_impact_preview/
    └─ migration.sql
  └─ 202609240009_deletion_blocking/
    └─ migration.sql
  └─ 202609240010_deletion_retention_plan/
    └─ migration.sql
  └─ 202609240011_deletion_cleanup_execution/
    └─ migration.sql
  └─ 202609240012_cleanup_null_guards/
    └─ migration.sql
  └─ 202609250001_deletion_finalization_states/
    └─ migration.sql
  └─ 202609250002_person_merge_foundation/
    └─ migration.sql
  └─ 202609250003_person_merge_integrity/
    └─ migration.sql
  └─ 202609260001_recovery_runs/
    └─ migration.sql
  └─ 202609260002_recovery_inspection/
    └─ migration.sql
  └─ 202609260003_recovery_report_guards/
    └─ migration.sql
  └─ 202609260004_recovery_approval_evidence/
    └─ migration.sql
  └─ 202609260005_recovery_approval_media_guard/
    └─ migration.sql
  └─ 202609260006_recovery_backup_media_identity/
    └─ migration.sql
  └─ 202609260007_recovery_delta_resolution/
    └─ migration.sql
  └─ 202609270001_talent_domain_v2/
    └─ migration.sql
  └─ 202609270002_talent_merge_history/
    └─ migration.sql
  └─ 202609270003_talent_transfer/
    └─ migration.sql
  └─ 202609270004_capability_transfer/
    └─ migration.sql
  └─ 202609270005_external_ref_transfer/
    └─ migration.sql
  └─ 202609270006_representation_transfer/
    └─ migration.sql
  └─ 202609270007_field_evidence_transfer/
    └─ migration.sql
  └─ 202609270008_credential_transfer/
    └─ migration.sql
  └─ 202609280001_credential_media_transfer/
    └─ migration.sql
  └─ 202609280002_collection_transfer/
    └─ migration.sql
  └─ 202609280003_adult_eligibility_transfer/
    └─ migration.sql
  └─ 202609280004_identity_evidence_transfer/
    └─ migration.sql
  └─ 202609280005_merge_history_transfer/
    └─ migration.sql
  └─ 202609280006_candidate_review_lineage/
    └─ migration.sql
  └─ 202609280007_identity_retention_permission/
    └─ migration.sql
  └─ 202609280008_merge_history_erasure/
    └─ migration.sql
  └─ 202609280009_internal_locale_texts/
    └─ migration.sql
  └─ 202609280010_locale_dependency_identity/
    └─ migration.sql
  └─ 202609280011_locale_transfer/
    └─ migration.sql
  └─ 202609280012_locale_merge/
    └─ migration.sql
  └─ 202609280013_ai_dispatch_ledger/
    └─ migration.sql
  └─ 202609280014_ai_business/
    └─ migration.sql
  └─ 202609280015_ai_operations/
    └─ migration.sql
  └─ 202609290001_ai_connections/
    └─ migration.sql
  └─ 202609290002_media_documents_video/
    └─ migration.sql
  └─ 202609290003_project_parties/
    └─ migration.sql
  └─ 202609290004_project_party_export_fields/
    └─ migration.sql
  └─ 202609290005_media_erased_limits/
    └─ migration.sql
  └─ 202609300001_talent_experience_pr01b/
    └─ migration.sql
  └─ 202610010001_talent_auth_principals/
    └─ migration.sql
  └─ 202610010002_talent_auth_key_binding/
    └─ migration.sql
  └─ 202610010003_talent_maintenance/
    └─ migration.sql
  └─ 202610010004_talent_basis_rebuild/
    └─ migration.sql
  └─ 202610010005_talent_maintenance_permissions/
    └─ migration.sql
  └─ 202610010006_talent_submission_ownership/
    └─ migration.sql
  └─ 202610010007_media_ownership/
    └─ migration.sql
  └─ 202610010008_media_collections/
    └─ migration.sql
      
All migrations have been successfully applied.
TAP version 13
# PASS DEV-09A/09B recovery PG/CLI: old capabilities invalidated; DB/contact/media restore-check clean; tampered media, wrong key and state drift blocked; epoch remains unapproved
# Subtest: DEV-09A restored PostgreSQL is quarantined before any recovery epoch approval
ok 1 - DEV-09A restored PostgreSQL is quarantined before any recovery epoch approval
  ---
  duration_ms: 4022.705875
  type: 'test'
  ...
1..1
# tests 1
# suites 0
# pass 1
# fail 0
# cancelled 0
# skipped 0
# todo 0
# duration_ms 4227.830666
Prisma schema loaded from prisma/schema.prisma
Datasource "db": PostgreSQL database "once_backup_pr03cf_full2", schema "public" at "127.0.0.1:56531"

63 migrations found in prisma/migrations

Applying migration `202609220001_initial`
Applying migration `202609230001_source_history`
Applying migration `202609230002_record_handoffs`
Applying migration `202609230003_private_images`
Applying migration `202609240001_works_projects`
Applying migration `202609240002_search_shortlists`
Applying migration `202609240003_shortlist_asset_unlink`
Applying migration `202609240004_search_facts_sql`
Applying migration `202609240005_dictionary_search_namespaces`
Applying migration `202609240006_export_dependencies`
Applying migration `202609240007_export_payload_json_null`
Applying migration `202609240008_deletion_impact_preview`
Applying migration `202609240009_deletion_blocking`
Applying migration `202609240010_deletion_retention_plan`
Applying migration `202609240011_deletion_cleanup_execution`
Applying migration `202609240012_cleanup_null_guards`
Applying migration `202609250001_deletion_finalization_states`
Applying migration `202609250002_person_merge_foundation`
Applying migration `202609250003_person_merge_integrity`
Applying migration `202609260001_recovery_runs`
Applying migration `202609260002_recovery_inspection`
Applying migration `202609260003_recovery_report_guards`
Applying migration `202609260004_recovery_approval_evidence`
Applying migration `202609260005_recovery_approval_media_guard`
Applying migration `202609260006_recovery_backup_media_identity`
Applying migration `202609260007_recovery_delta_resolution`
Applying migration `202609270001_talent_domain_v2`
Applying migration `202609270002_talent_merge_history`
Applying migration `202609270003_talent_transfer`
Applying migration `202609270004_capability_transfer`
Applying migration `202609270005_external_ref_transfer`
Applying migration `202609270006_representation_transfer`
Applying migration `202609270007_field_evidence_transfer`
Applying migration `202609270008_credential_transfer`
Applying migration `202609280001_credential_media_transfer`
Applying migration `202609280002_collection_transfer`
Applying migration `202609280003_adult_eligibility_transfer`
Applying migration `202609280004_identity_evidence_transfer`
Applying migration `202609280005_merge_history_transfer`
Applying migration `202609280006_candidate_review_lineage`
Applying migration `202609280007_identity_retention_permission`
Applying migration `202609280008_merge_history_erasure`
Applying migration `202609280009_internal_locale_texts`
Applying migration `202609280010_locale_dependency_identity`
Applying migration `202609280011_locale_transfer`
Applying migration `202609280012_locale_merge`
Applying migration `202609280013_ai_dispatch_ledger`
Applying migration `202609280014_ai_business`
Applying migration `202609280015_ai_operations`
Applying migration `202609290001_ai_connections`
Applying migration `202609290002_media_documents_video`
Applying migration `202609290003_project_parties`
Applying migration `202609290004_project_party_export_fields`
Applying migration `202609290005_media_erased_limits`
Applying migration `202609300001_talent_experience_pr01b`
Applying migration `202610010001_talent_auth_principals`
Applying migration `202610010002_talent_auth_key_binding`
Applying migration `202610010003_talent_maintenance`
Applying migration `202610010004_talent_basis_rebuild`
Applying migration `202610010005_talent_maintenance_permissions`
Applying migration `202610010006_talent_submission_ownership`
Applying migration `202610010007_media_ownership`
Applying migration `202610010008_media_collections`

The following migration(s) have been applied:

migrations/
  └─ 202609220001_initial/
    └─ migration.sql
  └─ 202609230001_source_history/
    └─ migration.sql
  └─ 202609230002_record_handoffs/
    └─ migration.sql
  └─ 202609230003_private_images/
    └─ migration.sql
  └─ 202609240001_works_projects/
    └─ migration.sql
  └─ 202609240002_search_shortlists/
    └─ migration.sql
  └─ 202609240003_shortlist_asset_unlink/
    └─ migration.sql
  └─ 202609240004_search_facts_sql/
    └─ migration.sql
  └─ 202609240005_dictionary_search_namespaces/
    └─ migration.sql
  └─ 202609240006_export_dependencies/
    └─ migration.sql
  └─ 202609240007_export_payload_json_null/
    └─ migration.sql
  └─ 202609240008_deletion_impact_preview/
    └─ migration.sql
  └─ 202609240009_deletion_blocking/
    └─ migration.sql
  └─ 202609240010_deletion_retention_plan/
    └─ migration.sql
  └─ 202609240011_deletion_cleanup_execution/
    └─ migration.sql
  └─ 202609240012_cleanup_null_guards/
    └─ migration.sql
  └─ 202609250001_deletion_finalization_states/
    └─ migration.sql
  └─ 202609250002_person_merge_foundation/
    └─ migration.sql
  └─ 202609250003_person_merge_integrity/
    └─ migration.sql
  └─ 202609260001_recovery_runs/
    └─ migration.sql
  └─ 202609260002_recovery_inspection/
    └─ migration.sql
  └─ 202609260003_recovery_report_guards/
    └─ migration.sql
  └─ 202609260004_recovery_approval_evidence/
    └─ migration.sql
  └─ 202609260005_recovery_approval_media_guard/
    └─ migration.sql
  └─ 202609260006_recovery_backup_media_identity/
    └─ migration.sql
  └─ 202609260007_recovery_delta_resolution/
    └─ migration.sql
  └─ 202609270001_talent_domain_v2/
    └─ migration.sql
  └─ 202609270002_talent_merge_history/
    └─ migration.sql
  └─ 202609270003_talent_transfer/
    └─ migration.sql
  └─ 202609270004_capability_transfer/
    └─ migration.sql
  └─ 202609270005_external_ref_transfer/
    └─ migration.sql
  └─ 202609270006_representation_transfer/
    └─ migration.sql
  └─ 202609270007_field_evidence_transfer/
    └─ migration.sql
  └─ 202609270008_credential_transfer/
    └─ migration.sql
  └─ 202609280001_credential_media_transfer/
    └─ migration.sql
  └─ 202609280002_collection_transfer/
    └─ migration.sql
  └─ 202609280003_adult_eligibility_transfer/
    └─ migration.sql
  └─ 202609280004_identity_evidence_transfer/
    └─ migration.sql
  └─ 202609280005_merge_history_transfer/
    └─ migration.sql
  └─ 202609280006_candidate_review_lineage/
    └─ migration.sql
  └─ 202609280007_identity_retention_permission/
    └─ migration.sql
  └─ 202609280008_merge_history_erasure/
    └─ migration.sql
  └─ 202609280009_internal_locale_texts/
    └─ migration.sql
  └─ 202609280010_locale_dependency_identity/
    └─ migration.sql
  └─ 202609280011_locale_transfer/
    └─ migration.sql
  └─ 202609280012_locale_merge/
    └─ migration.sql
  └─ 202609280013_ai_dispatch_ledger/
    └─ migration.sql
  └─ 202609280014_ai_business/
    └─ migration.sql
  └─ 202609280015_ai_operations/
    └─ migration.sql
  └─ 202609290001_ai_connections/
    └─ migration.sql
  └─ 202609290002_media_documents_video/
    └─ migration.sql
  └─ 202609290003_project_parties/
    └─ migration.sql
  └─ 202609290004_project_party_export_fields/
    └─ migration.sql
  └─ 202609290005_media_erased_limits/
    └─ migration.sql
  └─ 202609300001_talent_experience_pr01b/
    └─ migration.sql
  └─ 202610010001_talent_auth_principals/
    └─ migration.sql
  └─ 202610010002_talent_auth_key_binding/
    └─ migration.sql
  └─ 202610010003_talent_maintenance/
    └─ migration.sql
  └─ 202610010004_talent_basis_rebuild/
    └─ migration.sql
  └─ 202610010005_talent_maintenance_permissions/
    └─ migration.sql
  └─ 202610010006_talent_submission_ownership/
    └─ migration.sql
  └─ 202610010007_media_ownership/
    └─ migration.sql
  └─ 202610010008_media_collections/
    └─ migration.sql
      
All migrations have been successfully applied.
TAP version 13
# PASS TD2 identity retention: original source unchanged, complete independent evidence, atomic audit rollback/retry, basis expiry at finalization and suspended-basis access checks
# PASS merged history erasure: whole merged identity clears all historical payload, append-only lineage, original merge choices/actor, atomic audit rollback and retry
# PASS actual backup/restore preserves append-only merge-history erasures and redacted reason without resurrecting deleted old profiles
# PASS actual backup/restore preserves distinct erased identity origin and independent permission basis while revoking old permission
# PASS actual backup/restore preserves erased historical source, retained language and exact independent evidence plus pending candidate role review
# PASS TD2 pg_dump/pg_restore+media: stable roles, measurements, external refs, collection links, encrypted credential, original evidence and adult verification attribution and revoked machine identity
# PASS DEV-09E pg_dump/pg_restore+media: contained post-backup delta resolves and approves; unresolved committed member.disable remains blocked
# Subtest: DEV-09E real backup/restore resolves contained deltas and blocks unresolved committed mutations
ok 1 - DEV-09E real backup/restore resolves contained deltas and blocks unresolved committed mutations
  ---
  duration_ms: 12995.685792
  type: 'test'
  ...
1..1
# tests 1
# suites 0
# pass 1
# fail 0
# cancelled 0
# skipped 0
# todo 0
# duration_ms 13208.908042
TAP version 13
# Subtest: TD2-T17 populated frozen pre-TD2 baseline upgrades without rewriting business rows
ok 1 - TD2-T17 populated frozen pre-TD2 baseline upgrades without rewriting business rows
  ---
  duration_ms: 3435.12375
  type: 'test'
  ...
1..1
# tests 1
# suites 0
# pass 1
# fail 0
# cancelled 0
# skipped 0
# todo 0
# duration_ms 3661.893458
Prisma schema loaded from prisma/schema.prisma
Datasource "db": PostgreSQL database "once_test_td2_domain_pr03cf_full2", schema "public" at "127.0.0.1:56531"

63 migrations found in prisma/migrations

Applying migration `202609220001_initial`
Applying migration `202609230001_source_history`
Applying migration `202609230002_record_handoffs`
Applying migration `202609230003_private_images`
Applying migration `202609240001_works_projects`
Applying migration `202609240002_search_shortlists`
Applying migration `202609240003_shortlist_asset_unlink`
Applying migration `202609240004_search_facts_sql`
Applying migration `202609240005_dictionary_search_namespaces`
Applying migration `202609240006_export_dependencies`
Applying migration `202609240007_export_payload_json_null`
Applying migration `202609240008_deletion_impact_preview`
Applying migration `202609240009_deletion_blocking`
Applying migration `202609240010_deletion_retention_plan`
Applying migration `202609240011_deletion_cleanup_execution`
Applying migration `202609240012_cleanup_null_guards`
Applying migration `202609250001_deletion_finalization_states`
Applying migration `202609250002_person_merge_foundation`
Applying migration `202609250003_person_merge_integrity`
Applying migration `202609260001_recovery_runs`
Applying migration `202609260002_recovery_inspection`
Applying migration `202609260003_recovery_report_guards`
Applying migration `202609260004_recovery_approval_evidence`
Applying migration `202609260005_recovery_approval_media_guard`
Applying migration `202609260006_recovery_backup_media_identity`
Applying migration `202609260007_recovery_delta_resolution`
Applying migration `202609270001_talent_domain_v2`
Applying migration `202609270002_talent_merge_history`
Applying migration `202609270003_talent_transfer`
Applying migration `202609270004_capability_transfer`
Applying migration `202609270005_external_ref_transfer`
Applying migration `202609270006_representation_transfer`
Applying migration `202609270007_field_evidence_transfer`
Applying migration `202609270008_credential_transfer`
Applying migration `202609280001_credential_media_transfer`
Applying migration `202609280002_collection_transfer`
Applying migration `202609280003_adult_eligibility_transfer`
Applying migration `202609280004_identity_evidence_transfer`
Applying migration `202609280005_merge_history_transfer`
Applying migration `202609280006_candidate_review_lineage`
Applying migration `202609280007_identity_retention_permission`
Applying migration `202609280008_merge_history_erasure`
Applying migration `202609280009_internal_locale_texts`
Applying migration `202609280010_locale_dependency_identity`
Applying migration `202609280011_locale_transfer`
Applying migration `202609280012_locale_merge`
Applying migration `202609280013_ai_dispatch_ledger`
Applying migration `202609280014_ai_business`
Applying migration `202609280015_ai_operations`
Applying migration `202609290001_ai_connections`
Applying migration `202609290002_media_documents_video`
Applying migration `202609290003_project_parties`
Applying migration `202609290004_project_party_export_fields`
Applying migration `202609290005_media_erased_limits`
Applying migration `202609300001_talent_experience_pr01b`
Applying migration `202610010001_talent_auth_principals`
Applying migration `202610010002_talent_auth_key_binding`
Applying migration `202610010003_talent_maintenance`
Applying migration `202610010004_talent_basis_rebuild`
Applying migration `202610010005_talent_maintenance_permissions`
Applying migration `202610010006_talent_submission_ownership`
Applying migration `202610010007_media_ownership`
Applying migration `202610010008_media_collections`

The following migration(s) have been applied:

migrations/
  └─ 202609220001_initial/
    └─ migration.sql
  └─ 202609230001_source_history/
    └─ migration.sql
  └─ 202609230002_record_handoffs/
    └─ migration.sql
  └─ 202609230003_private_images/
    └─ migration.sql
  └─ 202609240001_works_projects/
    └─ migration.sql
  └─ 202609240002_search_shortlists/
    └─ migration.sql
  └─ 202609240003_shortlist_asset_unlink/
    └─ migration.sql
  └─ 202609240004_search_facts_sql/
    └─ migration.sql
  └─ 202609240005_dictionary_search_namespaces/
    └─ migration.sql
  └─ 202609240006_export_dependencies/
    └─ migration.sql
  └─ 202609240007_export_payload_json_null/
    └─ migration.sql
  └─ 202609240008_deletion_impact_preview/
    └─ migration.sql
  └─ 202609240009_deletion_blocking/
    └─ migration.sql
  └─ 202609240010_deletion_retention_plan/
    └─ migration.sql
  └─ 202609240011_deletion_cleanup_execution/
    └─ migration.sql
  └─ 202609240012_cleanup_null_guards/
    └─ migration.sql
  └─ 202609250001_deletion_finalization_states/
    └─ migration.sql
  └─ 202609250002_person_merge_foundation/
    └─ migration.sql
  └─ 202609250003_person_merge_integrity/
    └─ migration.sql
  └─ 202609260001_recovery_runs/
    └─ migration.sql
  └─ 202609260002_recovery_inspection/
    └─ migration.sql
  └─ 202609260003_recovery_report_guards/
    └─ migration.sql
  └─ 202609260004_recovery_approval_evidence/
    └─ migration.sql
  └─ 202609260005_recovery_approval_media_guard/
    └─ migration.sql
  └─ 202609260006_recovery_backup_media_identity/
    └─ migration.sql
  └─ 202609260007_recovery_delta_resolution/
    └─ migration.sql
  └─ 202609270001_talent_domain_v2/
    └─ migration.sql
  └─ 202609270002_talent_merge_history/
    └─ migration.sql
  └─ 202609270003_talent_transfer/
    └─ migration.sql
  └─ 202609270004_capability_transfer/
    └─ migration.sql
  └─ 202609270005_external_ref_transfer/
    └─ migration.sql
  └─ 202609270006_representation_transfer/
    └─ migration.sql
  └─ 202609270007_field_evidence_transfer/
    └─ migration.sql
  └─ 202609270008_credential_transfer/
    └─ migration.sql
  └─ 202609280001_credential_media_transfer/
    └─ migration.sql
  └─ 202609280002_collection_transfer/
    └─ migration.sql
  └─ 202609280003_adult_eligibility_transfer/
    └─ migration.sql
  └─ 202609280004_identity_evidence_transfer/
    └─ migration.sql
  └─ 202609280005_merge_history_transfer/
    └─ migration.sql
  └─ 202609280006_candidate_review_lineage/
    └─ migration.sql
  └─ 202609280007_identity_retention_permission/
    └─ migration.sql
  └─ 202609280008_merge_history_erasure/
    └─ migration.sql
  └─ 202609280009_internal_locale_texts/
    └─ migration.sql
  └─ 202609280010_locale_dependency_identity/
    └─ migration.sql
  └─ 202609280011_locale_transfer/
    └─ migration.sql
  └─ 202609280012_locale_merge/
    └─ migration.sql
  └─ 202609280013_ai_dispatch_ledger/
    └─ migration.sql
  └─ 202609280014_ai_business/
    └─ migration.sql
  └─ 202609280015_ai_operations/
    └─ migration.sql
  └─ 202609290001_ai_connections/
    └─ migration.sql
  └─ 202609290002_media_documents_video/
    └─ migration.sql
  └─ 202609290003_project_parties/
    └─ migration.sql
  └─ 202609290004_project_party_export_fields/
    └─ migration.sql
  └─ 202609290005_media_erased_limits/
    └─ migration.sql
  └─ 202609300001_talent_experience_pr01b/
    └─ migration.sql
  └─ 202610010001_talent_auth_principals/
    └─ migration.sql
  └─ 202610010002_talent_auth_key_binding/
    └─ migration.sql
  └─ 202610010003_talent_maintenance/
    └─ migration.sql
  └─ 202610010004_talent_basis_rebuild/
    └─ migration.sql
  └─ 202610010005_talent_maintenance_permissions/
    └─ migration.sql
  └─ 202610010006_talent_submission_ownership/
    └─ migration.sql
  └─ 202610010007_media_ownership/
    └─ migration.sql
  └─ 202610010008_media_collections/
    └─ migration.sql
      
All migrations have been successfully applied.
TAP version 13
# Subtest: TD2-T01 through T15 and T18: actual PostgreSQL domain contracts and private media
    # Subtest: TD2-T01 ordinary contact remains independent and enrollment preserves identity
    ok 1 - TD2-T01 ordinary contact remains independent and enrollment preserves identity
      ---
      duration_ms: 71.645667
      type: 'test'
      ...
    # Subtest: TD2-T02 multi-role identity and database duplicate-role constraint
    ok 2 - TD2-T02 multi-role identity and database duplicate-role constraint
      ---
      duration_ms: 61.229292
      type: 'test'
      ...
    # Subtest: TD2-T03 actual independent origins and same-value evidence are preserved
    ok 3 - TD2-T03 actual independent origins and same-value evidence are preserved
      ---
      duration_ms: 83.741334
      type: 'test'
      ...
    # Subtest: TD2-T04 exact reference verification, conflict constraint and withdrawal
    ok 4 - TD2-T04 exact reference verification, conflict constraint and withdrawal
      ---
      duration_ms: 58.51125
      type: 'test'
      ...
    # Subtest: TD2-T05 machine proposal-only boundary, real audit/receipt, scope and rotate/revoke
    ok 5 - TD2-T05 machine proposal-only boundary, real audit/receipt, scope and rotate/revoke
      ---
      duration_ms: 103.524834
      type: 'test'
      ...
    # Subtest: TD2-T06 registered capability, applicability and schema boundaries
    ok 6 - TD2-T06 registered capability, applicability and schema boundaries
      ---
      duration_ms: 38.675542
      type: 'test'
      ...
    # Subtest: TD2-T07 nullable language levels and temporal base/service locations
    ok 7 - TD2-T07 nullable language levels and temporal base/service locations
      ---
      duration_ms: 124.385125
      type: 'test'
      ...
    # Subtest: TD2-T08 shared casting and immutable measurement history with explicit size system
    ok 8 - TD2-T08 shared casting and immutable measurement history with explicit size system
      ---
      duration_ms: 66.696709
      type: 'test'
      ...
    # Subtest: TD2-T09 unknown adult state and unavailable proof never qualify
    ok 9 - TD2-T09 unknown adult state and unavailable proof never qualify
      ---
      duration_ms: 46.12925
      type: 'test'
      ...
    # Subtest: TD2-T10 representative remains an ordinary contact with role and territory
    ok 10 - TD2-T10 representative remains an ordinary contact with role and territory
      ---
      duration_ms: 0.839541
      type: 'test'
      ...
    # Subtest: TD2-T11 actual private asset is reused across collections, work and shortlist; unlink preserves bytes
    ok 11 - TD2-T11 actual private asset is reused across collections, work and shortlist; unlink preserves bytes
      ---
      duration_ms: 155.083542
      type: 'test'
      ...
    # Subtest: TD2-T13 translator direction and service mode, crew as role rather than separate table
    ok 12 - TD2-T13 translator direction and service mode, crew as role rather than separate table
      ---
      duration_ms: 74.45
      type: 'test'
      ...
    # Subtest: TD2-T14 encrypted credential number and expiry do not erase history or create capability
    ok 13 - TD2-T14 encrypted credential number and expiry do not erase history or create capability
      ---
      duration_ms: 76.59325
      type: 'test'
      ...
    # Subtest: TD2-T15 combined filters and occupation-specific actual work maintain totals and facets
    ok 14 - TD2-T15 combined filters and occupation-specific actual work maintain totals and facets
      ---
      duration_ms: 452.984959
      type: 'test'
      ...
    # Subtest: TD2-T12 shortlist never switches a stale selected occupation to another active role
    ok 15 - TD2-T12 shortlist never switches a stale selected occupation to another active role
      ---
      duration_ms: 180.167208
      type: 'test'
      ...
    # Subtest: TD2-T18 same-value evidence, conflicting proposals, stale base and schema/field rejection
    ok 16 - TD2-T18 same-value evidence, conflicting proposals, stale base and schema/field rejection
      ---
      duration_ms: 237.4635
      type: 'test'
      ...
    # Subtest: Phase C legacy projections and write protection use the same PostgreSQL facts
    ok 17 - Phase C legacy projections and write protection use the same PostgreSQL facts
      ---
      duration_ms: 786.923042
      type: 'test'
      ...
    # Subtest: Phase C basic handoff cannot expand professional source/scope access
    ok 18 - Phase C basic handoff cannot expand professional source/scope access
      ---
      duration_ms: 568.70375
      type: 'test'
      ...
    # Subtest: Legacy height review is resolved only by an actual height, with atomic audit rollback/retry
    ok 19 - Legacy height review is resolved only by an actual height, with atomic audit rollback/retry
      ---
      duration_ms: 230.527375
      type: 'test'
      ...
    # Subtest: Legacy structured search has current typed reviews, same-work/occupation matching and complete facets
    ok 20 - Legacy structured search has current typed reviews, same-work/occupation matching and complete facets
      ---
      duration_ms: 636.627583
      type: 'test'
      ...
    # Subtest: Manual height dismissal and credential identifier clearing preserve history and roll back with audit failure
    ok 21 - Manual height dismissal and credential identifier clearing preserve history and roll back with audit failure
      ---
      duration_ms: 446.687375
      type: 'test'
      ...
    # Subtest: Revoked credential history survives source cleanup only after explicit secret clearance
    ok 22 - Revoked credential history survives source cleanup only after explicit secret clearance
      ---
      duration_ms: 1079.298208
      type: 'test'
      ...
    # Subtest: Brands and project parties: actual audit rollback, permissions, export and source cleanup
    ok 23 - Brands and project parties: actual audit rollback, permissions, export and source cleanup
      ---
      duration_ms: 1144.648542
      type: 'test'
      ...
    # Subtest: AI PostgreSQL proposal adoption and immutable task inputs
    ok 24 - AI PostgreSQL proposal adoption and immutable task inputs
      ---
      duration_ms: 4886.448083
      type: 'test'
      ...
    1..24
ok 1 - TD2-T01 through T15 and T18: actual PostgreSQL domain contracts and private media
  ---
  duration_ms: 12860.276833
  type: 'test'
  ...
1..1
# tests 25
# suites 0
# pass 25
# fail 0
# cancelled 0
# skipped 0
# todo 0
# duration_ms 13194.477875
Prisma schema loaded from prisma/schema.prisma
Datasource "db": PostgreSQL database "once_test_td2_locale_pr03cf_full2", schema "public" at "127.0.0.1:56531"

63 migrations found in prisma/migrations

Applying migration `202609220001_initial`
Applying migration `202609230001_source_history`
Applying migration `202609230002_record_handoffs`
Applying migration `202609230003_private_images`
Applying migration `202609240001_works_projects`
Applying migration `202609240002_search_shortlists`
Applying migration `202609240003_shortlist_asset_unlink`
Applying migration `202609240004_search_facts_sql`
Applying migration `202609240005_dictionary_search_namespaces`
Applying migration `202609240006_export_dependencies`
Applying migration `202609240007_export_payload_json_null`
Applying migration `202609240008_deletion_impact_preview`
Applying migration `202609240009_deletion_blocking`
Applying migration `202609240010_deletion_retention_plan`
Applying migration `202609240011_deletion_cleanup_execution`
Applying migration `202609240012_cleanup_null_guards`
Applying migration `202609250001_deletion_finalization_states`
Applying migration `202609250002_person_merge_foundation`
Applying migration `202609250003_person_merge_integrity`
Applying migration `202609260001_recovery_runs`
Applying migration `202609260002_recovery_inspection`
Applying migration `202609260003_recovery_report_guards`
Applying migration `202609260004_recovery_approval_evidence`
Applying migration `202609260005_recovery_approval_media_guard`
Applying migration `202609260006_recovery_backup_media_identity`
Applying migration `202609260007_recovery_delta_resolution`
Applying migration `202609270001_talent_domain_v2`
Applying migration `202609270002_talent_merge_history`
Applying migration `202609270003_talent_transfer`
Applying migration `202609270004_capability_transfer`
Applying migration `202609270005_external_ref_transfer`
Applying migration `202609270006_representation_transfer`
Applying migration `202609270007_field_evidence_transfer`
Applying migration `202609270008_credential_transfer`
Applying migration `202609280001_credential_media_transfer`
Applying migration `202609280002_collection_transfer`
Applying migration `202609280003_adult_eligibility_transfer`
Applying migration `202609280004_identity_evidence_transfer`
Applying migration `202609280005_merge_history_transfer`
Applying migration `202609280006_candidate_review_lineage`
Applying migration `202609280007_identity_retention_permission`
Applying migration `202609280008_merge_history_erasure`
Applying migration `202609280009_internal_locale_texts`
Applying migration `202609280010_locale_dependency_identity`
Applying migration `202609280011_locale_transfer`
Applying migration `202609280012_locale_merge`
Applying migration `202609280013_ai_dispatch_ledger`
Applying migration `202609280014_ai_business`
Applying migration `202609280015_ai_operations`
Applying migration `202609290001_ai_connections`
Applying migration `202609290002_media_documents_video`
Applying migration `202609290003_project_parties`
Applying migration `202609290004_project_party_export_fields`
Applying migration `202609290005_media_erased_limits`
Applying migration `202609300001_talent_experience_pr01b`
Applying migration `202610010001_talent_auth_principals`
Applying migration `202610010002_talent_auth_key_binding`
Applying migration `202610010003_talent_maintenance`
Applying migration `202610010004_talent_basis_rebuild`
Applying migration `202610010005_talent_maintenance_permissions`
Applying migration `202610010006_talent_submission_ownership`
Applying migration `202610010007_media_ownership`
Applying migration `202610010008_media_collections`

The following migration(s) have been applied:

migrations/
  └─ 202609220001_initial/
    └─ migration.sql
  └─ 202609230001_source_history/
    └─ migration.sql
  └─ 202609230002_record_handoffs/
    └─ migration.sql
  └─ 202609230003_private_images/
    └─ migration.sql
  └─ 202609240001_works_projects/
    └─ migration.sql
  └─ 202609240002_search_shortlists/
    └─ migration.sql
  └─ 202609240003_shortlist_asset_unlink/
    └─ migration.sql
  └─ 202609240004_search_facts_sql/
    └─ migration.sql
  └─ 202609240005_dictionary_search_namespaces/
    └─ migration.sql
  └─ 202609240006_export_dependencies/
    └─ migration.sql
  └─ 202609240007_export_payload_json_null/
    └─ migration.sql
  └─ 202609240008_deletion_impact_preview/
    └─ migration.sql
  └─ 202609240009_deletion_blocking/
    └─ migration.sql
  └─ 202609240010_deletion_retention_plan/
    └─ migration.sql
  └─ 202609240011_deletion_cleanup_execution/
    └─ migration.sql
  └─ 202609240012_cleanup_null_guards/
    └─ migration.sql
  └─ 202609250001_deletion_finalization_states/
    └─ migration.sql
  └─ 202609250002_person_merge_foundation/
    └─ migration.sql
  └─ 202609250003_person_merge_integrity/
    └─ migration.sql
  └─ 202609260001_recovery_runs/
    └─ migration.sql
  └─ 202609260002_recovery_inspection/
    └─ migration.sql
  └─ 202609260003_recovery_report_guards/
    └─ migration.sql
  └─ 202609260004_recovery_approval_evidence/
    └─ migration.sql
  └─ 202609260005_recovery_approval_media_guard/
    └─ migration.sql
  └─ 202609260006_recovery_backup_media_identity/
    └─ migration.sql
  └─ 202609260007_recovery_delta_resolution/
    └─ migration.sql
  └─ 202609270001_talent_domain_v2/
    └─ migration.sql
  └─ 202609270002_talent_merge_history/
    └─ migration.sql
  └─ 202609270003_talent_transfer/
    └─ migration.sql
  └─ 202609270004_capability_transfer/
    └─ migration.sql
  └─ 202609270005_external_ref_transfer/
    └─ migration.sql
  └─ 202609270006_representation_transfer/
    └─ migration.sql
  └─ 202609270007_field_evidence_transfer/
    └─ migration.sql
  └─ 202609270008_credential_transfer/
    └─ migration.sql
  └─ 202609280001_credential_media_transfer/
    └─ migration.sql
  └─ 202609280002_collection_transfer/
    └─ migration.sql
  └─ 202609280003_adult_eligibility_transfer/
    └─ migration.sql
  └─ 202609280004_identity_evidence_transfer/
    └─ migration.sql
  └─ 202609280005_merge_history_transfer/
    └─ migration.sql
  └─ 202609280006_candidate_review_lineage/
    └─ migration.sql
  └─ 202609280007_identity_retention_permission/
    └─ migration.sql
  └─ 202609280008_merge_history_erasure/
    └─ migration.sql
  └─ 202609280009_internal_locale_texts/
    └─ migration.sql
  └─ 202609280010_locale_dependency_identity/
    └─ migration.sql
  └─ 202609280011_locale_transfer/
    └─ migration.sql
  └─ 202609280012_locale_merge/
    └─ migration.sql
  └─ 202609280013_ai_dispatch_ledger/
    └─ migration.sql
  └─ 202609280014_ai_business/
    └─ migration.sql
  └─ 202609280015_ai_operations/
    └─ migration.sql
  └─ 202609290001_ai_connections/
    └─ migration.sql
  └─ 202609290002_media_documents_video/
    └─ migration.sql
  └─ 202609290003_project_parties/
    └─ migration.sql
  └─ 202609290004_project_party_export_fields/
    └─ migration.sql
  └─ 202609290005_media_erased_limits/
    └─ migration.sql
  └─ 202609300001_talent_experience_pr01b/
    └─ migration.sql
  └─ 202610010001_talent_auth_principals/
    └─ migration.sql
  └─ 202610010002_talent_auth_key_binding/
    └─ migration.sql
  └─ 202610010003_talent_maintenance/
    └─ migration.sql
  └─ 202610010004_talent_basis_rebuild/
    └─ migration.sql
  └─ 202610010005_talent_maintenance_permissions/
    └─ migration.sql
  └─ 202610010006_talent_submission_ownership/
    └─ migration.sql
  └─ 202610010007_media_ownership/
    └─ migration.sql
  └─ 202610010008_media_collections/
    └─ migration.sql
      
All migrations have been successfully applied.
TAP version 13
# Subtest: internal locale typed graph and actual PostgreSQL deferred constraints
ok 1 - internal locale typed graph and actual PostgreSQL deferred constraints
  ---
  duration_ms: 2779.991958
  type: 'test'
  ...
1..1
# tests 1
# suites 0
# pass 1
# fail 0
# cancelled 0
# skipped 0
# todo 0
# duration_ms 2973.699459
Prisma schema loaded from prisma/schema.prisma
Datasource "db": PostgreSQL database "once_test_td2_locale_transfer_pr03cf_full2", schema "public" at "127.0.0.1:56531"

63 migrations found in prisma/migrations

Applying migration `202609220001_initial`
Applying migration `202609230001_source_history`
Applying migration `202609230002_record_handoffs`
Applying migration `202609230003_private_images`
Applying migration `202609240001_works_projects`
Applying migration `202609240002_search_shortlists`
Applying migration `202609240003_shortlist_asset_unlink`
Applying migration `202609240004_search_facts_sql`
Applying migration `202609240005_dictionary_search_namespaces`
Applying migration `202609240006_export_dependencies`
Applying migration `202609240007_export_payload_json_null`
Applying migration `202609240008_deletion_impact_preview`
Applying migration `202609240009_deletion_blocking`
Applying migration `202609240010_deletion_retention_plan`
Applying migration `202609240011_deletion_cleanup_execution`
Applying migration `202609240012_cleanup_null_guards`
Applying migration `202609250001_deletion_finalization_states`
Applying migration `202609250002_person_merge_foundation`
Applying migration `202609250003_person_merge_integrity`
Applying migration `202609260001_recovery_runs`
Applying migration `202609260002_recovery_inspection`
Applying migration `202609260003_recovery_report_guards`
Applying migration `202609260004_recovery_approval_evidence`
Applying migration `202609260005_recovery_approval_media_guard`
Applying migration `202609260006_recovery_backup_media_identity`
Applying migration `202609260007_recovery_delta_resolution`
Applying migration `202609270001_talent_domain_v2`
Applying migration `202609270002_talent_merge_history`
Applying migration `202609270003_talent_transfer`
Applying migration `202609270004_capability_transfer`
Applying migration `202609270005_external_ref_transfer`
Applying migration `202609270006_representation_transfer`
Applying migration `202609270007_field_evidence_transfer`
Applying migration `202609270008_credential_transfer`
Applying migration `202609280001_credential_media_transfer`
Applying migration `202609280002_collection_transfer`
Applying migration `202609280003_adult_eligibility_transfer`
Applying migration `202609280004_identity_evidence_transfer`
Applying migration `202609280005_merge_history_transfer`
Applying migration `202609280006_candidate_review_lineage`
Applying migration `202609280007_identity_retention_permission`
Applying migration `202609280008_merge_history_erasure`
Applying migration `202609280009_internal_locale_texts`
Applying migration `202609280010_locale_dependency_identity`
Applying migration `202609280011_locale_transfer`
Applying migration `202609280012_locale_merge`
Applying migration `202609280013_ai_dispatch_ledger`
Applying migration `202609280014_ai_business`
Applying migration `202609280015_ai_operations`
Applying migration `202609290001_ai_connections`
Applying migration `202609290002_media_documents_video`
Applying migration `202609290003_project_parties`
Applying migration `202609290004_project_party_export_fields`
Applying migration `202609290005_media_erased_limits`
Applying migration `202609300001_talent_experience_pr01b`
Applying migration `202610010001_talent_auth_principals`
Applying migration `202610010002_talent_auth_key_binding`
Applying migration `202610010003_talent_maintenance`
Applying migration `202610010004_talent_basis_rebuild`
Applying migration `202610010005_talent_maintenance_permissions`
Applying migration `202610010006_talent_submission_ownership`
Applying migration `202610010007_media_ownership`
Applying migration `202610010008_media_collections`

The following migration(s) have been applied:

migrations/
  └─ 202609220001_initial/
    └─ migration.sql
  └─ 202609230001_source_history/
    └─ migration.sql
  └─ 202609230002_record_handoffs/
    └─ migration.sql
  └─ 202609230003_private_images/
    └─ migration.sql
  └─ 202609240001_works_projects/
    └─ migration.sql
  └─ 202609240002_search_shortlists/
    └─ migration.sql
  └─ 202609240003_shortlist_asset_unlink/
    └─ migration.sql
  └─ 202609240004_search_facts_sql/
    └─ migration.sql
  └─ 202609240005_dictionary_search_namespaces/
    └─ migration.sql
  └─ 202609240006_export_dependencies/
    └─ migration.sql
  └─ 202609240007_export_payload_json_null/
    └─ migration.sql
  └─ 202609240008_deletion_impact_preview/
    └─ migration.sql
  └─ 202609240009_deletion_blocking/
    └─ migration.sql
  └─ 202609240010_deletion_retention_plan/
    └─ migration.sql
  └─ 202609240011_deletion_cleanup_execution/
    └─ migration.sql
  └─ 202609240012_cleanup_null_guards/
    └─ migration.sql
  └─ 202609250001_deletion_finalization_states/
    └─ migration.sql
  └─ 202609250002_person_merge_foundation/
    └─ migration.sql
  └─ 202609250003_person_merge_integrity/
    └─ migration.sql
  └─ 202609260001_recovery_runs/
    └─ migration.sql
  └─ 202609260002_recovery_inspection/
    └─ migration.sql
  └─ 202609260003_recovery_report_guards/
    └─ migration.sql
  └─ 202609260004_recovery_approval_evidence/
    └─ migration.sql
  └─ 202609260005_recovery_approval_media_guard/
    └─ migration.sql
  └─ 202609260006_recovery_backup_media_identity/
    └─ migration.sql
  └─ 202609260007_recovery_delta_resolution/
    └─ migration.sql
  └─ 202609270001_talent_domain_v2/
    └─ migration.sql
  └─ 202609270002_talent_merge_history/
    └─ migration.sql
  └─ 202609270003_talent_transfer/
    └─ migration.sql
  └─ 202609270004_capability_transfer/
    └─ migration.sql
  └─ 202609270005_external_ref_transfer/
    └─ migration.sql
  └─ 202609270006_representation_transfer/
    └─ migration.sql
  └─ 202609270007_field_evidence_transfer/
    └─ migration.sql
  └─ 202609270008_credential_transfer/
    └─ migration.sql
  └─ 202609280001_credential_media_transfer/
    └─ migration.sql
  └─ 202609280002_collection_transfer/
    └─ migration.sql
  └─ 202609280003_adult_eligibility_transfer/
    └─ migration.sql
  └─ 202609280004_identity_evidence_transfer/
    └─ migration.sql
  └─ 202609280005_merge_history_transfer/
    └─ migration.sql
  └─ 202609280006_candidate_review_lineage/
    └─ migration.sql
  └─ 202609280007_identity_retention_permission/
    └─ migration.sql
  └─ 202609280008_merge_history_erasure/
    └─ migration.sql
  └─ 202609280009_internal_locale_texts/
    └─ migration.sql
  └─ 202609280010_locale_dependency_identity/
    └─ migration.sql
  └─ 202609280011_locale_transfer/
    └─ migration.sql
  └─ 202609280012_locale_merge/
    └─ migration.sql
  └─ 202609280013_ai_dispatch_ledger/
    └─ migration.sql
  └─ 202609280014_ai_business/
    └─ migration.sql
  └─ 202609280015_ai_operations/
    └─ migration.sql
  └─ 202609290001_ai_connections/
    └─ migration.sql
  └─ 202609290002_media_documents_video/
    └─ migration.sql
  └─ 202609290003_project_parties/
    └─ migration.sql
  └─ 202609290004_project_party_export_fields/
    └─ migration.sql
  └─ 202609290005_media_erased_limits/
    └─ migration.sql
  └─ 202609300001_talent_experience_pr01b/
    └─ migration.sql
  └─ 202610010001_talent_auth_principals/
    └─ migration.sql
  └─ 202610010002_talent_auth_key_binding/
    └─ migration.sql
  └─ 202610010003_talent_maintenance/
    └─ migration.sql
  └─ 202610010004_talent_basis_rebuild/
    └─ migration.sql
  └─ 202610010005_talent_maintenance_permissions/
    └─ migration.sql
  └─ 202610010006_talent_submission_ownership/
    └─ migration.sql
  └─ 202610010007_media_ownership/
    └─ migration.sql
  └─ 202610010008_media_collections/
    └─ migration.sql
      
All migrations have been successfully applied.
Prisma schema loaded from prisma/schema.prisma
Datasource "db": PostgreSQL database "once_rebuild_locale_transfer_pr03cf_full2", schema "public" at "127.0.0.1:56531"

63 migrations found in prisma/migrations

Applying migration `202609220001_initial`
Applying migration `202609230001_source_history`
Applying migration `202609230002_record_handoffs`
Applying migration `202609230003_private_images`
Applying migration `202609240001_works_projects`
Applying migration `202609240002_search_shortlists`
Applying migration `202609240003_shortlist_asset_unlink`
Applying migration `202609240004_search_facts_sql`
Applying migration `202609240005_dictionary_search_namespaces`
Applying migration `202609240006_export_dependencies`
Applying migration `202609240007_export_payload_json_null`
Applying migration `202609240008_deletion_impact_preview`
Applying migration `202609240009_deletion_blocking`
Applying migration `202609240010_deletion_retention_plan`
Applying migration `202609240011_deletion_cleanup_execution`
Applying migration `202609240012_cleanup_null_guards`
Applying migration `202609250001_deletion_finalization_states`
Applying migration `202609250002_person_merge_foundation`
Applying migration `202609250003_person_merge_integrity`
Applying migration `202609260001_recovery_runs`
Applying migration `202609260002_recovery_inspection`
Applying migration `202609260003_recovery_report_guards`
Applying migration `202609260004_recovery_approval_evidence`
Applying migration `202609260005_recovery_approval_media_guard`
Applying migration `202609260006_recovery_backup_media_identity`
Applying migration `202609260007_recovery_delta_resolution`
Applying migration `202609270001_talent_domain_v2`
Applying migration `202609270002_talent_merge_history`
Applying migration `202609270003_talent_transfer`
Applying migration `202609270004_capability_transfer`
Applying migration `202609270005_external_ref_transfer`
Applying migration `202609270006_representation_transfer`
Applying migration `202609270007_field_evidence_transfer`
Applying migration `202609270008_credential_transfer`
Applying migration `202609280001_credential_media_transfer`
Applying migration `202609280002_collection_transfer`
Applying migration `202609280003_adult_eligibility_transfer`
Applying migration `202609280004_identity_evidence_transfer`
Applying migration `202609280005_merge_history_transfer`
Applying migration `202609280006_candidate_review_lineage`
Applying migration `202609280007_identity_retention_permission`
Applying migration `202609280008_merge_history_erasure`
Applying migration `202609280009_internal_locale_texts`
Applying migration `202609280010_locale_dependency_identity`
Applying migration `202609280011_locale_transfer`
Applying migration `202609280012_locale_merge`
Applying migration `202609280013_ai_dispatch_ledger`
Applying migration `202609280014_ai_business`
Applying migration `202609280015_ai_operations`
Applying migration `202609290001_ai_connections`
Applying migration `202609290002_media_documents_video`
Applying migration `202609290003_project_parties`
Applying migration `202609290004_project_party_export_fields`
Applying migration `202609290005_media_erased_limits`
Applying migration `202609300001_talent_experience_pr01b`
Applying migration `202610010001_talent_auth_principals`
Applying migration `202610010002_talent_auth_key_binding`
Applying migration `202610010003_talent_maintenance`
Applying migration `202610010004_talent_basis_rebuild`
Applying migration `202610010005_talent_maintenance_permissions`
Applying migration `202610010006_talent_submission_ownership`
Applying migration `202610010007_media_ownership`
Applying migration `202610010008_media_collections`

The following migration(s) have been applied:

migrations/
  └─ 202609220001_initial/
    └─ migration.sql
  └─ 202609230001_source_history/
    └─ migration.sql
  └─ 202609230002_record_handoffs/
    └─ migration.sql
  └─ 202609230003_private_images/
    └─ migration.sql
  └─ 202609240001_works_projects/
    └─ migration.sql
  └─ 202609240002_search_shortlists/
    └─ migration.sql
  └─ 202609240003_shortlist_asset_unlink/
    └─ migration.sql
  └─ 202609240004_search_facts_sql/
    └─ migration.sql
  └─ 202609240005_dictionary_search_namespaces/
    └─ migration.sql
  └─ 202609240006_export_dependencies/
    └─ migration.sql
  └─ 202609240007_export_payload_json_null/
    └─ migration.sql
  └─ 202609240008_deletion_impact_preview/
    └─ migration.sql
  └─ 202609240009_deletion_blocking/
    └─ migration.sql
  └─ 202609240010_deletion_retention_plan/
    └─ migration.sql
  └─ 202609240011_deletion_cleanup_execution/
    └─ migration.sql
  └─ 202609240012_cleanup_null_guards/
    └─ migration.sql
  └─ 202609250001_deletion_finalization_states/
    └─ migration.sql
  └─ 202609250002_person_merge_foundation/
    └─ migration.sql
  └─ 202609250003_person_merge_integrity/
    └─ migration.sql
  └─ 202609260001_recovery_runs/
    └─ migration.sql
  └─ 202609260002_recovery_inspection/
    └─ migration.sql
  └─ 202609260003_recovery_report_guards/
    └─ migration.sql
  └─ 202609260004_recovery_approval_evidence/
    └─ migration.sql
  └─ 202609260005_recovery_approval_media_guard/
    └─ migration.sql
  └─ 202609260006_recovery_backup_media_identity/
    └─ migration.sql
  └─ 202609260007_recovery_delta_resolution/
    └─ migration.sql
  └─ 202609270001_talent_domain_v2/
    └─ migration.sql
  └─ 202609270002_talent_merge_history/
    └─ migration.sql
  └─ 202609270003_talent_transfer/
    └─ migration.sql
  └─ 202609270004_capability_transfer/
    └─ migration.sql
  └─ 202609270005_external_ref_transfer/
    └─ migration.sql
  └─ 202609270006_representation_transfer/
    └─ migration.sql
  └─ 202609270007_field_evidence_transfer/
    └─ migration.sql
  └─ 202609270008_credential_transfer/
    └─ migration.sql
  └─ 202609280001_credential_media_transfer/
    └─ migration.sql
  └─ 202609280002_collection_transfer/
    └─ migration.sql
  └─ 202609280003_adult_eligibility_transfer/
    └─ migration.sql
  └─ 202609280004_identity_evidence_transfer/
    └─ migration.sql
  └─ 202609280005_merge_history_transfer/
    └─ migration.sql
  └─ 202609280006_candidate_review_lineage/
    └─ migration.sql
  └─ 202609280007_identity_retention_permission/
    └─ migration.sql
  └─ 202609280008_merge_history_erasure/
    └─ migration.sql
  └─ 202609280009_internal_locale_texts/
    └─ migration.sql
  └─ 202609280010_locale_dependency_identity/
    └─ migration.sql
  └─ 202609280011_locale_transfer/
    └─ migration.sql
  └─ 202609280012_locale_merge/
    └─ migration.sql
  └─ 202609280013_ai_dispatch_ledger/
    └─ migration.sql
  └─ 202609280014_ai_business/
    └─ migration.sql
  └─ 202609280015_ai_operations/
    └─ migration.sql
  └─ 202609290001_ai_connections/
    └─ migration.sql
  └─ 202609290002_media_documents_video/
    └─ migration.sql
  └─ 202609290003_project_parties/
    └─ migration.sql
  └─ 202609290004_project_party_export_fields/
    └─ migration.sql
  └─ 202609290005_media_erased_limits/
    └─ migration.sql
  └─ 202609300001_talent_experience_pr01b/
    └─ migration.sql
  └─ 202610010001_talent_auth_principals/
    └─ migration.sql
  └─ 202610010002_talent_auth_key_binding/
    └─ migration.sql
  └─ 202610010003_talent_maintenance/
    └─ migration.sql
  └─ 202610010004_talent_basis_rebuild/
    └─ migration.sql
  └─ 202610010005_talent_maintenance_permissions/
    └─ migration.sql
  └─ 202610010006_talent_submission_ownership/
    └─ migration.sql
  └─ 202610010007_media_ownership/
    └─ migration.sql
  └─ 202610010008_media_collections/
    └─ migration.sql
      
All migrations have been successfully applied.
TAP version 13
# PASS imported locale actual pg_dump/pg_restore: exact bodies, original review attribution, original basis and current typed dependencies survive; integrity inspection passes
# PASS locale v3 real source permissions -> export -> CLI preview/apply; original review and exact basis preserved; local review remains unset; audit failure rolls back all inserted rows; database provenance constraints enforced
# Subtest: locale transfer actual three PostgreSQL databases and CLI preserve provenance with rollback and explicit re-review
ok 1 - locale transfer actual three PostgreSQL databases and CLI preserve provenance with rollback and explicit re-review
  ---
  duration_ms: 2867.948709
  type: 'test'
  ...
1..1
# tests 1
# suites 0
# pass 1
# fail 0
# cancelled 0
# skipped 0
# todo 0
# duration_ms 3076.766166
Prisma schema loaded from prisma/schema.prisma
Datasource "db": PostgreSQL database "once_test_td2_scale_pr03cf_full2", schema "public" at "127.0.0.1:56531"

63 migrations found in prisma/migrations

Applying migration `202609220001_initial`
Applying migration `202609230001_source_history`
Applying migration `202609230002_record_handoffs`
Applying migration `202609230003_private_images`
Applying migration `202609240001_works_projects`
Applying migration `202609240002_search_shortlists`
Applying migration `202609240003_shortlist_asset_unlink`
Applying migration `202609240004_search_facts_sql`
Applying migration `202609240005_dictionary_search_namespaces`
Applying migration `202609240006_export_dependencies`
Applying migration `202609240007_export_payload_json_null`
Applying migration `202609240008_deletion_impact_preview`
Applying migration `202609240009_deletion_blocking`
Applying migration `202609240010_deletion_retention_plan`
Applying migration `202609240011_deletion_cleanup_execution`
Applying migration `202609240012_cleanup_null_guards`
Applying migration `202609250001_deletion_finalization_states`
Applying migration `202609250002_person_merge_foundation`
Applying migration `202609250003_person_merge_integrity`
Applying migration `202609260001_recovery_runs`
Applying migration `202609260002_recovery_inspection`
Applying migration `202609260003_recovery_report_guards`
Applying migration `202609260004_recovery_approval_evidence`
Applying migration `202609260005_recovery_approval_media_guard`
Applying migration `202609260006_recovery_backup_media_identity`
Applying migration `202609260007_recovery_delta_resolution`
Applying migration `202609270001_talent_domain_v2`
Applying migration `202609270002_talent_merge_history`
Applying migration `202609270003_talent_transfer`
Applying migration `202609270004_capability_transfer`
Applying migration `202609270005_external_ref_transfer`
Applying migration `202609270006_representation_transfer`
Applying migration `202609270007_field_evidence_transfer`
Applying migration `202609270008_credential_transfer`
Applying migration `202609280001_credential_media_transfer`
Applying migration `202609280002_collection_transfer`
Applying migration `202609280003_adult_eligibility_transfer`
Applying migration `202609280004_identity_evidence_transfer`
Applying migration `202609280005_merge_history_transfer`
Applying migration `202609280006_candidate_review_lineage`
Applying migration `202609280007_identity_retention_permission`
Applying migration `202609280008_merge_history_erasure`
Applying migration `202609280009_internal_locale_texts`
Applying migration `202609280010_locale_dependency_identity`
Applying migration `202609280011_locale_transfer`
Applying migration `202609280012_locale_merge`
Applying migration `202609280013_ai_dispatch_ledger`
Applying migration `202609280014_ai_business`
Applying migration `202609280015_ai_operations`
Applying migration `202609290001_ai_connections`
Applying migration `202609290002_media_documents_video`
Applying migration `202609290003_project_parties`
Applying migration `202609290004_project_party_export_fields`
Applying migration `202609290005_media_erased_limits`
Applying migration `202609300001_talent_experience_pr01b`
Applying migration `202610010001_talent_auth_principals`
Applying migration `202610010002_talent_auth_key_binding`
Applying migration `202610010003_talent_maintenance`
Applying migration `202610010004_talent_basis_rebuild`
Applying migration `202610010005_talent_maintenance_permissions`
Applying migration `202610010006_talent_submission_ownership`
Applying migration `202610010007_media_ownership`
Applying migration `202610010008_media_collections`

The following migration(s) have been applied:

migrations/
  └─ 202609220001_initial/
    └─ migration.sql
  └─ 202609230001_source_history/
    └─ migration.sql
  └─ 202609230002_record_handoffs/
    └─ migration.sql
  └─ 202609230003_private_images/
    └─ migration.sql
  └─ 202609240001_works_projects/
    └─ migration.sql
  └─ 202609240002_search_shortlists/
    └─ migration.sql
  └─ 202609240003_shortlist_asset_unlink/
    └─ migration.sql
  └─ 202609240004_search_facts_sql/
    └─ migration.sql
  └─ 202609240005_dictionary_search_namespaces/
    └─ migration.sql
  └─ 202609240006_export_dependencies/
    └─ migration.sql
  └─ 202609240007_export_payload_json_null/
    └─ migration.sql
  └─ 202609240008_deletion_impact_preview/
    └─ migration.sql
  └─ 202609240009_deletion_blocking/
    └─ migration.sql
  └─ 202609240010_deletion_retention_plan/
    └─ migration.sql
  └─ 202609240011_deletion_cleanup_execution/
    └─ migration.sql
  └─ 202609240012_cleanup_null_guards/
    └─ migration.sql
  └─ 202609250001_deletion_finalization_states/
    └─ migration.sql
  └─ 202609250002_person_merge_foundation/
    └─ migration.sql
  └─ 202609250003_person_merge_integrity/
    └─ migration.sql
  └─ 202609260001_recovery_runs/
    └─ migration.sql
  └─ 202609260002_recovery_inspection/
    └─ migration.sql
  └─ 202609260003_recovery_report_guards/
    └─ migration.sql
  └─ 202609260004_recovery_approval_evidence/
    └─ migration.sql
  └─ 202609260005_recovery_approval_media_guard/
    └─ migration.sql
  └─ 202609260006_recovery_backup_media_identity/
    └─ migration.sql
  └─ 202609260007_recovery_delta_resolution/
    └─ migration.sql
  └─ 202609270001_talent_domain_v2/
    └─ migration.sql
  └─ 202609270002_talent_merge_history/
    └─ migration.sql
  └─ 202609270003_talent_transfer/
    └─ migration.sql
  └─ 202609270004_capability_transfer/
    └─ migration.sql
  └─ 202609270005_external_ref_transfer/
    └─ migration.sql
  └─ 202609270006_representation_transfer/
    └─ migration.sql
  └─ 202609270007_field_evidence_transfer/
    └─ migration.sql
  └─ 202609270008_credential_transfer/
    └─ migration.sql
  └─ 202609280001_credential_media_transfer/
    └─ migration.sql
  └─ 202609280002_collection_transfer/
    └─ migration.sql
  └─ 202609280003_adult_eligibility_transfer/
    └─ migration.sql
  └─ 202609280004_identity_evidence_transfer/
    └─ migration.sql
  └─ 202609280005_merge_history_transfer/
    └─ migration.sql
  └─ 202609280006_candidate_review_lineage/
    └─ migration.sql
  └─ 202609280007_identity_retention_permission/
    └─ migration.sql
  └─ 202609280008_merge_history_erasure/
    └─ migration.sql
  └─ 202609280009_internal_locale_texts/
    └─ migration.sql
  └─ 202609280010_locale_dependency_identity/
    └─ migration.sql
  └─ 202609280011_locale_transfer/
    └─ migration.sql
  └─ 202609280012_locale_merge/
    └─ migration.sql
  └─ 202609280013_ai_dispatch_ledger/
    └─ migration.sql
  └─ 202609280014_ai_business/
    └─ migration.sql
  └─ 202609280015_ai_operations/
    └─ migration.sql
  └─ 202609290001_ai_connections/
    └─ migration.sql
  └─ 202609290002_media_documents_video/
    └─ migration.sql
  └─ 202609290003_project_parties/
    └─ migration.sql
  └─ 202609290004_project_party_export_fields/
    └─ migration.sql
  └─ 202609290005_media_erased_limits/
    └─ migration.sql
  └─ 202609300001_talent_experience_pr01b/
    └─ migration.sql
  └─ 202610010001_talent_auth_principals/
    └─ migration.sql
  └─ 202610010002_talent_auth_key_binding/
    └─ migration.sql
  └─ 202610010003_talent_maintenance/
    └─ migration.sql
  └─ 202610010004_talent_basis_rebuild/
    └─ migration.sql
  └─ 202610010005_talent_maintenance_permissions/
    └─ migration.sql
  └─ 202610010006_talent_submission_ownership/
    └─ migration.sql
  └─ 202610010007_media_ownership/
    └─ migration.sql
  └─ 202610010008_media_collections/
    └─ migration.sql
      
All migrations have been successfully applied.
TAP version 13
# {"metric":"TD2-local-scale","endpoint":"typed","people":100,"round":1,"samples":5,"domainSelects":38,"p95Ms":30.62}
# {"metric":"TD2-local-scale","endpoint":"typed","people":100,"round":2,"samples":5,"domainSelects":38,"p95Ms":29.62}
# {"metric":"TD2-local-scale","endpoint":"typed","people":100,"round":3,"samples":5,"domainSelects":38,"p95Ms":26.14}
# {"metric":"TD2-local-scale","endpoint":"compatible","people":100,"round":1,"samples":5,"domainSelects":44,"p95Ms":27.42}
# {"metric":"TD2-local-scale","endpoint":"compatible","people":100,"round":2,"samples":5,"domainSelects":44,"p95Ms":26.79}
# {"metric":"TD2-local-scale","endpoint":"compatible","people":100,"round":3,"samples":5,"domainSelects":44,"p95Ms":26.03}
# {"metric":"TD2-local-scale","endpoint":"typed","people":1000,"round":1,"samples":5,"domainSelects":38,"p95Ms":133.66}
# {"metric":"TD2-local-scale","endpoint":"typed","people":1000,"round":2,"samples":5,"domainSelects":38,"p95Ms":183.74}
# {"metric":"TD2-local-scale","endpoint":"typed","people":1000,"round":3,"samples":5,"domainSelects":38,"p95Ms":179.81}
# {"metric":"TD2-local-scale","endpoint":"compatible","people":1000,"round":1,"samples":5,"domainSelects":44,"p95Ms":121.54}
# {"metric":"TD2-local-scale","endpoint":"compatible","people":1000,"round":2,"samples":5,"domainSelects":44,"p95Ms":122.75}
# {"metric":"TD2-local-scale","endpoint":"compatible","people":1000,"round":3,"samples":5,"domainSelects":44,"p95Ms":118.71}
# Subtest: typed and compatible searches retain exact permissions, facets and fixed query count at 100/1000 people
ok 1 - typed and compatible searches retain exact permissions, facets and fixed query count at 100/1000 people
  ---
  duration_ms: 6523.980875
  type: 'test'
  ...
1..1
# tests 1
# suites 0
# pass 1
# fail 0
# cancelled 0
# skipped 0
# todo 0
# duration_ms 6744.398042
Prisma schema loaded from prisma/schema.prisma
Datasource "db": PostgreSQL database "once_test_td2_pr03cf_full2", schema "public" at "127.0.0.1:56531"

63 migrations found in prisma/migrations

Applying migration `202609220001_initial`
Applying migration `202609230001_source_history`
Applying migration `202609230002_record_handoffs`
Applying migration `202609230003_private_images`
Applying migration `202609240001_works_projects`
Applying migration `202609240002_search_shortlists`
Applying migration `202609240003_shortlist_asset_unlink`
Applying migration `202609240004_search_facts_sql`
Applying migration `202609240005_dictionary_search_namespaces`
Applying migration `202609240006_export_dependencies`
Applying migration `202609240007_export_payload_json_null`
Applying migration `202609240008_deletion_impact_preview`
Applying migration `202609240009_deletion_blocking`
Applying migration `202609240010_deletion_retention_plan`
Applying migration `202609240011_deletion_cleanup_execution`
Applying migration `202609240012_cleanup_null_guards`
Applying migration `202609250001_deletion_finalization_states`
Applying migration `202609250002_person_merge_foundation`
Applying migration `202609250003_person_merge_integrity`
Applying migration `202609260001_recovery_runs`
Applying migration `202609260002_recovery_inspection`
Applying migration `202609260003_recovery_report_guards`
Applying migration `202609260004_recovery_approval_evidence`
Applying migration `202609260005_recovery_approval_media_guard`
Applying migration `202609260006_recovery_backup_media_identity`
Applying migration `202609260007_recovery_delta_resolution`
Applying migration `202609270001_talent_domain_v2`
Applying migration `202609270002_talent_merge_history`
Applying migration `202609270003_talent_transfer`
Applying migration `202609270004_capability_transfer`
Applying migration `202609270005_external_ref_transfer`
Applying migration `202609270006_representation_transfer`
Applying migration `202609270007_field_evidence_transfer`
Applying migration `202609270008_credential_transfer`
Applying migration `202609280001_credential_media_transfer`
Applying migration `202609280002_collection_transfer`
Applying migration `202609280003_adult_eligibility_transfer`
Applying migration `202609280004_identity_evidence_transfer`
Applying migration `202609280005_merge_history_transfer`
Applying migration `202609280006_candidate_review_lineage`
Applying migration `202609280007_identity_retention_permission`
Applying migration `202609280008_merge_history_erasure`
Applying migration `202609280009_internal_locale_texts`
Applying migration `202609280010_locale_dependency_identity`
Applying migration `202609280011_locale_transfer`
Applying migration `202609280012_locale_merge`
Applying migration `202609280013_ai_dispatch_ledger`
Applying migration `202609280014_ai_business`
Applying migration `202609280015_ai_operations`
Applying migration `202609290001_ai_connections`
Applying migration `202609290002_media_documents_video`
Applying migration `202609290003_project_parties`
Applying migration `202609290004_project_party_export_fields`
Applying migration `202609290005_media_erased_limits`
Applying migration `202609300001_talent_experience_pr01b`
Applying migration `202610010001_talent_auth_principals`
Applying migration `202610010002_talent_auth_key_binding`
Applying migration `202610010003_talent_maintenance`
Applying migration `202610010004_talent_basis_rebuild`
Applying migration `202610010005_talent_maintenance_permissions`
Applying migration `202610010006_talent_submission_ownership`
Applying migration `202610010007_media_ownership`
Applying migration `202610010008_media_collections`

The following migration(s) have been applied:

migrations/
  └─ 202609220001_initial/
    └─ migration.sql
  └─ 202609230001_source_history/
    └─ migration.sql
  └─ 202609230002_record_handoffs/
    └─ migration.sql
  └─ 202609230003_private_images/
    └─ migration.sql
  └─ 202609240001_works_projects/
    └─ migration.sql
  └─ 202609240002_search_shortlists/
    └─ migration.sql
  └─ 202609240003_shortlist_asset_unlink/
    └─ migration.sql
  └─ 202609240004_search_facts_sql/
    └─ migration.sql
  └─ 202609240005_dictionary_search_namespaces/
    └─ migration.sql
  └─ 202609240006_export_dependencies/
    └─ migration.sql
  └─ 202609240007_export_payload_json_null/
    └─ migration.sql
  └─ 202609240008_deletion_impact_preview/
    └─ migration.sql
  └─ 202609240009_deletion_blocking/
    └─ migration.sql
  └─ 202609240010_deletion_retention_plan/
    └─ migration.sql
  └─ 202609240011_deletion_cleanup_execution/
    └─ migration.sql
  └─ 202609240012_cleanup_null_guards/
    └─ migration.sql
  └─ 202609250001_deletion_finalization_states/
    └─ migration.sql
  └─ 202609250002_person_merge_foundation/
    └─ migration.sql
  └─ 202609250003_person_merge_integrity/
    └─ migration.sql
  └─ 202609260001_recovery_runs/
    └─ migration.sql
  └─ 202609260002_recovery_inspection/
    └─ migration.sql
  └─ 202609260003_recovery_report_guards/
    └─ migration.sql
  └─ 202609260004_recovery_approval_evidence/
    └─ migration.sql
  └─ 202609260005_recovery_approval_media_guard/
    └─ migration.sql
  └─ 202609260006_recovery_backup_media_identity/
    └─ migration.sql
  └─ 202609260007_recovery_delta_resolution/
    └─ migration.sql
  └─ 202609270001_talent_domain_v2/
    └─ migration.sql
  └─ 202609270002_talent_merge_history/
    └─ migration.sql
  └─ 202609270003_talent_transfer/
    └─ migration.sql
  └─ 202609270004_capability_transfer/
    └─ migration.sql
  └─ 202609270005_external_ref_transfer/
    └─ migration.sql
  └─ 202609270006_representation_transfer/
    └─ migration.sql
  └─ 202609270007_field_evidence_transfer/
    └─ migration.sql
  └─ 202609270008_credential_transfer/
    └─ migration.sql
  └─ 202609280001_credential_media_transfer/
    └─ migration.sql
  └─ 202609280002_collection_transfer/
    └─ migration.sql
  └─ 202609280003_adult_eligibility_transfer/
    └─ migration.sql
  └─ 202609280004_identity_evidence_transfer/
    └─ migration.sql
  └─ 202609280005_merge_history_transfer/
    └─ migration.sql
  └─ 202609280006_candidate_review_lineage/
    └─ migration.sql
  └─ 202609280007_identity_retention_permission/
    └─ migration.sql
  └─ 202609280008_merge_history_erasure/
    └─ migration.sql
  └─ 202609280009_internal_locale_texts/
    └─ migration.sql
  └─ 202609280010_locale_dependency_identity/
    └─ migration.sql
  └─ 202609280011_locale_transfer/
    └─ migration.sql
  └─ 202609280012_locale_merge/
    └─ migration.sql
  └─ 202609280013_ai_dispatch_ledger/
    └─ migration.sql
  └─ 202609280014_ai_business/
    └─ migration.sql
  └─ 202609280015_ai_operations/
    └─ migration.sql
  └─ 202609290001_ai_connections/
    └─ migration.sql
  └─ 202609290002_media_documents_video/
    └─ migration.sql
  └─ 202609290003_project_parties/
    └─ migration.sql
  └─ 202609290004_project_party_export_fields/
    └─ migration.sql
  └─ 202609290005_media_erased_limits/
    └─ migration.sql
  └─ 202609300001_talent_experience_pr01b/
    └─ migration.sql
  └─ 202610010001_talent_auth_principals/
    └─ migration.sql
  └─ 202610010002_talent_auth_key_binding/
    └─ migration.sql
  └─ 202610010003_talent_maintenance/
    └─ migration.sql
  └─ 202610010004_talent_basis_rebuild/
    └─ migration.sql
  └─ 202610010005_talent_maintenance_permissions/
    └─ migration.sql
  └─ 202610010006_talent_submission_ownership/
    └─ migration.sql
  └─ 202610010007_media_ownership/
    └─ migration.sql
  └─ 202610010008_media_collections/
    └─ migration.sql
      
All migrations have been successfully applied.
TAP version 13
# PASS TD2 PG: typed Person graph deletion, audit rollback, retry and ERASED finalization
# PASS TD2 PG: machine credentials revoked; proposals stale; credential-key and graph-drift checks
# Subtest: TD2 real PostgreSQL professional graph cleanup and recovery isolation
ok 1 - TD2 real PostgreSQL professional graph cleanup and recovery isolation
  ---
  duration_ms: 2217.1025
  type: 'test'
  ...
1..1
# tests 1
# suites 0
# pass 1
# fail 0
# cancelled 0
# skipped 0
# todo 0
# duration_ms 2421.251166
Prisma schema loaded from prisma/schema.prisma
Datasource "db": PostgreSQL database "once_test_td2_pr01b_pr03cf_full2", schema "public" at "127.0.0.1:56531"

63 migrations found in prisma/migrations

Applying migration `202609220001_initial`
Applying migration `202609230001_source_history`
Applying migration `202609230002_record_handoffs`
Applying migration `202609230003_private_images`
Applying migration `202609240001_works_projects`
Applying migration `202609240002_search_shortlists`
Applying migration `202609240003_shortlist_asset_unlink`
Applying migration `202609240004_search_facts_sql`
Applying migration `202609240005_dictionary_search_namespaces`
Applying migration `202609240006_export_dependencies`
Applying migration `202609240007_export_payload_json_null`
Applying migration `202609240008_deletion_impact_preview`
Applying migration `202609240009_deletion_blocking`
Applying migration `202609240010_deletion_retention_plan`
Applying migration `202609240011_deletion_cleanup_execution`
Applying migration `202609240012_cleanup_null_guards`
Applying migration `202609250001_deletion_finalization_states`
Applying migration `202609250002_person_merge_foundation`
Applying migration `202609250003_person_merge_integrity`
Applying migration `202609260001_recovery_runs`
Applying migration `202609260002_recovery_inspection`
Applying migration `202609260003_recovery_report_guards`
Applying migration `202609260004_recovery_approval_evidence`
Applying migration `202609260005_recovery_approval_media_guard`
Applying migration `202609260006_recovery_backup_media_identity`
Applying migration `202609260007_recovery_delta_resolution`
Applying migration `202609270001_talent_domain_v2`
Applying migration `202609270002_talent_merge_history`
Applying migration `202609270003_talent_transfer`
Applying migration `202609270004_capability_transfer`
Applying migration `202609270005_external_ref_transfer`
Applying migration `202609270006_representation_transfer`
Applying migration `202609270007_field_evidence_transfer`
Applying migration `202609270008_credential_transfer`
Applying migration `202609280001_credential_media_transfer`
Applying migration `202609280002_collection_transfer`
Applying migration `202609280003_adult_eligibility_transfer`
Applying migration `202609280004_identity_evidence_transfer`
Applying migration `202609280005_merge_history_transfer`
Applying migration `202609280006_candidate_review_lineage`
Applying migration `202609280007_identity_retention_permission`
Applying migration `202609280008_merge_history_erasure`
Applying migration `202609280009_internal_locale_texts`
Applying migration `202609280010_locale_dependency_identity`
Applying migration `202609280011_locale_transfer`
Applying migration `202609280012_locale_merge`
Applying migration `202609280013_ai_dispatch_ledger`
Applying migration `202609280014_ai_business`
Applying migration `202609280015_ai_operations`
Applying migration `202609290001_ai_connections`
Applying migration `202609290002_media_documents_video`
Applying migration `202609290003_project_parties`
Applying migration `202609290004_project_party_export_fields`
Applying migration `202609290005_media_erased_limits`
Applying migration `202609300001_talent_experience_pr01b`
Applying migration `202610010001_talent_auth_principals`
Applying migration `202610010002_talent_auth_key_binding`
Applying migration `202610010003_talent_maintenance`
Applying migration `202610010004_talent_basis_rebuild`
Applying migration `202610010005_talent_maintenance_permissions`
Applying migration `202610010006_talent_submission_ownership`
Applying migration `202610010007_media_ownership`
Applying migration `202610010008_media_collections`

The following migration(s) have been applied:

migrations/
  └─ 202609220001_initial/
    └─ migration.sql
  └─ 202609230001_source_history/
    └─ migration.sql
  └─ 202609230002_record_handoffs/
    └─ migration.sql
  └─ 202609230003_private_images/
    └─ migration.sql
  └─ 202609240001_works_projects/
    └─ migration.sql
  └─ 202609240002_search_shortlists/
    └─ migration.sql
  └─ 202609240003_shortlist_asset_unlink/
    └─ migration.sql
  └─ 202609240004_search_facts_sql/
    └─ migration.sql
  └─ 202609240005_dictionary_search_namespaces/
    └─ migration.sql
  └─ 202609240006_export_dependencies/
    └─ migration.sql
  └─ 202609240007_export_payload_json_null/
    └─ migration.sql
  └─ 202609240008_deletion_impact_preview/
    └─ migration.sql
  └─ 202609240009_deletion_blocking/
    └─ migration.sql
  └─ 202609240010_deletion_retention_plan/
    └─ migration.sql
  └─ 202609240011_deletion_cleanup_execution/
    └─ migration.sql
  └─ 202609240012_cleanup_null_guards/
    └─ migration.sql
  └─ 202609250001_deletion_finalization_states/
    └─ migration.sql
  └─ 202609250002_person_merge_foundation/
    └─ migration.sql
  └─ 202609250003_person_merge_integrity/
    └─ migration.sql
  └─ 202609260001_recovery_runs/
    └─ migration.sql
  └─ 202609260002_recovery_inspection/
    └─ migration.sql
  └─ 202609260003_recovery_report_guards/
    └─ migration.sql
  └─ 202609260004_recovery_approval_evidence/
    └─ migration.sql
  └─ 202609260005_recovery_approval_media_guard/
    └─ migration.sql
  └─ 202609260006_recovery_backup_media_identity/
    └─ migration.sql
  └─ 202609260007_recovery_delta_resolution/
    └─ migration.sql
  └─ 202609270001_talent_domain_v2/
    └─ migration.sql
  └─ 202609270002_talent_merge_history/
    └─ migration.sql
  └─ 202609270003_talent_transfer/
    └─ migration.sql
  └─ 202609270004_capability_transfer/
    └─ migration.sql
  └─ 202609270005_external_ref_transfer/
    └─ migration.sql
  └─ 202609270006_representation_transfer/
    └─ migration.sql
  └─ 202609270007_field_evidence_transfer/
    └─ migration.sql
  └─ 202609270008_credential_transfer/
    └─ migration.sql
  └─ 202609280001_credential_media_transfer/
    └─ migration.sql
  └─ 202609280002_collection_transfer/
    └─ migration.sql
  └─ 202609280003_adult_eligibility_transfer/
    └─ migration.sql
  └─ 202609280004_identity_evidence_transfer/
    └─ migration.sql
  └─ 202609280005_merge_history_transfer/
    └─ migration.sql
  └─ 202609280006_candidate_review_lineage/
    └─ migration.sql
  └─ 202609280007_identity_retention_permission/
    └─ migration.sql
  └─ 202609280008_merge_history_erasure/
    └─ migration.sql
  └─ 202609280009_internal_locale_texts/
    └─ migration.sql
  └─ 202609280010_locale_dependency_identity/
    └─ migration.sql
  └─ 202609280011_locale_transfer/
    └─ migration.sql
  └─ 202609280012_locale_merge/
    └─ migration.sql
  └─ 202609280013_ai_dispatch_ledger/
    └─ migration.sql
  └─ 202609280014_ai_business/
    └─ migration.sql
  └─ 202609280015_ai_operations/
    └─ migration.sql
  └─ 202609290001_ai_connections/
    └─ migration.sql
  └─ 202609290002_media_documents_video/
    └─ migration.sql
  └─ 202609290003_project_parties/
    └─ migration.sql
  └─ 202609290004_project_party_export_fields/
    └─ migration.sql
  └─ 202609290005_media_erased_limits/
    └─ migration.sql
  └─ 202609300001_talent_experience_pr01b/
    └─ migration.sql
  └─ 202610010001_talent_auth_principals/
    └─ migration.sql
  └─ 202610010002_talent_auth_key_binding/
    └─ migration.sql
  └─ 202610010003_talent_maintenance/
    └─ migration.sql
  └─ 202610010004_talent_basis_rebuild/
    └─ migration.sql
  └─ 202610010005_talent_maintenance_permissions/
    └─ migration.sql
  └─ 202610010006_talent_submission_ownership/
    └─ migration.sql
  └─ 202610010007_media_ownership/
    └─ migration.sql
  └─ 202610010008_media_collections/
    └─ migration.sql
      
All migrations have been successfully applied.
Prisma schema loaded from prisma/schema.prisma
Datasource "db": PostgreSQL database "once_test_td2_pr01b_target_pr03cf_full2", schema "public" at "127.0.0.1:56531"

63 migrations found in prisma/migrations

Applying migration `202609220001_initial`
Applying migration `202609230001_source_history`
Applying migration `202609230002_record_handoffs`
Applying migration `202609230003_private_images`
Applying migration `202609240001_works_projects`
Applying migration `202609240002_search_shortlists`
Applying migration `202609240003_shortlist_asset_unlink`
Applying migration `202609240004_search_facts_sql`
Applying migration `202609240005_dictionary_search_namespaces`
Applying migration `202609240006_export_dependencies`
Applying migration `202609240007_export_payload_json_null`
Applying migration `202609240008_deletion_impact_preview`
Applying migration `202609240009_deletion_blocking`
Applying migration `202609240010_deletion_retention_plan`
Applying migration `202609240011_deletion_cleanup_execution`
Applying migration `202609240012_cleanup_null_guards`
Applying migration `202609250001_deletion_finalization_states`
Applying migration `202609250002_person_merge_foundation`
Applying migration `202609250003_person_merge_integrity`
Applying migration `202609260001_recovery_runs`
Applying migration `202609260002_recovery_inspection`
Applying migration `202609260003_recovery_report_guards`
Applying migration `202609260004_recovery_approval_evidence`
Applying migration `202609260005_recovery_approval_media_guard`
Applying migration `202609260006_recovery_backup_media_identity`
Applying migration `202609260007_recovery_delta_resolution`
Applying migration `202609270001_talent_domain_v2`
Applying migration `202609270002_talent_merge_history`
Applying migration `202609270003_talent_transfer`
Applying migration `202609270004_capability_transfer`
Applying migration `202609270005_external_ref_transfer`
Applying migration `202609270006_representation_transfer`
Applying migration `202609270007_field_evidence_transfer`
Applying migration `202609270008_credential_transfer`
Applying migration `202609280001_credential_media_transfer`
Applying migration `202609280002_collection_transfer`
Applying migration `202609280003_adult_eligibility_transfer`
Applying migration `202609280004_identity_evidence_transfer`
Applying migration `202609280005_merge_history_transfer`
Applying migration `202609280006_candidate_review_lineage`
Applying migration `202609280007_identity_retention_permission`
Applying migration `202609280008_merge_history_erasure`
Applying migration `202609280009_internal_locale_texts`
Applying migration `202609280010_locale_dependency_identity`
Applying migration `202609280011_locale_transfer`
Applying migration `202609280012_locale_merge`
Applying migration `202609280013_ai_dispatch_ledger`
Applying migration `202609280014_ai_business`
Applying migration `202609280015_ai_operations`
Applying migration `202609290001_ai_connections`
Applying migration `202609290002_media_documents_video`
Applying migration `202609290003_project_parties`
Applying migration `202609290004_project_party_export_fields`
Applying migration `202609290005_media_erased_limits`
Applying migration `202609300001_talent_experience_pr01b`
Applying migration `202610010001_talent_auth_principals`
Applying migration `202610010002_talent_auth_key_binding`
Applying migration `202610010003_talent_maintenance`
Applying migration `202610010004_talent_basis_rebuild`
Applying migration `202610010005_talent_maintenance_permissions`
Applying migration `202610010006_talent_submission_ownership`
Applying migration `202610010007_media_ownership`
Applying migration `202610010008_media_collections`

The following migration(s) have been applied:

migrations/
  └─ 202609220001_initial/
    └─ migration.sql
  └─ 202609230001_source_history/
    └─ migration.sql
  └─ 202609230002_record_handoffs/
    └─ migration.sql
  └─ 202609230003_private_images/
    └─ migration.sql
  └─ 202609240001_works_projects/
    └─ migration.sql
  └─ 202609240002_search_shortlists/
    └─ migration.sql
  └─ 202609240003_shortlist_asset_unlink/
    └─ migration.sql
  └─ 202609240004_search_facts_sql/
    └─ migration.sql
  └─ 202609240005_dictionary_search_namespaces/
    └─ migration.sql
  └─ 202609240006_export_dependencies/
    └─ migration.sql
  └─ 202609240007_export_payload_json_null/
    └─ migration.sql
  └─ 202609240008_deletion_impact_preview/
    └─ migration.sql
  └─ 202609240009_deletion_blocking/
    └─ migration.sql
  └─ 202609240010_deletion_retention_plan/
    └─ migration.sql
  └─ 202609240011_deletion_cleanup_execution/
    └─ migration.sql
  └─ 202609240012_cleanup_null_guards/
    └─ migration.sql
  └─ 202609250001_deletion_finalization_states/
    └─ migration.sql
  └─ 202609250002_person_merge_foundation/
    └─ migration.sql
  └─ 202609250003_person_merge_integrity/
    └─ migration.sql
  └─ 202609260001_recovery_runs/
    └─ migration.sql
  └─ 202609260002_recovery_inspection/
    └─ migration.sql
  └─ 202609260003_recovery_report_guards/
    └─ migration.sql
  └─ 202609260004_recovery_approval_evidence/
    └─ migration.sql
  └─ 202609260005_recovery_approval_media_guard/
    └─ migration.sql
  └─ 202609260006_recovery_backup_media_identity/
    └─ migration.sql
  └─ 202609260007_recovery_delta_resolution/
    └─ migration.sql
  └─ 202609270001_talent_domain_v2/
    └─ migration.sql
  └─ 202609270002_talent_merge_history/
    └─ migration.sql
  └─ 202609270003_talent_transfer/
    └─ migration.sql
  └─ 202609270004_capability_transfer/
    └─ migration.sql
  └─ 202609270005_external_ref_transfer/
    └─ migration.sql
  └─ 202609270006_representation_transfer/
    └─ migration.sql
  └─ 202609270007_field_evidence_transfer/
    └─ migration.sql
  └─ 202609270008_credential_transfer/
    └─ migration.sql
  └─ 202609280001_credential_media_transfer/
    └─ migration.sql
  └─ 202609280002_collection_transfer/
    └─ migration.sql
  └─ 202609280003_adult_eligibility_transfer/
    └─ migration.sql
  └─ 202609280004_identity_evidence_transfer/
    └─ migration.sql
  └─ 202609280005_merge_history_transfer/
    └─ migration.sql
  └─ 202609280006_candidate_review_lineage/
    └─ migration.sql
  └─ 202609280007_identity_retention_permission/
    └─ migration.sql
  └─ 202609280008_merge_history_erasure/
    └─ migration.sql
  └─ 202609280009_internal_locale_texts/
    └─ migration.sql
  └─ 202609280010_locale_dependency_identity/
    └─ migration.sql
  └─ 202609280011_locale_transfer/
    └─ migration.sql
  └─ 202609280012_locale_merge/
    └─ migration.sql
  └─ 202609280013_ai_dispatch_ledger/
    └─ migration.sql
  └─ 202609280014_ai_business/
    └─ migration.sql
  └─ 202609280015_ai_operations/
    └─ migration.sql
  └─ 202609290001_ai_connections/
    └─ migration.sql
  └─ 202609290002_media_documents_video/
    └─ migration.sql
  └─ 202609290003_project_parties/
    └─ migration.sql
  └─ 202609290004_project_party_export_fields/
    └─ migration.sql
  └─ 202609290005_media_erased_limits/
    └─ migration.sql
  └─ 202609300001_talent_experience_pr01b/
    └─ migration.sql
  └─ 202610010001_talent_auth_principals/
    └─ migration.sql
  └─ 202610010002_talent_auth_key_binding/
    └─ migration.sql
  └─ 202610010003_talent_maintenance/
    └─ migration.sql
  └─ 202610010004_talent_basis_rebuild/
    └─ migration.sql
  └─ 202610010005_talent_maintenance_permissions/
    └─ migration.sql
  └─ 202610010006_talent_submission_ownership/
    └─ migration.sql
  └─ 202610010007_media_ownership/
    └─ migration.sql
  └─ 202610010008_media_collections/
    └─ migration.sql
      
All migrations have been successfully applied.
TAP version 13
# PASS PR01b PostgreSQL: persisted-new-fields, stale-export, controlled-media-export, typed-rebuild-preserves-ids, recovery-keeps-unknowns, merge-preserves-old-id-and-business-fields, asset-erasure-clears-cover, sql-reference-parity, withdrawn-source-queries, actual-pg-dump-restore-new-fields-and-cover, multi-value OR / cross-dimension AND, strict bounded arrays and unknown codes, eleven self-excluded unique-person facets, same-work same-role matching, versioned conservative age presets, memory and SQL parity, explicit shortlist role and wrong-role work rejection
# Subtest: PR01b real PostgreSQL new fields, private cover, typed transfer, recovery, merge and erasure
ok 1 - PR01b real PostgreSQL new fields, private cover, typed transfer, recovery, merge and erasure
  ---
  duration_ms: 8307.140583
  type: 'test'
  ...
1..1
# tests 1
# suites 0
# pass 1
# fail 0
# cancelled 0
# skipped 0
# todo 0
# duration_ms 8706.650667
Prisma schema loaded from prisma/schema.prisma
Datasource "db": PostgreSQL database "once_test_td2_asset_pr03cf_full2", schema "public" at "127.0.0.1:56531"

63 migrations found in prisma/migrations

Applying migration `202609220001_initial`
Applying migration `202609230001_source_history`
Applying migration `202609230002_record_handoffs`
Applying migration `202609230003_private_images`
Applying migration `202609240001_works_projects`
Applying migration `202609240002_search_shortlists`
Applying migration `202609240003_shortlist_asset_unlink`
Applying migration `202609240004_search_facts_sql`
Applying migration `202609240005_dictionary_search_namespaces`
Applying migration `202609240006_export_dependencies`
Applying migration `202609240007_export_payload_json_null`
Applying migration `202609240008_deletion_impact_preview`
Applying migration `202609240009_deletion_blocking`
Applying migration `202609240010_deletion_retention_plan`
Applying migration `202609240011_deletion_cleanup_execution`
Applying migration `202609240012_cleanup_null_guards`
Applying migration `202609250001_deletion_finalization_states`
Applying migration `202609250002_person_merge_foundation`
Applying migration `202609250003_person_merge_integrity`
Applying migration `202609260001_recovery_runs`
Applying migration `202609260002_recovery_inspection`
Applying migration `202609260003_recovery_report_guards`
Applying migration `202609260004_recovery_approval_evidence`
Applying migration `202609260005_recovery_approval_media_guard`
Applying migration `202609260006_recovery_backup_media_identity`
Applying migration `202609260007_recovery_delta_resolution`
Applying migration `202609270001_talent_domain_v2`
Applying migration `202609270002_talent_merge_history`
Applying migration `202609270003_talent_transfer`
Applying migration `202609270004_capability_transfer`
Applying migration `202609270005_external_ref_transfer`
Applying migration `202609270006_representation_transfer`
Applying migration `202609270007_field_evidence_transfer`
Applying migration `202609270008_credential_transfer`
Applying migration `202609280001_credential_media_transfer`
Applying migration `202609280002_collection_transfer`
Applying migration `202609280003_adult_eligibility_transfer`
Applying migration `202609280004_identity_evidence_transfer`
Applying migration `202609280005_merge_history_transfer`
Applying migration `202609280006_candidate_review_lineage`
Applying migration `202609280007_identity_retention_permission`
Applying migration `202609280008_merge_history_erasure`
Applying migration `202609280009_internal_locale_texts`
Applying migration `202609280010_locale_dependency_identity`
Applying migration `202609280011_locale_transfer`
Applying migration `202609280012_locale_merge`
Applying migration `202609280013_ai_dispatch_ledger`
Applying migration `202609280014_ai_business`
Applying migration `202609280015_ai_operations`
Applying migration `202609290001_ai_connections`
Applying migration `202609290002_media_documents_video`
Applying migration `202609290003_project_parties`
Applying migration `202609290004_project_party_export_fields`
Applying migration `202609290005_media_erased_limits`
Applying migration `202609300001_talent_experience_pr01b`
Applying migration `202610010001_talent_auth_principals`
Applying migration `202610010002_talent_auth_key_binding`
Applying migration `202610010003_talent_maintenance`
Applying migration `202610010004_talent_basis_rebuild`
Applying migration `202610010005_talent_maintenance_permissions`
Applying migration `202610010006_talent_submission_ownership`
Applying migration `202610010007_media_ownership`
Applying migration `202610010008_media_collections`

The following migration(s) have been applied:

migrations/
  └─ 202609220001_initial/
    └─ migration.sql
  └─ 202609230001_source_history/
    └─ migration.sql
  └─ 202609230002_record_handoffs/
    └─ migration.sql
  └─ 202609230003_private_images/
    └─ migration.sql
  └─ 202609240001_works_projects/
    └─ migration.sql
  └─ 202609240002_search_shortlists/
    └─ migration.sql
  └─ 202609240003_shortlist_asset_unlink/
    └─ migration.sql
  └─ 202609240004_search_facts_sql/
    └─ migration.sql
  └─ 202609240005_dictionary_search_namespaces/
    └─ migration.sql
  └─ 202609240006_export_dependencies/
    └─ migration.sql
  └─ 202609240007_export_payload_json_null/
    └─ migration.sql
  └─ 202609240008_deletion_impact_preview/
    └─ migration.sql
  └─ 202609240009_deletion_blocking/
    └─ migration.sql
  └─ 202609240010_deletion_retention_plan/
    └─ migration.sql
  └─ 202609240011_deletion_cleanup_execution/
    └─ migration.sql
  └─ 202609240012_cleanup_null_guards/
    └─ migration.sql
  └─ 202609250001_deletion_finalization_states/
    └─ migration.sql
  └─ 202609250002_person_merge_foundation/
    └─ migration.sql
  └─ 202609250003_person_merge_integrity/
    └─ migration.sql
  └─ 202609260001_recovery_runs/
    └─ migration.sql
  └─ 202609260002_recovery_inspection/
    └─ migration.sql
  └─ 202609260003_recovery_report_guards/
    └─ migration.sql
  └─ 202609260004_recovery_approval_evidence/
    └─ migration.sql
  └─ 202609260005_recovery_approval_media_guard/
    └─ migration.sql
  └─ 202609260006_recovery_backup_media_identity/
    └─ migration.sql
  └─ 202609260007_recovery_delta_resolution/
    └─ migration.sql
  └─ 202609270001_talent_domain_v2/
    └─ migration.sql
  └─ 202609270002_talent_merge_history/
    └─ migration.sql
  └─ 202609270003_talent_transfer/
    └─ migration.sql
  └─ 202609270004_capability_transfer/
    └─ migration.sql
  └─ 202609270005_external_ref_transfer/
    └─ migration.sql
  └─ 202609270006_representation_transfer/
    └─ migration.sql
  └─ 202609270007_field_evidence_transfer/
    └─ migration.sql
  └─ 202609270008_credential_transfer/
    └─ migration.sql
  └─ 202609280001_credential_media_transfer/
    └─ migration.sql
  └─ 202609280002_collection_transfer/
    └─ migration.sql
  └─ 202609280003_adult_eligibility_transfer/
    └─ migration.sql
  └─ 202609280004_identity_evidence_transfer/
    └─ migration.sql
  └─ 202609280005_merge_history_transfer/
    └─ migration.sql
  └─ 202609280006_candidate_review_lineage/
    └─ migration.sql
  └─ 202609280007_identity_retention_permission/
    └─ migration.sql
  └─ 202609280008_merge_history_erasure/
    └─ migration.sql
  └─ 202609280009_internal_locale_texts/
    └─ migration.sql
  └─ 202609280010_locale_dependency_identity/
    └─ migration.sql
  └─ 202609280011_locale_transfer/
    └─ migration.sql
  └─ 202609280012_locale_merge/
    └─ migration.sql
  └─ 202609280013_ai_dispatch_ledger/
    └─ migration.sql
  └─ 202609280014_ai_business/
    └─ migration.sql
  └─ 202609280015_ai_operations/
    └─ migration.sql
  └─ 202609290001_ai_connections/
    └─ migration.sql
  └─ 202609290002_media_documents_video/
    └─ migration.sql
  └─ 202609290003_project_parties/
    └─ migration.sql
  └─ 202609290004_project_party_export_fields/
    └─ migration.sql
  └─ 202609290005_media_erased_limits/
    └─ migration.sql
  └─ 202609300001_talent_experience_pr01b/
    └─ migration.sql
  └─ 202610010001_talent_auth_principals/
    └─ migration.sql
  └─ 202610010002_talent_auth_key_binding/
    └─ migration.sql
  └─ 202610010003_talent_maintenance/
    └─ migration.sql
  └─ 202610010004_talent_basis_rebuild/
    └─ migration.sql
  └─ 202610010005_talent_maintenance_permissions/
    └─ migration.sql
  └─ 202610010006_talent_submission_ownership/
    └─ migration.sql
  └─ 202610010007_media_ownership/
    └─ migration.sql
  └─ 202610010008_media_collections/
    └─ migration.sql
      
All migrations have been successfully applied.
TAP version 13
# PASS TD2 source identity: full professional and identity evidence graph rollback/retry, external representation cleanup, hidden-owner finalization rollback/retry, source-owned original purge, independent people and original files retained
# PASS TD2 identity retention: original source unchanged, complete independent evidence, atomic audit rollback/retry, basis expiry at finalization and suspended-basis access checks
# PASS TD2 identity retention: original source unchanged, complete independent evidence, atomic audit rollback/retry, basis expiry at finalization and suspended-basis access checks
# PASS combined source/other-identity withdrawal: explicit field item, unchanged other identity and independent evidence, whole-group audit rollback/retry, final basis expiry refuses completion
# PASS TD2 PG: shared collection/proof deletion, current requester checks, audit rollback/retry, historical evidence retained, physical media purge and ERASED finalization
# Subtest: TD2 real PostgreSQL shared proof erasure and physical file cleanup
ok 1 - TD2 real PostgreSQL shared proof erasure and physical file cleanup
  ---
  duration_ms: 15560.955
  type: 'test'
  ...
1..1
# tests 1
# suites 0
# pass 1
# fail 0
# cancelled 0
# skipped 0
# todo 0
# duration_ms 15844.588375
Prisma schema loaded from prisma/schema.prisma
Datasource "db": PostgreSQL database "once_test_td2_history_erasure_pr03cf_full2", schema "public" at "127.0.0.1:56531"

63 migrations found in prisma/migrations

Applying migration `202609220001_initial`
Applying migration `202609230001_source_history`
Applying migration `202609230002_record_handoffs`
Applying migration `202609230003_private_images`
Applying migration `202609240001_works_projects`
Applying migration `202609240002_search_shortlists`
Applying migration `202609240003_shortlist_asset_unlink`
Applying migration `202609240004_search_facts_sql`
Applying migration `202609240005_dictionary_search_namespaces`
Applying migration `202609240006_export_dependencies`
Applying migration `202609240007_export_payload_json_null`
Applying migration `202609240008_deletion_impact_preview`
Applying migration `202609240009_deletion_blocking`
Applying migration `202609240010_deletion_retention_plan`
Applying migration `202609240011_deletion_cleanup_execution`
Applying migration `202609240012_cleanup_null_guards`
Applying migration `202609250001_deletion_finalization_states`
Applying migration `202609250002_person_merge_foundation`
Applying migration `202609250003_person_merge_integrity`
Applying migration `202609260001_recovery_runs`
Applying migration `202609260002_recovery_inspection`
Applying migration `202609260003_recovery_report_guards`
Applying migration `202609260004_recovery_approval_evidence`
Applying migration `202609260005_recovery_approval_media_guard`
Applying migration `202609260006_recovery_backup_media_identity`
Applying migration `202609260007_recovery_delta_resolution`
Applying migration `202609270001_talent_domain_v2`
Applying migration `202609270002_talent_merge_history`
Applying migration `202609270003_talent_transfer`
Applying migration `202609270004_capability_transfer`
Applying migration `202609270005_external_ref_transfer`
Applying migration `202609270006_representation_transfer`
Applying migration `202609270007_field_evidence_transfer`
Applying migration `202609270008_credential_transfer`
Applying migration `202609280001_credential_media_transfer`
Applying migration `202609280002_collection_transfer`
Applying migration `202609280003_adult_eligibility_transfer`
Applying migration `202609280004_identity_evidence_transfer`
Applying migration `202609280005_merge_history_transfer`
Applying migration `202609280006_candidate_review_lineage`
Applying migration `202609280007_identity_retention_permission`
Applying migration `202609280008_merge_history_erasure`
Applying migration `202609280009_internal_locale_texts`
Applying migration `202609280010_locale_dependency_identity`
Applying migration `202609280011_locale_transfer`
Applying migration `202609280012_locale_merge`
Applying migration `202609280013_ai_dispatch_ledger`
Applying migration `202609280014_ai_business`
Applying migration `202609280015_ai_operations`
Applying migration `202609290001_ai_connections`
Applying migration `202609290002_media_documents_video`
Applying migration `202609290003_project_parties`
Applying migration `202609290004_project_party_export_fields`
Applying migration `202609290005_media_erased_limits`
Applying migration `202609300001_talent_experience_pr01b`
Applying migration `202610010001_talent_auth_principals`
Applying migration `202610010002_talent_auth_key_binding`
Applying migration `202610010003_talent_maintenance`
Applying migration `202610010004_talent_basis_rebuild`
Applying migration `202610010005_talent_maintenance_permissions`
Applying migration `202610010006_talent_submission_ownership`
Applying migration `202610010007_media_ownership`
Applying migration `202610010008_media_collections`

The following migration(s) have been applied:

migrations/
  └─ 202609220001_initial/
    └─ migration.sql
  └─ 202609230001_source_history/
    └─ migration.sql
  └─ 202609230002_record_handoffs/
    └─ migration.sql
  └─ 202609230003_private_images/
    └─ migration.sql
  └─ 202609240001_works_projects/
    └─ migration.sql
  └─ 202609240002_search_shortlists/
    └─ migration.sql
  └─ 202609240003_shortlist_asset_unlink/
    └─ migration.sql
  └─ 202609240004_search_facts_sql/
    └─ migration.sql
  └─ 202609240005_dictionary_search_namespaces/
    └─ migration.sql
  └─ 202609240006_export_dependencies/
    └─ migration.sql
  └─ 202609240007_export_payload_json_null/
    └─ migration.sql
  └─ 202609240008_deletion_impact_preview/
    └─ migration.sql
  └─ 202609240009_deletion_blocking/
    └─ migration.sql
  └─ 202609240010_deletion_retention_plan/
    └─ migration.sql
  └─ 202609240011_deletion_cleanup_execution/
    └─ migration.sql
  └─ 202609240012_cleanup_null_guards/
    └─ migration.sql
  └─ 202609250001_deletion_finalization_states/
    └─ migration.sql
  └─ 202609250002_person_merge_foundation/
    └─ migration.sql
  └─ 202609250003_person_merge_integrity/
    └─ migration.sql
  └─ 202609260001_recovery_runs/
    └─ migration.sql
  └─ 202609260002_recovery_inspection/
    └─ migration.sql
  └─ 202609260003_recovery_report_guards/
    └─ migration.sql
  └─ 202609260004_recovery_approval_evidence/
    └─ migration.sql
  └─ 202609260005_recovery_approval_media_guard/
    └─ migration.sql
  └─ 202609260006_recovery_backup_media_identity/
    └─ migration.sql
  └─ 202609260007_recovery_delta_resolution/
    └─ migration.sql
  └─ 202609270001_talent_domain_v2/
    └─ migration.sql
  └─ 202609270002_talent_merge_history/
    └─ migration.sql
  └─ 202609270003_talent_transfer/
    └─ migration.sql
  └─ 202609270004_capability_transfer/
    └─ migration.sql
  └─ 202609270005_external_ref_transfer/
    └─ migration.sql
  └─ 202609270006_representation_transfer/
    └─ migration.sql
  └─ 202609270007_field_evidence_transfer/
    └─ migration.sql
  └─ 202609270008_credential_transfer/
    └─ migration.sql
  └─ 202609280001_credential_media_transfer/
    └─ migration.sql
  └─ 202609280002_collection_transfer/
    └─ migration.sql
  └─ 202609280003_adult_eligibility_transfer/
    └─ migration.sql
  └─ 202609280004_identity_evidence_transfer/
    └─ migration.sql
  └─ 202609280005_merge_history_transfer/
    └─ migration.sql
  └─ 202609280006_candidate_review_lineage/
    └─ migration.sql
  └─ 202609280007_identity_retention_permission/
    └─ migration.sql
  └─ 202609280008_merge_history_erasure/
    └─ migration.sql
  └─ 202609280009_internal_locale_texts/
    └─ migration.sql
  └─ 202609280010_locale_dependency_identity/
    └─ migration.sql
  └─ 202609280011_locale_transfer/
    └─ migration.sql
  └─ 202609280012_locale_merge/
    └─ migration.sql
  └─ 202609280013_ai_dispatch_ledger/
    └─ migration.sql
  └─ 202609280014_ai_business/
    └─ migration.sql
  └─ 202609280015_ai_operations/
    └─ migration.sql
  └─ 202609290001_ai_connections/
    └─ migration.sql
  └─ 202609290002_media_documents_video/
    └─ migration.sql
  └─ 202609290003_project_parties/
    └─ migration.sql
  └─ 202609290004_project_party_export_fields/
    └─ migration.sql
  └─ 202609290005_media_erased_limits/
    └─ migration.sql
  └─ 202609300001_talent_experience_pr01b/
    └─ migration.sql
  └─ 202610010001_talent_auth_principals/
    └─ migration.sql
  └─ 202610010002_talent_auth_key_binding/
    └─ migration.sql
  └─ 202610010003_talent_maintenance/
    └─ migration.sql
  └─ 202610010004_talent_basis_rebuild/
    └─ migration.sql
  └─ 202610010005_talent_maintenance_permissions/
    └─ migration.sql
  └─ 202610010006_talent_submission_ownership/
    └─ migration.sql
  └─ 202610010007_media_ownership/
    └─ migration.sql
  └─ 202610010008_media_collections/
    └─ migration.sql
      
All migrations have been successfully applied.
TAP version 13
# PASS merged history erasure: whole merged identity clears all historical payload, append-only lineage, original merge choices/actor, atomic audit rollback and retry
# PASS merged history erasure: old identity only preserves current facts, append-only lineage, original merge choices/actor, atomic audit rollback and retry
# PASS PG merge history: direct SQL history mutation/deletion and erasure-evidence mutation denied; actual frozen graph cleanup clears original payload with audit rollback/retry; alias-only leaves current identity and measurement facts unchanged
# Subtest: real PostgreSQL reviewed merge-history erasure preserves immutable minimal lineage and rolls back audit failure
ok 1 - real PostgreSQL reviewed merge-history erasure preserves immutable minimal lineage and rolls back audit failure
  ---
  duration_ms: 3258.494791
  type: 'test'
  ...
1..1
# tests 1
# suites 0
# pass 1
# fail 0
# cancelled 0
# skipped 0
# todo 0
# duration_ms 3475.898583
Prisma schema loaded from prisma/schema.prisma
Datasource "db": PostgreSQL database "once_test_td2_erased_history_pr03cf_full2", schema "public" at "127.0.0.1:56531"

63 migrations found in prisma/migrations

Applying migration `202609220001_initial`
Applying migration `202609230001_source_history`
Applying migration `202609230002_record_handoffs`
Applying migration `202609230003_private_images`
Applying migration `202609240001_works_projects`
Applying migration `202609240002_search_shortlists`
Applying migration `202609240003_shortlist_asset_unlink`
Applying migration `202609240004_search_facts_sql`
Applying migration `202609240005_dictionary_search_namespaces`
Applying migration `202609240006_export_dependencies`
Applying migration `202609240007_export_payload_json_null`
Applying migration `202609240008_deletion_impact_preview`
Applying migration `202609240009_deletion_blocking`
Applying migration `202609240010_deletion_retention_plan`
Applying migration `202609240011_deletion_cleanup_execution`
Applying migration `202609240012_cleanup_null_guards`
Applying migration `202609250001_deletion_finalization_states`
Applying migration `202609250002_person_merge_foundation`
Applying migration `202609250003_person_merge_integrity`
Applying migration `202609260001_recovery_runs`
Applying migration `202609260002_recovery_inspection`
Applying migration `202609260003_recovery_report_guards`
Applying migration `202609260004_recovery_approval_evidence`
Applying migration `202609260005_recovery_approval_media_guard`
Applying migration `202609260006_recovery_backup_media_identity`
Applying migration `202609260007_recovery_delta_resolution`
Applying migration `202609270001_talent_domain_v2`
Applying migration `202609270002_talent_merge_history`
Applying migration `202609270003_talent_transfer`
Applying migration `202609270004_capability_transfer`
Applying migration `202609270005_external_ref_transfer`
Applying migration `202609270006_representation_transfer`
Applying migration `202609270007_field_evidence_transfer`
Applying migration `202609270008_credential_transfer`
Applying migration `202609280001_credential_media_transfer`
Applying migration `202609280002_collection_transfer`
Applying migration `202609280003_adult_eligibility_transfer`
Applying migration `202609280004_identity_evidence_transfer`
Applying migration `202609280005_merge_history_transfer`
Applying migration `202609280006_candidate_review_lineage`
Applying migration `202609280007_identity_retention_permission`
Applying migration `202609280008_merge_history_erasure`
Applying migration `202609280009_internal_locale_texts`
Applying migration `202609280010_locale_dependency_identity`
Applying migration `202609280011_locale_transfer`
Applying migration `202609280012_locale_merge`
Applying migration `202609280013_ai_dispatch_ledger`
Applying migration `202609280014_ai_business`
Applying migration `202609280015_ai_operations`
Applying migration `202609290001_ai_connections`
Applying migration `202609290002_media_documents_video`
Applying migration `202609290003_project_parties`
Applying migration `202609290004_project_party_export_fields`
Applying migration `202609290005_media_erased_limits`
Applying migration `202609300001_talent_experience_pr01b`
Applying migration `202610010001_talent_auth_principals`
Applying migration `202610010002_talent_auth_key_binding`
Applying migration `202610010003_talent_maintenance`
Applying migration `202610010004_talent_basis_rebuild`
Applying migration `202610010005_talent_maintenance_permissions`
Applying migration `202610010006_talent_submission_ownership`
Applying migration `202610010007_media_ownership`
Applying migration `202610010008_media_collections`

The following migration(s) have been applied:

migrations/
  └─ 202609220001_initial/
    └─ migration.sql
  └─ 202609230001_source_history/
    └─ migration.sql
  └─ 202609230002_record_handoffs/
    └─ migration.sql
  └─ 202609230003_private_images/
    └─ migration.sql
  └─ 202609240001_works_projects/
    └─ migration.sql
  └─ 202609240002_search_shortlists/
    └─ migration.sql
  └─ 202609240003_shortlist_asset_unlink/
    └─ migration.sql
  └─ 202609240004_search_facts_sql/
    └─ migration.sql
  └─ 202609240005_dictionary_search_namespaces/
    └─ migration.sql
  └─ 202609240006_export_dependencies/
    └─ migration.sql
  └─ 202609240007_export_payload_json_null/
    └─ migration.sql
  └─ 202609240008_deletion_impact_preview/
    └─ migration.sql
  └─ 202609240009_deletion_blocking/
    └─ migration.sql
  └─ 202609240010_deletion_retention_plan/
    └─ migration.sql
  └─ 202609240011_deletion_cleanup_execution/
    └─ migration.sql
  └─ 202609240012_cleanup_null_guards/
    └─ migration.sql
  └─ 202609250001_deletion_finalization_states/
    └─ migration.sql
  └─ 202609250002_person_merge_foundation/
    └─ migration.sql
  └─ 202609250003_person_merge_integrity/
    └─ migration.sql
  └─ 202609260001_recovery_runs/
    └─ migration.sql
  └─ 202609260002_recovery_inspection/
    └─ migration.sql
  └─ 202609260003_recovery_report_guards/
    └─ migration.sql
  └─ 202609260004_recovery_approval_evidence/
    └─ migration.sql
  └─ 202609260005_recovery_approval_media_guard/
    └─ migration.sql
  └─ 202609260006_recovery_backup_media_identity/
    └─ migration.sql
  └─ 202609260007_recovery_delta_resolution/
    └─ migration.sql
  └─ 202609270001_talent_domain_v2/
    └─ migration.sql
  └─ 202609270002_talent_merge_history/
    └─ migration.sql
  └─ 202609270003_talent_transfer/
    └─ migration.sql
  └─ 202609270004_capability_transfer/
    └─ migration.sql
  └─ 202609270005_external_ref_transfer/
    └─ migration.sql
  └─ 202609270006_representation_transfer/
    └─ migration.sql
  └─ 202609270007_field_evidence_transfer/
    └─ migration.sql
  └─ 202609270008_credential_transfer/
    └─ migration.sql
  └─ 202609280001_credential_media_transfer/
    └─ migration.sql
  └─ 202609280002_collection_transfer/
    └─ migration.sql
  └─ 202609280003_adult_eligibility_transfer/
    └─ migration.sql
  └─ 202609280004_identity_evidence_transfer/
    └─ migration.sql
  └─ 202609280005_merge_history_transfer/
    └─ migration.sql
  └─ 202609280006_candidate_review_lineage/
    └─ migration.sql
  └─ 202609280007_identity_retention_permission/
    └─ migration.sql
  └─ 202609280008_merge_history_erasure/
    └─ migration.sql
  └─ 202609280009_internal_locale_texts/
    └─ migration.sql
  └─ 202609280010_locale_dependency_identity/
    └─ migration.sql
  └─ 202609280011_locale_transfer/
    └─ migration.sql
  └─ 202609280012_locale_merge/
    └─ migration.sql
  └─ 202609280013_ai_dispatch_ledger/
    └─ migration.sql
  └─ 202609280014_ai_business/
    └─ migration.sql
  └─ 202609280015_ai_operations/
    └─ migration.sql
  └─ 202609290001_ai_connections/
    └─ migration.sql
  └─ 202609290002_media_documents_video/
    └─ migration.sql
  └─ 202609290003_project_parties/
    └─ migration.sql
  └─ 202609290004_project_party_export_fields/
    └─ migration.sql
  └─ 202609290005_media_erased_limits/
    └─ migration.sql
  └─ 202609300001_talent_experience_pr01b/
    └─ migration.sql
  └─ 202610010001_talent_auth_principals/
    └─ migration.sql
  └─ 202610010002_talent_auth_key_binding/
    └─ migration.sql
  └─ 202610010003_talent_maintenance/
    └─ migration.sql
  └─ 202610010004_talent_basis_rebuild/
    └─ migration.sql
  └─ 202610010005_talent_maintenance_permissions/
    └─ migration.sql
  └─ 202610010006_talent_submission_ownership/
    └─ migration.sql
  └─ 202610010007_media_ownership/
    └─ migration.sql
  └─ 202610010008_media_collections/
    └─ migration.sql
      
All migrations have been successfully applied.
Prisma schema loaded from prisma/schema.prisma
Datasource "db": PostgreSQL database "once_rebuild_erased_history_pr03cf_full2", schema "public" at "127.0.0.1:56531"

63 migrations found in prisma/migrations

Applying migration `202609220001_initial`
Applying migration `202609230001_source_history`
Applying migration `202609230002_record_handoffs`
Applying migration `202609230003_private_images`
Applying migration `202609240001_works_projects`
Applying migration `202609240002_search_shortlists`
Applying migration `202609240003_shortlist_asset_unlink`
Applying migration `202609240004_search_facts_sql`
Applying migration `202609240005_dictionary_search_namespaces`
Applying migration `202609240006_export_dependencies`
Applying migration `202609240007_export_payload_json_null`
Applying migration `202609240008_deletion_impact_preview`
Applying migration `202609240009_deletion_blocking`
Applying migration `202609240010_deletion_retention_plan`
Applying migration `202609240011_deletion_cleanup_execution`
Applying migration `202609240012_cleanup_null_guards`
Applying migration `202609250001_deletion_finalization_states`
Applying migration `202609250002_person_merge_foundation`
Applying migration `202609250003_person_merge_integrity`
Applying migration `202609260001_recovery_runs`
Applying migration `202609260002_recovery_inspection`
Applying migration `202609260003_recovery_report_guards`
Applying migration `202609260004_recovery_approval_evidence`
Applying migration `202609260005_recovery_approval_media_guard`
Applying migration `202609260006_recovery_backup_media_identity`
Applying migration `202609260007_recovery_delta_resolution`
Applying migration `202609270001_talent_domain_v2`
Applying migration `202609270002_talent_merge_history`
Applying migration `202609270003_talent_transfer`
Applying migration `202609270004_capability_transfer`
Applying migration `202609270005_external_ref_transfer`
Applying migration `202609270006_representation_transfer`
Applying migration `202609270007_field_evidence_transfer`
Applying migration `202609270008_credential_transfer`
Applying migration `202609280001_credential_media_transfer`
Applying migration `202609280002_collection_transfer`
Applying migration `202609280003_adult_eligibility_transfer`
Applying migration `202609280004_identity_evidence_transfer`
Applying migration `202609280005_merge_history_transfer`
Applying migration `202609280006_candidate_review_lineage`
Applying migration `202609280007_identity_retention_permission`
Applying migration `202609280008_merge_history_erasure`
Applying migration `202609280009_internal_locale_texts`
Applying migration `202609280010_locale_dependency_identity`
Applying migration `202609280011_locale_transfer`
Applying migration `202609280012_locale_merge`
Applying migration `202609280013_ai_dispatch_ledger`
Applying migration `202609280014_ai_business`
Applying migration `202609280015_ai_operations`
Applying migration `202609290001_ai_connections`
Applying migration `202609290002_media_documents_video`
Applying migration `202609290003_project_parties`
Applying migration `202609290004_project_party_export_fields`
Applying migration `202609290005_media_erased_limits`
Applying migration `202609300001_talent_experience_pr01b`
Applying migration `202610010001_talent_auth_principals`
Applying migration `202610010002_talent_auth_key_binding`
Applying migration `202610010003_talent_maintenance`
Applying migration `202610010004_talent_basis_rebuild`
Applying migration `202610010005_talent_maintenance_permissions`
Applying migration `202610010006_talent_submission_ownership`
Applying migration `202610010007_media_ownership`
Applying migration `202610010008_media_collections`

The following migration(s) have been applied:

migrations/
  └─ 202609220001_initial/
    └─ migration.sql
  └─ 202609230001_source_history/
    └─ migration.sql
  └─ 202609230002_record_handoffs/
    └─ migration.sql
  └─ 202609230003_private_images/
    └─ migration.sql
  └─ 202609240001_works_projects/
    └─ migration.sql
  └─ 202609240002_search_shortlists/
    └─ migration.sql
  └─ 202609240003_shortlist_asset_unlink/
    └─ migration.sql
  └─ 202609240004_search_facts_sql/
    └─ migration.sql
  └─ 202609240005_dictionary_search_namespaces/
    └─ migration.sql
  └─ 202609240006_export_dependencies/
    └─ migration.sql
  └─ 202609240007_export_payload_json_null/
    └─ migration.sql
  └─ 202609240008_deletion_impact_preview/
    └─ migration.sql
  └─ 202609240009_deletion_blocking/
    └─ migration.sql
  └─ 202609240010_deletion_retention_plan/
    └─ migration.sql
  └─ 202609240011_deletion_cleanup_execution/
    └─ migration.sql
  └─ 202609240012_cleanup_null_guards/
    └─ migration.sql
  └─ 202609250001_deletion_finalization_states/
    └─ migration.sql
  └─ 202609250002_person_merge_foundation/
    └─ migration.sql
  └─ 202609250003_person_merge_integrity/
    └─ migration.sql
  └─ 202609260001_recovery_runs/
    └─ migration.sql
  └─ 202609260002_recovery_inspection/
    └─ migration.sql
  └─ 202609260003_recovery_report_guards/
    └─ migration.sql
  └─ 202609260004_recovery_approval_evidence/
    └─ migration.sql
  └─ 202609260005_recovery_approval_media_guard/
    └─ migration.sql
  └─ 202609260006_recovery_backup_media_identity/
    └─ migration.sql
  └─ 202609260007_recovery_delta_resolution/
    └─ migration.sql
  └─ 202609270001_talent_domain_v2/
    └─ migration.sql
  └─ 202609270002_talent_merge_history/
    └─ migration.sql
  └─ 202609270003_talent_transfer/
    └─ migration.sql
  └─ 202609270004_capability_transfer/
    └─ migration.sql
  └─ 202609270005_external_ref_transfer/
    └─ migration.sql
  └─ 202609270006_representation_transfer/
    └─ migration.sql
  └─ 202609270007_field_evidence_transfer/
    └─ migration.sql
  └─ 202609270008_credential_transfer/
    └─ migration.sql
  └─ 202609280001_credential_media_transfer/
    └─ migration.sql
  └─ 202609280002_collection_transfer/
    └─ migration.sql
  └─ 202609280003_adult_eligibility_transfer/
    └─ migration.sql
  └─ 202609280004_identity_evidence_transfer/
    └─ migration.sql
  └─ 202609280005_merge_history_transfer/
    └─ migration.sql
  └─ 202609280006_candidate_review_lineage/
    └─ migration.sql
  └─ 202609280007_identity_retention_permission/
    └─ migration.sql
  └─ 202609280008_merge_history_erasure/
    └─ migration.sql
  └─ 202609280009_internal_locale_texts/
    └─ migration.sql
  └─ 202609280010_locale_dependency_identity/
    └─ migration.sql
  └─ 202609280011_locale_transfer/
    └─ migration.sql
  └─ 202609280012_locale_merge/
    └─ migration.sql
  └─ 202609280013_ai_dispatch_ledger/
    └─ migration.sql
  └─ 202609280014_ai_business/
    └─ migration.sql
  └─ 202609280015_ai_operations/
    └─ migration.sql
  └─ 202609290001_ai_connections/
    └─ migration.sql
  └─ 202609290002_media_documents_video/
    └─ migration.sql
  └─ 202609290003_project_parties/
    └─ migration.sql
  └─ 202609290004_project_party_export_fields/
    └─ migration.sql
  └─ 202609290005_media_erased_limits/
    └─ migration.sql
  └─ 202609300001_talent_experience_pr01b/
    └─ migration.sql
  └─ 202610010001_talent_auth_principals/
    └─ migration.sql
  └─ 202610010002_talent_auth_key_binding/
    └─ migration.sql
  └─ 202610010003_talent_maintenance/
    └─ migration.sql
  └─ 202610010004_talent_basis_rebuild/
    └─ migration.sql
  └─ 202610010005_talent_maintenance_permissions/
    └─ migration.sql
  └─ 202610010006_talent_submission_ownership/
    └─ migration.sql
  └─ 202610010007_media_ownership/
    └─ migration.sql
  └─ 202610010008_media_collections/
    └─ migration.sql
      
All migrations have been successfully applied.
TAP version 13
# PASS merged history erasure: old identity only preserves current facts, append-only lineage, original merge choices/actor, atomic audit rollback and retry
# PASS v14 erased history rebuild: minimal erased identity, original alias/merge choice, distinct original erasure attribution, no deleted profile resurrection, audit rollback and retry
# PASS v14 PG: actual CLI preview/apply restores only erased identity header, aliases, original merge choices and explicit erasure attribution; retired profile payload absent; SQL shape and immutable records preserved; audit rollback/retry
# Subtest: TD2 PostgreSQL redacted merge-history export and real CLI rebuild preserve erased minimal headers, original evidence and audit rollback
ok 1 - TD2 PostgreSQL redacted merge-history export and real CLI rebuild preserve erased minimal headers, original evidence and audit rollback
  ---
  duration_ms: 3508.629458
  type: 'test'
  ...
1..1
# tests 1
# suites 0
# pass 1
# fail 0
# cancelled 0
# skipped 0
# todo 0
# duration_ms 3749.283625
Prisma schema loaded from prisma/schema.prisma
Datasource "db": PostgreSQL database "once_test_td2_erased_origin_pr03cf_full2", schema "public" at "127.0.0.1:56531"

63 migrations found in prisma/migrations

Applying migration `202609220001_initial`
Applying migration `202609230001_source_history`
Applying migration `202609230002_record_handoffs`
Applying migration `202609230003_private_images`
Applying migration `202609240001_works_projects`
Applying migration `202609240002_search_shortlists`
Applying migration `202609240003_shortlist_asset_unlink`
Applying migration `202609240004_search_facts_sql`
Applying migration `202609240005_dictionary_search_namespaces`
Applying migration `202609240006_export_dependencies`
Applying migration `202609240007_export_payload_json_null`
Applying migration `202609240008_deletion_impact_preview`
Applying migration `202609240009_deletion_blocking`
Applying migration `202609240010_deletion_retention_plan`
Applying migration `202609240011_deletion_cleanup_execution`
Applying migration `202609240012_cleanup_null_guards`
Applying migration `202609250001_deletion_finalization_states`
Applying migration `202609250002_person_merge_foundation`
Applying migration `202609250003_person_merge_integrity`
Applying migration `202609260001_recovery_runs`
Applying migration `202609260002_recovery_inspection`
Applying migration `202609260003_recovery_report_guards`
Applying migration `202609260004_recovery_approval_evidence`
Applying migration `202609260005_recovery_approval_media_guard`
Applying migration `202609260006_recovery_backup_media_identity`
Applying migration `202609260007_recovery_delta_resolution`
Applying migration `202609270001_talent_domain_v2`
Applying migration `202609270002_talent_merge_history`
Applying migration `202609270003_talent_transfer`
Applying migration `202609270004_capability_transfer`
Applying migration `202609270005_external_ref_transfer`
Applying migration `202609270006_representation_transfer`
Applying migration `202609270007_field_evidence_transfer`
Applying migration `202609270008_credential_transfer`
Applying migration `202609280001_credential_media_transfer`
Applying migration `202609280002_collection_transfer`
Applying migration `202609280003_adult_eligibility_transfer`
Applying migration `202609280004_identity_evidence_transfer`
Applying migration `202609280005_merge_history_transfer`
Applying migration `202609280006_candidate_review_lineage`
Applying migration `202609280007_identity_retention_permission`
Applying migration `202609280008_merge_history_erasure`
Applying migration `202609280009_internal_locale_texts`
Applying migration `202609280010_locale_dependency_identity`
Applying migration `202609280011_locale_transfer`
Applying migration `202609280012_locale_merge`
Applying migration `202609280013_ai_dispatch_ledger`
Applying migration `202609280014_ai_business`
Applying migration `202609280015_ai_operations`
Applying migration `202609290001_ai_connections`
Applying migration `202609290002_media_documents_video`
Applying migration `202609290003_project_parties`
Applying migration `202609290004_project_party_export_fields`
Applying migration `202609290005_media_erased_limits`
Applying migration `202609300001_talent_experience_pr01b`
Applying migration `202610010001_talent_auth_principals`
Applying migration `202610010002_talent_auth_key_binding`
Applying migration `202610010003_talent_maintenance`
Applying migration `202610010004_talent_basis_rebuild`
Applying migration `202610010005_talent_maintenance_permissions`
Applying migration `202610010006_talent_submission_ownership`
Applying migration `202610010007_media_ownership`
Applying migration `202610010008_media_collections`

The following migration(s) have been applied:

migrations/
  └─ 202609220001_initial/
    └─ migration.sql
  └─ 202609230001_source_history/
    └─ migration.sql
  └─ 202609230002_record_handoffs/
    └─ migration.sql
  └─ 202609230003_private_images/
    └─ migration.sql
  └─ 202609240001_works_projects/
    └─ migration.sql
  └─ 202609240002_search_shortlists/
    └─ migration.sql
  └─ 202609240003_shortlist_asset_unlink/
    └─ migration.sql
  └─ 202609240004_search_facts_sql/
    └─ migration.sql
  └─ 202609240005_dictionary_search_namespaces/
    └─ migration.sql
  └─ 202609240006_export_dependencies/
    └─ migration.sql
  └─ 202609240007_export_payload_json_null/
    └─ migration.sql
  └─ 202609240008_deletion_impact_preview/
    └─ migration.sql
  └─ 202609240009_deletion_blocking/
    └─ migration.sql
  └─ 202609240010_deletion_retention_plan/
    └─ migration.sql
  └─ 202609240011_deletion_cleanup_execution/
    └─ migration.sql
  └─ 202609240012_cleanup_null_guards/
    └─ migration.sql
  └─ 202609250001_deletion_finalization_states/
    └─ migration.sql
  └─ 202609250002_person_merge_foundation/
    └─ migration.sql
  └─ 202609250003_person_merge_integrity/
    └─ migration.sql
  └─ 202609260001_recovery_runs/
    └─ migration.sql
  └─ 202609260002_recovery_inspection/
    └─ migration.sql
  └─ 202609260003_recovery_report_guards/
    └─ migration.sql
  └─ 202609260004_recovery_approval_evidence/
    └─ migration.sql
  └─ 202609260005_recovery_approval_media_guard/
    └─ migration.sql
  └─ 202609260006_recovery_backup_media_identity/
    └─ migration.sql
  └─ 202609260007_recovery_delta_resolution/
    └─ migration.sql
  └─ 202609270001_talent_domain_v2/
    └─ migration.sql
  └─ 202609270002_talent_merge_history/
    └─ migration.sql
  └─ 202609270003_talent_transfer/
    └─ migration.sql
  └─ 202609270004_capability_transfer/
    └─ migration.sql
  └─ 202609270005_external_ref_transfer/
    └─ migration.sql
  └─ 202609270006_representation_transfer/
    └─ migration.sql
  └─ 202609270007_field_evidence_transfer/
    └─ migration.sql
  └─ 202609270008_credential_transfer/
    └─ migration.sql
  └─ 202609280001_credential_media_transfer/
    └─ migration.sql
  └─ 202609280002_collection_transfer/
    └─ migration.sql
  └─ 202609280003_adult_eligibility_transfer/
    └─ migration.sql
  └─ 202609280004_identity_evidence_transfer/
    └─ migration.sql
  └─ 202609280005_merge_history_transfer/
    └─ migration.sql
  └─ 202609280006_candidate_review_lineage/
    └─ migration.sql
  └─ 202609280007_identity_retention_permission/
    └─ migration.sql
  └─ 202609280008_merge_history_erasure/
    └─ migration.sql
  └─ 202609280009_internal_locale_texts/
    └─ migration.sql
  └─ 202609280010_locale_dependency_identity/
    └─ migration.sql
  └─ 202609280011_locale_transfer/
    └─ migration.sql
  └─ 202609280012_locale_merge/
    └─ migration.sql
  └─ 202609280013_ai_dispatch_ledger/
    └─ migration.sql
  └─ 202609280014_ai_business/
    └─ migration.sql
  └─ 202609280015_ai_operations/
    └─ migration.sql
  └─ 202609290001_ai_connections/
    └─ migration.sql
  └─ 202609290002_media_documents_video/
    └─ migration.sql
  └─ 202609290003_project_parties/
    └─ migration.sql
  └─ 202609290004_project_party_export_fields/
    └─ migration.sql
  └─ 202609290005_media_erased_limits/
    └─ migration.sql
  └─ 202609300001_talent_experience_pr01b/
    └─ migration.sql
  └─ 202610010001_talent_auth_principals/
    └─ migration.sql
  └─ 202610010002_talent_auth_key_binding/
    └─ migration.sql
  └─ 202610010003_talent_maintenance/
    └─ migration.sql
  └─ 202610010004_talent_basis_rebuild/
    └─ migration.sql
  └─ 202610010005_talent_maintenance_permissions/
    └─ migration.sql
  └─ 202610010006_talent_submission_ownership/
    └─ migration.sql
  └─ 202610010007_media_ownership/
    └─ migration.sql
  └─ 202610010008_media_collections/
    └─ migration.sql
      
All migrations have been successfully applied.
Prisma schema loaded from prisma/schema.prisma
Datasource "db": PostgreSQL database "once_rebuild_erased_origin_pr03cf_full2", schema "public" at "127.0.0.1:56531"

63 migrations found in prisma/migrations

Applying migration `202609220001_initial`
Applying migration `202609230001_source_history`
Applying migration `202609230002_record_handoffs`
Applying migration `202609230003_private_images`
Applying migration `202609240001_works_projects`
Applying migration `202609240002_search_shortlists`
Applying migration `202609240003_shortlist_asset_unlink`
Applying migration `202609240004_search_facts_sql`
Applying migration `202609240005_dictionary_search_namespaces`
Applying migration `202609240006_export_dependencies`
Applying migration `202609240007_export_payload_json_null`
Applying migration `202609240008_deletion_impact_preview`
Applying migration `202609240009_deletion_blocking`
Applying migration `202609240010_deletion_retention_plan`
Applying migration `202609240011_deletion_cleanup_execution`
Applying migration `202609240012_cleanup_null_guards`
Applying migration `202609250001_deletion_finalization_states`
Applying migration `202609250002_person_merge_foundation`
Applying migration `202609250003_person_merge_integrity`
Applying migration `202609260001_recovery_runs`
Applying migration `202609260002_recovery_inspection`
Applying migration `202609260003_recovery_report_guards`
Applying migration `202609260004_recovery_approval_evidence`
Applying migration `202609260005_recovery_approval_media_guard`
Applying migration `202609260006_recovery_backup_media_identity`
Applying migration `202609260007_recovery_delta_resolution`
Applying migration `202609270001_talent_domain_v2`
Applying migration `202609270002_talent_merge_history`
Applying migration `202609270003_talent_transfer`
Applying migration `202609270004_capability_transfer`
Applying migration `202609270005_external_ref_transfer`
Applying migration `202609270006_representation_transfer`
Applying migration `202609270007_field_evidence_transfer`
Applying migration `202609270008_credential_transfer`
Applying migration `202609280001_credential_media_transfer`
Applying migration `202609280002_collection_transfer`
Applying migration `202609280003_adult_eligibility_transfer`
Applying migration `202609280004_identity_evidence_transfer`
Applying migration `202609280005_merge_history_transfer`
Applying migration `202609280006_candidate_review_lineage`
Applying migration `202609280007_identity_retention_permission`
Applying migration `202609280008_merge_history_erasure`
Applying migration `202609280009_internal_locale_texts`
Applying migration `202609280010_locale_dependency_identity`
Applying migration `202609280011_locale_transfer`
Applying migration `202609280012_locale_merge`
Applying migration `202609280013_ai_dispatch_ledger`
Applying migration `202609280014_ai_business`
Applying migration `202609280015_ai_operations`
Applying migration `202609290001_ai_connections`
Applying migration `202609290002_media_documents_video`
Applying migration `202609290003_project_parties`
Applying migration `202609290004_project_party_export_fields`
Applying migration `202609290005_media_erased_limits`
Applying migration `202609300001_talent_experience_pr01b`
Applying migration `202610010001_talent_auth_principals`
Applying migration `202610010002_talent_auth_key_binding`
Applying migration `202610010003_talent_maintenance`
Applying migration `202610010004_talent_basis_rebuild`
Applying migration `202610010005_talent_maintenance_permissions`
Applying migration `202610010006_talent_submission_ownership`
Applying migration `202610010007_media_ownership`
Applying migration `202610010008_media_collections`

The following migration(s) have been applied:

migrations/
  └─ 202609220001_initial/
    └─ migration.sql
  └─ 202609230001_source_history/
    └─ migration.sql
  └─ 202609230002_record_handoffs/
    └─ migration.sql
  └─ 202609230003_private_images/
    └─ migration.sql
  └─ 202609240001_works_projects/
    └─ migration.sql
  └─ 202609240002_search_shortlists/
    └─ migration.sql
  └─ 202609240003_shortlist_asset_unlink/
    └─ migration.sql
  └─ 202609240004_search_facts_sql/
    └─ migration.sql
  └─ 202609240005_dictionary_search_namespaces/
    └─ migration.sql
  └─ 202609240006_export_dependencies/
    └─ migration.sql
  └─ 202609240007_export_payload_json_null/
    └─ migration.sql
  └─ 202609240008_deletion_impact_preview/
    └─ migration.sql
  └─ 202609240009_deletion_blocking/
    └─ migration.sql
  └─ 202609240010_deletion_retention_plan/
    └─ migration.sql
  └─ 202609240011_deletion_cleanup_execution/
    └─ migration.sql
  └─ 202609240012_cleanup_null_guards/
    └─ migration.sql
  └─ 202609250001_deletion_finalization_states/
    └─ migration.sql
  └─ 202609250002_person_merge_foundation/
    └─ migration.sql
  └─ 202609250003_person_merge_integrity/
    └─ migration.sql
  └─ 202609260001_recovery_runs/
    └─ migration.sql
  └─ 202609260002_recovery_inspection/
    └─ migration.sql
  └─ 202609260003_recovery_report_guards/
    └─ migration.sql
  └─ 202609260004_recovery_approval_evidence/
    └─ migration.sql
  └─ 202609260005_recovery_approval_media_guard/
    └─ migration.sql
  └─ 202609260006_recovery_backup_media_identity/
    └─ migration.sql
  └─ 202609260007_recovery_delta_resolution/
    └─ migration.sql
  └─ 202609270001_talent_domain_v2/
    └─ migration.sql
  └─ 202609270002_talent_merge_history/
    └─ migration.sql
  └─ 202609270003_talent_transfer/
    └─ migration.sql
  └─ 202609270004_capability_transfer/
    └─ migration.sql
  └─ 202609270005_external_ref_transfer/
    └─ migration.sql
  └─ 202609270006_representation_transfer/
    └─ migration.sql
  └─ 202609270007_field_evidence_transfer/
    └─ migration.sql
  └─ 202609270008_credential_transfer/
    └─ migration.sql
  └─ 202609280001_credential_media_transfer/
    └─ migration.sql
  └─ 202609280002_collection_transfer/
    └─ migration.sql
  └─ 202609280003_adult_eligibility_transfer/
    └─ migration.sql
  └─ 202609280004_identity_evidence_transfer/
    └─ migration.sql
  └─ 202609280005_merge_history_transfer/
    └─ migration.sql
  └─ 202609280006_candidate_review_lineage/
    └─ migration.sql
  └─ 202609280007_identity_retention_permission/
    └─ migration.sql
  └─ 202609280008_merge_history_erasure/
    └─ migration.sql
  └─ 202609280009_internal_locale_texts/
    └─ migration.sql
  └─ 202609280010_locale_dependency_identity/
    └─ migration.sql
  └─ 202609280011_locale_transfer/
    └─ migration.sql
  └─ 202609280012_locale_merge/
    └─ migration.sql
  └─ 202609280013_ai_dispatch_ledger/
    └─ migration.sql
  └─ 202609280014_ai_business/
    └─ migration.sql
  └─ 202609280015_ai_operations/
    └─ migration.sql
  └─ 202609290001_ai_connections/
    └─ migration.sql
  └─ 202609290002_media_documents_video/
    └─ migration.sql
  └─ 202609290003_project_parties/
    └─ migration.sql
  └─ 202609290004_project_party_export_fields/
    └─ migration.sql
  └─ 202609290005_media_erased_limits/
    └─ migration.sql
  └─ 202609300001_talent_experience_pr01b/
    └─ migration.sql
  └─ 202610010001_talent_auth_principals/
    └─ migration.sql
  └─ 202610010002_talent_auth_key_binding/
    └─ migration.sql
  └─ 202610010003_talent_maintenance/
    └─ migration.sql
  └─ 202610010004_talent_basis_rebuild/
    └─ migration.sql
  └─ 202610010005_talent_maintenance_permissions/
    └─ migration.sql
  └─ 202610010006_talent_submission_ownership/
    └─ migration.sql
  └─ 202610010007_media_ownership/
    └─ migration.sql
  └─ 202610010008_media_collections/
    └─ migration.sql
      
All migrations have been successfully applied.
TAP version 13
# PASS merged history erasure: old identity only preserves current facts, append-only lineage, original merge choices/actor, atomic audit rollback and retry
# PASS source after separately reviewed old identity erasure: exact prior aliases/decisions/markers preserved, remaining source facts removed atomically with audit rollback/retry, canonical identity remains readable
# PASS v14 erased history rebuild: minimal erased identity, original alias/merge choice, distinct original erasure attribution, no deleted profile resurrection, audit rollback and retry
# PASS v14 PG: actual CLI preview/apply restores only erased identity header, aliases, original merge choices and explicit erasure attribution; retired profile payload absent; SQL shape and immutable records preserved; audit rollback/retry
# Subtest: TD2 PostgreSQL redacted merge-history export and real CLI rebuild preserve erased minimal headers, original evidence and audit rollback
ok 1 - TD2 PostgreSQL redacted merge-history export and real CLI rebuild preserve erased minimal headers, original evidence and audit rollback
  ---
  duration_ms: 5021.470666
  type: 'test'
  ...
1..1
# tests 1
# suites 0
# pass 1
# fail 0
# cancelled 0
# skipped 0
# todo 0
# duration_ms 5235.805375
Prisma schema loaded from prisma/schema.prisma
Datasource "db": PostgreSQL database "once_test_td2_merge_pr03cf_full2", schema "public" at "127.0.0.1:56531"

63 migrations found in prisma/migrations

Applying migration `202609220001_initial`
Applying migration `202609230001_source_history`
Applying migration `202609230002_record_handoffs`
Applying migration `202609230003_private_images`
Applying migration `202609240001_works_projects`
Applying migration `202609240002_search_shortlists`
Applying migration `202609240003_shortlist_asset_unlink`
Applying migration `202609240004_search_facts_sql`
Applying migration `202609240005_dictionary_search_namespaces`
Applying migration `202609240006_export_dependencies`
Applying migration `202609240007_export_payload_json_null`
Applying migration `202609240008_deletion_impact_preview`
Applying migration `202609240009_deletion_blocking`
Applying migration `202609240010_deletion_retention_plan`
Applying migration `202609240011_deletion_cleanup_execution`
Applying migration `202609240012_cleanup_null_guards`
Applying migration `202609250001_deletion_finalization_states`
Applying migration `202609250002_person_merge_foundation`
Applying migration `202609250003_person_merge_integrity`
Applying migration `202609260001_recovery_runs`
Applying migration `202609260002_recovery_inspection`
Applying migration `202609260003_recovery_report_guards`
Applying migration `202609260004_recovery_approval_evidence`
Applying migration `202609260005_recovery_approval_media_guard`
Applying migration `202609260006_recovery_backup_media_identity`
Applying migration `202609260007_recovery_delta_resolution`
Applying migration `202609270001_talent_domain_v2`
Applying migration `202609270002_talent_merge_history`
Applying migration `202609270003_talent_transfer`
Applying migration `202609270004_capability_transfer`
Applying migration `202609270005_external_ref_transfer`
Applying migration `202609270006_representation_transfer`
Applying migration `202609270007_field_evidence_transfer`
Applying migration `202609270008_credential_transfer`
Applying migration `202609280001_credential_media_transfer`
Applying migration `202609280002_collection_transfer`
Applying migration `202609280003_adult_eligibility_transfer`
Applying migration `202609280004_identity_evidence_transfer`
Applying migration `202609280005_merge_history_transfer`
Applying migration `202609280006_candidate_review_lineage`
Applying migration `202609280007_identity_retention_permission`
Applying migration `202609280008_merge_history_erasure`
Applying migration `202609280009_internal_locale_texts`
Applying migration `202609280010_locale_dependency_identity`
Applying migration `202609280011_locale_transfer`
Applying migration `202609280012_locale_merge`
Applying migration `202609280013_ai_dispatch_ledger`
Applying migration `202609280014_ai_business`
Applying migration `202609280015_ai_operations`
Applying migration `202609290001_ai_connections`
Applying migration `202609290002_media_documents_video`
Applying migration `202609290003_project_parties`
Applying migration `202609290004_project_party_export_fields`
Applying migration `202609290005_media_erased_limits`
Applying migration `202609300001_talent_experience_pr01b`
Applying migration `202610010001_talent_auth_principals`
Applying migration `202610010002_talent_auth_key_binding`
Applying migration `202610010003_talent_maintenance`
Applying migration `202610010004_talent_basis_rebuild`
Applying migration `202610010005_talent_maintenance_permissions`
Applying migration `202610010006_talent_submission_ownership`
Applying migration `202610010007_media_ownership`
Applying migration `202610010008_media_collections`

The following migration(s) have been applied:

migrations/
  └─ 202609220001_initial/
    └─ migration.sql
  └─ 202609230001_source_history/
    └─ migration.sql
  └─ 202609230002_record_handoffs/
    └─ migration.sql
  └─ 202609230003_private_images/
    └─ migration.sql
  └─ 202609240001_works_projects/
    └─ migration.sql
  └─ 202609240002_search_shortlists/
    └─ migration.sql
  └─ 202609240003_shortlist_asset_unlink/
    └─ migration.sql
  └─ 202609240004_search_facts_sql/
    └─ migration.sql
  └─ 202609240005_dictionary_search_namespaces/
    └─ migration.sql
  └─ 202609240006_export_dependencies/
    └─ migration.sql
  └─ 202609240007_export_payload_json_null/
    └─ migration.sql
  └─ 202609240008_deletion_impact_preview/
    └─ migration.sql
  └─ 202609240009_deletion_blocking/
    └─ migration.sql
  └─ 202609240010_deletion_retention_plan/
    └─ migration.sql
  └─ 202609240011_deletion_cleanup_execution/
    └─ migration.sql
  └─ 202609240012_cleanup_null_guards/
    └─ migration.sql
  └─ 202609250001_deletion_finalization_states/
    └─ migration.sql
  └─ 202609250002_person_merge_foundation/
    └─ migration.sql
  └─ 202609250003_person_merge_integrity/
    └─ migration.sql
  └─ 202609260001_recovery_runs/
    └─ migration.sql
  └─ 202609260002_recovery_inspection/
    └─ migration.sql
  └─ 202609260003_recovery_report_guards/
    └─ migration.sql
  └─ 202609260004_recovery_approval_evidence/
    └─ migration.sql
  └─ 202609260005_recovery_approval_media_guard/
    └─ migration.sql
  └─ 202609260006_recovery_backup_media_identity/
    └─ migration.sql
  └─ 202609260007_recovery_delta_resolution/
    └─ migration.sql
  └─ 202609270001_talent_domain_v2/
    └─ migration.sql
  └─ 202609270002_talent_merge_history/
    └─ migration.sql
  └─ 202609270003_talent_transfer/
    └─ migration.sql
  └─ 202609270004_capability_transfer/
    └─ migration.sql
  └─ 202609270005_external_ref_transfer/
    └─ migration.sql
  └─ 202609270006_representation_transfer/
    └─ migration.sql
  └─ 202609270007_field_evidence_transfer/
    └─ migration.sql
  └─ 202609270008_credential_transfer/
    └─ migration.sql
  └─ 202609280001_credential_media_transfer/
    └─ migration.sql
  └─ 202609280002_collection_transfer/
    └─ migration.sql
  └─ 202609280003_adult_eligibility_transfer/
    └─ migration.sql
  └─ 202609280004_identity_evidence_transfer/
    └─ migration.sql
  └─ 202609280005_merge_history_transfer/
    └─ migration.sql
  └─ 202609280006_candidate_review_lineage/
    └─ migration.sql
  └─ 202609280007_identity_retention_permission/
    └─ migration.sql
  └─ 202609280008_merge_history_erasure/
    └─ migration.sql
  └─ 202609280009_internal_locale_texts/
    └─ migration.sql
  └─ 202609280010_locale_dependency_identity/
    └─ migration.sql
  └─ 202609280011_locale_transfer/
    └─ migration.sql
  └─ 202609280012_locale_merge/
    └─ migration.sql
  └─ 202609280013_ai_dispatch_ledger/
    └─ migration.sql
  └─ 202609280014_ai_business/
    └─ migration.sql
  └─ 202609280015_ai_operations/
    └─ migration.sql
  └─ 202609290001_ai_connections/
    └─ migration.sql
  └─ 202609290002_media_documents_video/
    └─ migration.sql
  └─ 202609290003_project_parties/
    └─ migration.sql
  └─ 202609290004_project_party_export_fields/
    └─ migration.sql
  └─ 202609290005_media_erased_limits/
    └─ migration.sql
  └─ 202609300001_talent_experience_pr01b/
    └─ migration.sql
  └─ 202610010001_talent_auth_principals/
    └─ migration.sql
  └─ 202610010002_talent_auth_key_binding/
    └─ migration.sql
  └─ 202610010003_talent_maintenance/
    └─ migration.sql
  └─ 202610010004_talent_basis_rebuild/
    └─ migration.sql
  └─ 202610010005_talent_maintenance_permissions/
    └─ migration.sql
  └─ 202610010006_talent_submission_ownership/
    └─ migration.sql
  └─ 202610010007_media_ownership/
    └─ migration.sql
  └─ 202610010008_media_collections/
    └─ migration.sql
      
All migrations have been successfully applied.
TAP version 13
# PASS TD2 PG: explicit conflicts, immutable history, raw SQL lineage guards; typed merge stable IDs, original sources, role links, audit rollback, retry and replay
# PASS TD2 evidence history PG: paginated current/stale field support, suspended sources and original review attribution; restricted fields and machine reads rejected
# PASS real PostgreSQL independent source evidence cleanup: preserved facts/provenance, audit rollback/retry and final erasure
# PASS real PostgreSQL source fact choices: independent complete retention, cross-source children, candidate role review, atomic rollback and final retained origin
# Subtest: TD2 real PostgreSQL professional merge rollback and retry
ok 1 - TD2 real PostgreSQL professional merge rollback and retry
  ---
  duration_ms: 19819.80325
  type: 'test'
  ...
1..1
# tests 1
# suites 0
# pass 1
# fail 0
# cancelled 0
# skipped 0
# todo 0
# duration_ms 20059.735875
Prisma schema loaded from prisma/schema.prisma
Datasource "db": PostgreSQL database "once_test_td2_transfer_pr03cf_full2", schema "public" at "127.0.0.1:56531"

63 migrations found in prisma/migrations

Applying migration `202609220001_initial`
Applying migration `202609230001_source_history`
Applying migration `202609230002_record_handoffs`
Applying migration `202609230003_private_images`
Applying migration `202609240001_works_projects`
Applying migration `202609240002_search_shortlists`
Applying migration `202609240003_shortlist_asset_unlink`
Applying migration `202609240004_search_facts_sql`
Applying migration `202609240005_dictionary_search_namespaces`
Applying migration `202609240006_export_dependencies`
Applying migration `202609240007_export_payload_json_null`
Applying migration `202609240008_deletion_impact_preview`
Applying migration `202609240009_deletion_blocking`
Applying migration `202609240010_deletion_retention_plan`
Applying migration `202609240011_deletion_cleanup_execution`
Applying migration `202609240012_cleanup_null_guards`
Applying migration `202609250001_deletion_finalization_states`
Applying migration `202609250002_person_merge_foundation`
Applying migration `202609250003_person_merge_integrity`
Applying migration `202609260001_recovery_runs`
Applying migration `202609260002_recovery_inspection`
Applying migration `202609260003_recovery_report_guards`
Applying migration `202609260004_recovery_approval_evidence`
Applying migration `202609260005_recovery_approval_media_guard`
Applying migration `202609260006_recovery_backup_media_identity`
Applying migration `202609260007_recovery_delta_resolution`
Applying migration `202609270001_talent_domain_v2`
Applying migration `202609270002_talent_merge_history`
Applying migration `202609270003_talent_transfer`
Applying migration `202609270004_capability_transfer`
Applying migration `202609270005_external_ref_transfer`
Applying migration `202609270006_representation_transfer`
Applying migration `202609270007_field_evidence_transfer`
Applying migration `202609270008_credential_transfer`
Applying migration `202609280001_credential_media_transfer`
Applying migration `202609280002_collection_transfer`
Applying migration `202609280003_adult_eligibility_transfer`
Applying migration `202609280004_identity_evidence_transfer`
Applying migration `202609280005_merge_history_transfer`
Applying migration `202609280006_candidate_review_lineage`
Applying migration `202609280007_identity_retention_permission`
Applying migration `202609280008_merge_history_erasure`
Applying migration `202609280009_internal_locale_texts`
Applying migration `202609280010_locale_dependency_identity`
Applying migration `202609280011_locale_transfer`
Applying migration `202609280012_locale_merge`
Applying migration `202609280013_ai_dispatch_ledger`
Applying migration `202609280014_ai_business`
Applying migration `202609280015_ai_operations`
Applying migration `202609290001_ai_connections`
Applying migration `202609290002_media_documents_video`
Applying migration `202609290003_project_parties`
Applying migration `202609290004_project_party_export_fields`
Applying migration `202609290005_media_erased_limits`
Applying migration `202609300001_talent_experience_pr01b`
Applying migration `202610010001_talent_auth_principals`
Applying migration `202610010002_talent_auth_key_binding`
Applying migration `202610010003_talent_maintenance`
Applying migration `202610010004_talent_basis_rebuild`
Applying migration `202610010005_talent_maintenance_permissions`
Applying migration `202610010006_talent_submission_ownership`
Applying migration `202610010007_media_ownership`
Applying migration `202610010008_media_collections`

The following migration(s) have been applied:

migrations/
  └─ 202609220001_initial/
    └─ migration.sql
  └─ 202609230001_source_history/
    └─ migration.sql
  └─ 202609230002_record_handoffs/
    └─ migration.sql
  └─ 202609230003_private_images/
    └─ migration.sql
  └─ 202609240001_works_projects/
    └─ migration.sql
  └─ 202609240002_search_shortlists/
    └─ migration.sql
  └─ 202609240003_shortlist_asset_unlink/
    └─ migration.sql
  └─ 202609240004_search_facts_sql/
    └─ migration.sql
  └─ 202609240005_dictionary_search_namespaces/
    └─ migration.sql
  └─ 202609240006_export_dependencies/
    └─ migration.sql
  └─ 202609240007_export_payload_json_null/
    └─ migration.sql
  └─ 202609240008_deletion_impact_preview/
    └─ migration.sql
  └─ 202609240009_deletion_blocking/
    └─ migration.sql
  └─ 202609240010_deletion_retention_plan/
    └─ migration.sql
  └─ 202609240011_deletion_cleanup_execution/
    └─ migration.sql
  └─ 202609240012_cleanup_null_guards/
    └─ migration.sql
  └─ 202609250001_deletion_finalization_states/
    └─ migration.sql
  └─ 202609250002_person_merge_foundation/
    └─ migration.sql
  └─ 202609250003_person_merge_integrity/
    └─ migration.sql
  └─ 202609260001_recovery_runs/
    └─ migration.sql
  └─ 202609260002_recovery_inspection/
    └─ migration.sql
  └─ 202609260003_recovery_report_guards/
    └─ migration.sql
  └─ 202609260004_recovery_approval_evidence/
    └─ migration.sql
  └─ 202609260005_recovery_approval_media_guard/
    └─ migration.sql
  └─ 202609260006_recovery_backup_media_identity/
    └─ migration.sql
  └─ 202609260007_recovery_delta_resolution/
    └─ migration.sql
  └─ 202609270001_talent_domain_v2/
    └─ migration.sql
  └─ 202609270002_talent_merge_history/
    └─ migration.sql
  └─ 202609270003_talent_transfer/
    └─ migration.sql
  └─ 202609270004_capability_transfer/
    └─ migration.sql
  └─ 202609270005_external_ref_transfer/
    └─ migration.sql
  └─ 202609270006_representation_transfer/
    └─ migration.sql
  └─ 202609270007_field_evidence_transfer/
    └─ migration.sql
  └─ 202609270008_credential_transfer/
    └─ migration.sql
  └─ 202609280001_credential_media_transfer/
    └─ migration.sql
  └─ 202609280002_collection_transfer/
    └─ migration.sql
  └─ 202609280003_adult_eligibility_transfer/
    └─ migration.sql
  └─ 202609280004_identity_evidence_transfer/
    └─ migration.sql
  └─ 202609280005_merge_history_transfer/
    └─ migration.sql
  └─ 202609280006_candidate_review_lineage/
    └─ migration.sql
  └─ 202609280007_identity_retention_permission/
    └─ migration.sql
  └─ 202609280008_merge_history_erasure/
    └─ migration.sql
  └─ 202609280009_internal_locale_texts/
    └─ migration.sql
  └─ 202609280010_locale_dependency_identity/
    └─ migration.sql
  └─ 202609280011_locale_transfer/
    └─ migration.sql
  └─ 202609280012_locale_merge/
    └─ migration.sql
  └─ 202609280013_ai_dispatch_ledger/
    └─ migration.sql
  └─ 202609280014_ai_business/
    └─ migration.sql
  └─ 202609280015_ai_operations/
    └─ migration.sql
  └─ 202609290001_ai_connections/
    └─ migration.sql
  └─ 202609290002_media_documents_video/
    └─ migration.sql
  └─ 202609290003_project_parties/
    └─ migration.sql
  └─ 202609290004_project_party_export_fields/
    └─ migration.sql
  └─ 202609290005_media_erased_limits/
    └─ migration.sql
  └─ 202609300001_talent_experience_pr01b/
    └─ migration.sql
  └─ 202610010001_talent_auth_principals/
    └─ migration.sql
  └─ 202610010002_talent_auth_key_binding/
    └─ migration.sql
  └─ 202610010003_talent_maintenance/
    └─ migration.sql
  └─ 202610010004_talent_basis_rebuild/
    └─ migration.sql
  └─ 202610010005_talent_maintenance_permissions/
    └─ migration.sql
  └─ 202610010006_talent_submission_ownership/
    └─ migration.sql
  └─ 202610010007_media_ownership/
    └─ migration.sql
  └─ 202610010008_media_collections/
    └─ migration.sql
      
All migrations have been successfully applied.
Prisma schema loaded from prisma/schema.prisma
Datasource "db": PostgreSQL database "once_rebuild_td2_pr03cf_full2", schema "public" at "127.0.0.1:56531"

63 migrations found in prisma/migrations

Applying migration `202609220001_initial`
Applying migration `202609230001_source_history`
Applying migration `202609230002_record_handoffs`
Applying migration `202609230003_private_images`
Applying migration `202609240001_works_projects`
Applying migration `202609240002_search_shortlists`
Applying migration `202609240003_shortlist_asset_unlink`
Applying migration `202609240004_search_facts_sql`
Applying migration `202609240005_dictionary_search_namespaces`
Applying migration `202609240006_export_dependencies`
Applying migration `202609240007_export_payload_json_null`
Applying migration `202609240008_deletion_impact_preview`
Applying migration `202609240009_deletion_blocking`
Applying migration `202609240010_deletion_retention_plan`
Applying migration `202609240011_deletion_cleanup_execution`
Applying migration `202609240012_cleanup_null_guards`
Applying migration `202609250001_deletion_finalization_states`
Applying migration `202609250002_person_merge_foundation`
Applying migration `202609250003_person_merge_integrity`
Applying migration `202609260001_recovery_runs`
Applying migration `202609260002_recovery_inspection`
Applying migration `202609260003_recovery_report_guards`
Applying migration `202609260004_recovery_approval_evidence`
Applying migration `202609260005_recovery_approval_media_guard`
Applying migration `202609260006_recovery_backup_media_identity`
Applying migration `202609260007_recovery_delta_resolution`
Applying migration `202609270001_talent_domain_v2`
Applying migration `202609270002_talent_merge_history`
Applying migration `202609270003_talent_transfer`
Applying migration `202609270004_capability_transfer`
Applying migration `202609270005_external_ref_transfer`
Applying migration `202609270006_representation_transfer`
Applying migration `202609270007_field_evidence_transfer`
Applying migration `202609270008_credential_transfer`
Applying migration `202609280001_credential_media_transfer`
Applying migration `202609280002_collection_transfer`
Applying migration `202609280003_adult_eligibility_transfer`
Applying migration `202609280004_identity_evidence_transfer`
Applying migration `202609280005_merge_history_transfer`
Applying migration `202609280006_candidate_review_lineage`
Applying migration `202609280007_identity_retention_permission`
Applying migration `202609280008_merge_history_erasure`
Applying migration `202609280009_internal_locale_texts`
Applying migration `202609280010_locale_dependency_identity`
Applying migration `202609280011_locale_transfer`
Applying migration `202609280012_locale_merge`
Applying migration `202609280013_ai_dispatch_ledger`
Applying migration `202609280014_ai_business`
Applying migration `202609280015_ai_operations`
Applying migration `202609290001_ai_connections`
Applying migration `202609290002_media_documents_video`
Applying migration `202609290003_project_parties`
Applying migration `202609290004_project_party_export_fields`
Applying migration `202609290005_media_erased_limits`
Applying migration `202609300001_talent_experience_pr01b`
Applying migration `202610010001_talent_auth_principals`
Applying migration `202610010002_talent_auth_key_binding`
Applying migration `202610010003_talent_maintenance`
Applying migration `202610010004_talent_basis_rebuild`
Applying migration `202610010005_talent_maintenance_permissions`
Applying migration `202610010006_talent_submission_ownership`
Applying migration `202610010007_media_ownership`
Applying migration `202610010008_media_collections`

The following migration(s) have been applied:

migrations/
  └─ 202609220001_initial/
    └─ migration.sql
  └─ 202609230001_source_history/
    └─ migration.sql
  └─ 202609230002_record_handoffs/
    └─ migration.sql
  └─ 202609230003_private_images/
    └─ migration.sql
  └─ 202609240001_works_projects/
    └─ migration.sql
  └─ 202609240002_search_shortlists/
    └─ migration.sql
  └─ 202609240003_shortlist_asset_unlink/
    └─ migration.sql
  └─ 202609240004_search_facts_sql/
    └─ migration.sql
  └─ 202609240005_dictionary_search_namespaces/
    └─ migration.sql
  └─ 202609240006_export_dependencies/
    └─ migration.sql
  └─ 202609240007_export_payload_json_null/
    └─ migration.sql
  └─ 202609240008_deletion_impact_preview/
    └─ migration.sql
  └─ 202609240009_deletion_blocking/
    └─ migration.sql
  └─ 202609240010_deletion_retention_plan/
    └─ migration.sql
  └─ 202609240011_deletion_cleanup_execution/
    └─ migration.sql
  └─ 202609240012_cleanup_null_guards/
    └─ migration.sql
  └─ 202609250001_deletion_finalization_states/
    └─ migration.sql
  └─ 202609250002_person_merge_foundation/
    └─ migration.sql
  └─ 202609250003_person_merge_integrity/
    └─ migration.sql
  └─ 202609260001_recovery_runs/
    └─ migration.sql
  └─ 202609260002_recovery_inspection/
    └─ migration.sql
  └─ 202609260003_recovery_report_guards/
    └─ migration.sql
  └─ 202609260004_recovery_approval_evidence/
    └─ migration.sql
  └─ 202609260005_recovery_approval_media_guard/
    └─ migration.sql
  └─ 202609260006_recovery_backup_media_identity/
    └─ migration.sql
  └─ 202609260007_recovery_delta_resolution/
    └─ migration.sql
  └─ 202609270001_talent_domain_v2/
    └─ migration.sql
  └─ 202609270002_talent_merge_history/
    └─ migration.sql
  └─ 202609270003_talent_transfer/
    └─ migration.sql
  └─ 202609270004_capability_transfer/
    └─ migration.sql
  └─ 202609270005_external_ref_transfer/
    └─ migration.sql
  └─ 202609270006_representation_transfer/
    └─ migration.sql
  └─ 202609270007_field_evidence_transfer/
    └─ migration.sql
  └─ 202609270008_credential_transfer/
    └─ migration.sql
  └─ 202609280001_credential_media_transfer/
    └─ migration.sql
  └─ 202609280002_collection_transfer/
    └─ migration.sql
  └─ 202609280003_adult_eligibility_transfer/
    └─ migration.sql
  └─ 202609280004_identity_evidence_transfer/
    └─ migration.sql
  └─ 202609280005_merge_history_transfer/
    └─ migration.sql
  └─ 202609280006_candidate_review_lineage/
    └─ migration.sql
  └─ 202609280007_identity_retention_permission/
    └─ migration.sql
  └─ 202609280008_merge_history_erasure/
    └─ migration.sql
  └─ 202609280009_internal_locale_texts/
    └─ migration.sql
  └─ 202609280010_locale_dependency_identity/
    └─ migration.sql
  └─ 202609280011_locale_transfer/
    └─ migration.sql
  └─ 202609280012_locale_merge/
    └─ migration.sql
  └─ 202609280013_ai_dispatch_ledger/
    └─ migration.sql
  └─ 202609280014_ai_business/
    └─ migration.sql
  └─ 202609280015_ai_operations/
    └─ migration.sql
  └─ 202609290001_ai_connections/
    └─ migration.sql
  └─ 202609290002_media_documents_video/
    └─ migration.sql
  └─ 202609290003_project_parties/
    └─ migration.sql
  └─ 202609290004_project_party_export_fields/
    └─ migration.sql
  └─ 202609290005_media_erased_limits/
    └─ migration.sql
  └─ 202609300001_talent_experience_pr01b/
    └─ migration.sql
  └─ 202610010001_talent_auth_principals/
    └─ migration.sql
  └─ 202610010002_talent_auth_key_binding/
    └─ migration.sql
  └─ 202610010003_talent_maintenance/
    └─ migration.sql
  └─ 202610010004_talent_basis_rebuild/
    └─ migration.sql
  └─ 202610010005_talent_maintenance_permissions/
    └─ migration.sql
  └─ 202610010006_talent_submission_ownership/
    └─ migration.sql
  └─ 202610010007_media_ownership/
    └─ migration.sql
  └─ 202610010008_media_collections/
    └─ migration.sql
      
All migrations have been successfully applied.
TAP version 13
# PASS TD2 transfer PG: real CLI check/apply, exact source permits, typed UUID/role/measurement links, original field values, credential identifiers re-encrypted under target key and workspace, wrong key rejected without writes, unknown/cross-person references rejected, audit rollback and retry, populated target rejected, revoked source grant blocks download
# Subtest: TD2 PostgreSQL controlled multi-source export and isolated typed rebuild preserve UUIDs and roll back audit failure
ok 1 - TD2 PostgreSQL controlled multi-source export and isolated typed rebuild preserve UUIDs and roll back audit failure
  ---
  duration_ms: 4751.727167
  type: 'test'
  ...
1..1
# tests 1
# suites 0
# pass 1
# fail 0
# cancelled 0
# skipped 0
# todo 0
# duration_ms 4971.231083
Prisma schema loaded from prisma/schema.prisma
Datasource "db": PostgreSQL database "once_test_td2_retained_pr03cf_full2", schema "public" at "127.0.0.1:56531"

63 migrations found in prisma/migrations

Applying migration `202609220001_initial`
Applying migration `202609230001_source_history`
Applying migration `202609230002_record_handoffs`
Applying migration `202609230003_private_images`
Applying migration `202609240001_works_projects`
Applying migration `202609240002_search_shortlists`
Applying migration `202609240003_shortlist_asset_unlink`
Applying migration `202609240004_search_facts_sql`
Applying migration `202609240005_dictionary_search_namespaces`
Applying migration `202609240006_export_dependencies`
Applying migration `202609240007_export_payload_json_null`
Applying migration `202609240008_deletion_impact_preview`
Applying migration `202609240009_deletion_blocking`
Applying migration `202609240010_deletion_retention_plan`
Applying migration `202609240011_deletion_cleanup_execution`
Applying migration `202609240012_cleanup_null_guards`
Applying migration `202609250001_deletion_finalization_states`
Applying migration `202609250002_person_merge_foundation`
Applying migration `202609250003_person_merge_integrity`
Applying migration `202609260001_recovery_runs`
Applying migration `202609260002_recovery_inspection`
Applying migration `202609260003_recovery_report_guards`
Applying migration `202609260004_recovery_approval_evidence`
Applying migration `202609260005_recovery_approval_media_guard`
Applying migration `202609260006_recovery_backup_media_identity`
Applying migration `202609260007_recovery_delta_resolution`
Applying migration `202609270001_talent_domain_v2`
Applying migration `202609270002_talent_merge_history`
Applying migration `202609270003_talent_transfer`
Applying migration `202609270004_capability_transfer`
Applying migration `202609270005_external_ref_transfer`
Applying migration `202609270006_representation_transfer`
Applying migration `202609270007_field_evidence_transfer`
Applying migration `202609270008_credential_transfer`
Applying migration `202609280001_credential_media_transfer`
Applying migration `202609280002_collection_transfer`
Applying migration `202609280003_adult_eligibility_transfer`
Applying migration `202609280004_identity_evidence_transfer`
Applying migration `202609280005_merge_history_transfer`
Applying migration `202609280006_candidate_review_lineage`
Applying migration `202609280007_identity_retention_permission`
Applying migration `202609280008_merge_history_erasure`
Applying migration `202609280009_internal_locale_texts`
Applying migration `202609280010_locale_dependency_identity`
Applying migration `202609280011_locale_transfer`
Applying migration `202609280012_locale_merge`
Applying migration `202609280013_ai_dispatch_ledger`
Applying migration `202609280014_ai_business`
Applying migration `202609280015_ai_operations`
Applying migration `202609290001_ai_connections`
Applying migration `202609290002_media_documents_video`
Applying migration `202609290003_project_parties`
Applying migration `202609290004_project_party_export_fields`
Applying migration `202609290005_media_erased_limits`
Applying migration `202609300001_talent_experience_pr01b`
Applying migration `202610010001_talent_auth_principals`
Applying migration `202610010002_talent_auth_key_binding`
Applying migration `202610010003_talent_maintenance`
Applying migration `202610010004_talent_basis_rebuild`
Applying migration `202610010005_talent_maintenance_permissions`
Applying migration `202610010006_talent_submission_ownership`
Applying migration `202610010007_media_ownership`
Applying migration `202610010008_media_collections`

The following migration(s) have been applied:

migrations/
  └─ 202609220001_initial/
    └─ migration.sql
  └─ 202609230001_source_history/
    └─ migration.sql
  └─ 202609230002_record_handoffs/
    └─ migration.sql
  └─ 202609230003_private_images/
    └─ migration.sql
  └─ 202609240001_works_projects/
    └─ migration.sql
  └─ 202609240002_search_shortlists/
    └─ migration.sql
  └─ 202609240003_shortlist_asset_unlink/
    └─ migration.sql
  └─ 202609240004_search_facts_sql/
    └─ migration.sql
  └─ 202609240005_dictionary_search_namespaces/
    └─ migration.sql
  └─ 202609240006_export_dependencies/
    └─ migration.sql
  └─ 202609240007_export_payload_json_null/
    └─ migration.sql
  └─ 202609240008_deletion_impact_preview/
    └─ migration.sql
  └─ 202609240009_deletion_blocking/
    └─ migration.sql
  └─ 202609240010_deletion_retention_plan/
    └─ migration.sql
  └─ 202609240011_deletion_cleanup_execution/
    └─ migration.sql
  └─ 202609240012_cleanup_null_guards/
    └─ migration.sql
  └─ 202609250001_deletion_finalization_states/
    └─ migration.sql
  └─ 202609250002_person_merge_foundation/
    └─ migration.sql
  └─ 202609250003_person_merge_integrity/
    └─ migration.sql
  └─ 202609260001_recovery_runs/
    └─ migration.sql
  └─ 202609260002_recovery_inspection/
    └─ migration.sql
  └─ 202609260003_recovery_report_guards/
    └─ migration.sql
  └─ 202609260004_recovery_approval_evidence/
    └─ migration.sql
  └─ 202609260005_recovery_approval_media_guard/
    └─ migration.sql
  └─ 202609260006_recovery_backup_media_identity/
    └─ migration.sql
  └─ 202609260007_recovery_delta_resolution/
    └─ migration.sql
  └─ 202609270001_talent_domain_v2/
    └─ migration.sql
  └─ 202609270002_talent_merge_history/
    └─ migration.sql
  └─ 202609270003_talent_transfer/
    └─ migration.sql
  └─ 202609270004_capability_transfer/
    └─ migration.sql
  └─ 202609270005_external_ref_transfer/
    └─ migration.sql
  └─ 202609270006_representation_transfer/
    └─ migration.sql
  └─ 202609270007_field_evidence_transfer/
    └─ migration.sql
  └─ 202609270008_credential_transfer/
    └─ migration.sql
  └─ 202609280001_credential_media_transfer/
    └─ migration.sql
  └─ 202609280002_collection_transfer/
    └─ migration.sql
  └─ 202609280003_adult_eligibility_transfer/
    └─ migration.sql
  └─ 202609280004_identity_evidence_transfer/
    └─ migration.sql
  └─ 202609280005_merge_history_transfer/
    └─ migration.sql
  └─ 202609280006_candidate_review_lineage/
    └─ migration.sql
  └─ 202609280007_identity_retention_permission/
    └─ migration.sql
  └─ 202609280008_merge_history_erasure/
    └─ migration.sql
  └─ 202609280009_internal_locale_texts/
    └─ migration.sql
  └─ 202609280010_locale_dependency_identity/
    └─ migration.sql
  └─ 202609280011_locale_transfer/
    └─ migration.sql
  └─ 202609280012_locale_merge/
    └─ migration.sql
  └─ 202609280013_ai_dispatch_ledger/
    └─ migration.sql
  └─ 202609280014_ai_business/
    └─ migration.sql
  └─ 202609280015_ai_operations/
    └─ migration.sql
  └─ 202609290001_ai_connections/
    └─ migration.sql
  └─ 202609290002_media_documents_video/
    └─ migration.sql
  └─ 202609290003_project_parties/
    └─ migration.sql
  └─ 202609290004_project_party_export_fields/
    └─ migration.sql
  └─ 202609290005_media_erased_limits/
    └─ migration.sql
  └─ 202609300001_talent_experience_pr01b/
    └─ migration.sql
  └─ 202610010001_talent_auth_principals/
    └─ migration.sql
  └─ 202610010002_talent_auth_key_binding/
    └─ migration.sql
  └─ 202610010003_talent_maintenance/
    └─ migration.sql
  └─ 202610010004_talent_basis_rebuild/
    └─ migration.sql
  └─ 202610010005_talent_maintenance_permissions/
    └─ migration.sql
  └─ 202610010006_talent_submission_ownership/
    └─ migration.sql
  └─ 202610010007_media_ownership/
    └─ migration.sql
  └─ 202610010008_media_collections/
    └─ migration.sql
      
All migrations have been successfully applied.
Prisma schema loaded from prisma/schema.prisma
Datasource "db": PostgreSQL database "once_rebuild_retained_pr03cf_full2", schema "public" at "127.0.0.1:56531"

63 migrations found in prisma/migrations

Applying migration `202609220001_initial`
Applying migration `202609230001_source_history`
Applying migration `202609230002_record_handoffs`
Applying migration `202609230003_private_images`
Applying migration `202609240001_works_projects`
Applying migration `202609240002_search_shortlists`
Applying migration `202609240003_shortlist_asset_unlink`
Applying migration `202609240004_search_facts_sql`
Applying migration `202609240005_dictionary_search_namespaces`
Applying migration `202609240006_export_dependencies`
Applying migration `202609240007_export_payload_json_null`
Applying migration `202609240008_deletion_impact_preview`
Applying migration `202609240009_deletion_blocking`
Applying migration `202609240010_deletion_retention_plan`
Applying migration `202609240011_deletion_cleanup_execution`
Applying migration `202609240012_cleanup_null_guards`
Applying migration `202609250001_deletion_finalization_states`
Applying migration `202609250002_person_merge_foundation`
Applying migration `202609250003_person_merge_integrity`
Applying migration `202609260001_recovery_runs`
Applying migration `202609260002_recovery_inspection`
Applying migration `202609260003_recovery_report_guards`
Applying migration `202609260004_recovery_approval_evidence`
Applying migration `202609260005_recovery_approval_media_guard`
Applying migration `202609260006_recovery_backup_media_identity`
Applying migration `202609260007_recovery_delta_resolution`
Applying migration `202609270001_talent_domain_v2`
Applying migration `202609270002_talent_merge_history`
Applying migration `202609270003_talent_transfer`
Applying migration `202609270004_capability_transfer`
Applying migration `202609270005_external_ref_transfer`
Applying migration `202609270006_representation_transfer`
Applying migration `202609270007_field_evidence_transfer`
Applying migration `202609270008_credential_transfer`
Applying migration `202609280001_credential_media_transfer`
Applying migration `202609280002_collection_transfer`
Applying migration `202609280003_adult_eligibility_transfer`
Applying migration `202609280004_identity_evidence_transfer`
Applying migration `202609280005_merge_history_transfer`
Applying migration `202609280006_candidate_review_lineage`
Applying migration `202609280007_identity_retention_permission`
Applying migration `202609280008_merge_history_erasure`
Applying migration `202609280009_internal_locale_texts`
Applying migration `202609280010_locale_dependency_identity`
Applying migration `202609280011_locale_transfer`
Applying migration `202609280012_locale_merge`
Applying migration `202609280013_ai_dispatch_ledger`
Applying migration `202609280014_ai_business`
Applying migration `202609280015_ai_operations`
Applying migration `202609290001_ai_connections`
Applying migration `202609290002_media_documents_video`
Applying migration `202609290003_project_parties`
Applying migration `202609290004_project_party_export_fields`
Applying migration `202609290005_media_erased_limits`
Applying migration `202609300001_talent_experience_pr01b`
Applying migration `202610010001_talent_auth_principals`
Applying migration `202610010002_talent_auth_key_binding`
Applying migration `202610010003_talent_maintenance`
Applying migration `202610010004_talent_basis_rebuild`
Applying migration `202610010005_talent_maintenance_permissions`
Applying migration `202610010006_talent_submission_ownership`
Applying migration `202610010007_media_ownership`
Applying migration `202610010008_media_collections`

The following migration(s) have been applied:

migrations/
  └─ 202609220001_initial/
    └─ migration.sql
  └─ 202609230001_source_history/
    └─ migration.sql
  └─ 202609230002_record_handoffs/
    └─ migration.sql
  └─ 202609230003_private_images/
    └─ migration.sql
  └─ 202609240001_works_projects/
    └─ migration.sql
  └─ 202609240002_search_shortlists/
    └─ migration.sql
  └─ 202609240003_shortlist_asset_unlink/
    └─ migration.sql
  └─ 202609240004_search_facts_sql/
    └─ migration.sql
  └─ 202609240005_dictionary_search_namespaces/
    └─ migration.sql
  └─ 202609240006_export_dependencies/
    └─ migration.sql
  └─ 202609240007_export_payload_json_null/
    └─ migration.sql
  └─ 202609240008_deletion_impact_preview/
    └─ migration.sql
  └─ 202609240009_deletion_blocking/
    └─ migration.sql
  └─ 202609240010_deletion_retention_plan/
    └─ migration.sql
  └─ 202609240011_deletion_cleanup_execution/
    └─ migration.sql
  └─ 202609240012_cleanup_null_guards/
    └─ migration.sql
  └─ 202609250001_deletion_finalization_states/
    └─ migration.sql
  └─ 202609250002_person_merge_foundation/
    └─ migration.sql
  └─ 202609250003_person_merge_integrity/
    └─ migration.sql
  └─ 202609260001_recovery_runs/
    └─ migration.sql
  └─ 202609260002_recovery_inspection/
    └─ migration.sql
  └─ 202609260003_recovery_report_guards/
    └─ migration.sql
  └─ 202609260004_recovery_approval_evidence/
    └─ migration.sql
  └─ 202609260005_recovery_approval_media_guard/
    └─ migration.sql
  └─ 202609260006_recovery_backup_media_identity/
    └─ migration.sql
  └─ 202609260007_recovery_delta_resolution/
    └─ migration.sql
  └─ 202609270001_talent_domain_v2/
    └─ migration.sql
  └─ 202609270002_talent_merge_history/
    └─ migration.sql
  └─ 202609270003_talent_transfer/
    └─ migration.sql
  └─ 202609270004_capability_transfer/
    └─ migration.sql
  └─ 202609270005_external_ref_transfer/
    └─ migration.sql
  └─ 202609270006_representation_transfer/
    └─ migration.sql
  └─ 202609270007_field_evidence_transfer/
    └─ migration.sql
  └─ 202609270008_credential_transfer/
    └─ migration.sql
  └─ 202609280001_credential_media_transfer/
    └─ migration.sql
  └─ 202609280002_collection_transfer/
    └─ migration.sql
  └─ 202609280003_adult_eligibility_transfer/
    └─ migration.sql
  └─ 202609280004_identity_evidence_transfer/
    └─ migration.sql
  └─ 202609280005_merge_history_transfer/
    └─ migration.sql
  └─ 202609280006_candidate_review_lineage/
    └─ migration.sql
  └─ 202609280007_identity_retention_permission/
    └─ migration.sql
  └─ 202609280008_merge_history_erasure/
    └─ migration.sql
  └─ 202609280009_internal_locale_texts/
    └─ migration.sql
  └─ 202609280010_locale_dependency_identity/
    └─ migration.sql
  └─ 202609280011_locale_transfer/
    └─ migration.sql
  └─ 202609280012_locale_merge/
    └─ migration.sql
  └─ 202609280013_ai_dispatch_ledger/
    └─ migration.sql
  └─ 202609280014_ai_business/
    └─ migration.sql
  └─ 202609280015_ai_operations/
    └─ migration.sql
  └─ 202609290001_ai_connections/
    └─ migration.sql
  └─ 202609290002_media_documents_video/
    └─ migration.sql
  └─ 202609290003_project_parties/
    └─ migration.sql
  └─ 202609290004_project_party_export_fields/
    └─ migration.sql
  └─ 202609290005_media_erased_limits/
    └─ migration.sql
  └─ 202609300001_talent_experience_pr01b/
    └─ migration.sql
  └─ 202610010001_talent_auth_principals/
    └─ migration.sql
  └─ 202610010002_talent_auth_key_binding/
    └─ migration.sql
  └─ 202610010003_talent_maintenance/
    └─ migration.sql
  └─ 202610010004_talent_basis_rebuild/
    └─ migration.sql
  └─ 202610010005_talent_maintenance_permissions/
    └─ migration.sql
  └─ 202610010006_talent_submission_ownership/
    └─ migration.sql
  └─ 202610010007_media_ownership/
    └─ migration.sql
  └─ 202610010008_media_collections/
    └─ migration.sql
      
All migrations have been successfully applied.
TAP version 13
# PASS TD2 retained origin PG: actual CLI preview/apply, full independent field proof and source grants, exact language and reviewer preservation, erased-source reactivation denied, transaction audit rollback and repeat export
# Subtest: TD2 PostgreSQL retained-origin export and real CLI rebuild preserve erased minimal headers, original evidence and audit rollback
ok 1 - TD2 PostgreSQL retained-origin export and real CLI rebuild preserve erased minimal headers, original evidence and audit rollback
  ---
  duration_ms: 4070.713834
  type: 'test'
  ...
1..1
# tests 1
# suites 0
# pass 1
# fail 0
# cancelled 0
# skipped 0
# todo 0
# duration_ms 4271.53925
Prisma schema loaded from prisma/schema.prisma
Datasource "db": PostgreSQL database "once_test_td2_identity_origin_pr03cf_full2", schema "public" at "127.0.0.1:56531"

63 migrations found in prisma/migrations

Applying migration `202609220001_initial`
Applying migration `202609230001_source_history`
Applying migration `202609230002_record_handoffs`
Applying migration `202609230003_private_images`
Applying migration `202609240001_works_projects`
Applying migration `202609240002_search_shortlists`
Applying migration `202609240003_shortlist_asset_unlink`
Applying migration `202609240004_search_facts_sql`
Applying migration `202609240005_dictionary_search_namespaces`
Applying migration `202609240006_export_dependencies`
Applying migration `202609240007_export_payload_json_null`
Applying migration `202609240008_deletion_impact_preview`
Applying migration `202609240009_deletion_blocking`
Applying migration `202609240010_deletion_retention_plan`
Applying migration `202609240011_deletion_cleanup_execution`
Applying migration `202609240012_cleanup_null_guards`
Applying migration `202609250001_deletion_finalization_states`
Applying migration `202609250002_person_merge_foundation`
Applying migration `202609250003_person_merge_integrity`
Applying migration `202609260001_recovery_runs`
Applying migration `202609260002_recovery_inspection`
Applying migration `202609260003_recovery_report_guards`
Applying migration `202609260004_recovery_approval_evidence`
Applying migration `202609260005_recovery_approval_media_guard`
Applying migration `202609260006_recovery_backup_media_identity`
Applying migration `202609260007_recovery_delta_resolution`
Applying migration `202609270001_talent_domain_v2`
Applying migration `202609270002_talent_merge_history`
Applying migration `202609270003_talent_transfer`
Applying migration `202609270004_capability_transfer`
Applying migration `202609270005_external_ref_transfer`
Applying migration `202609270006_representation_transfer`
Applying migration `202609270007_field_evidence_transfer`
Applying migration `202609270008_credential_transfer`
Applying migration `202609280001_credential_media_transfer`
Applying migration `202609280002_collection_transfer`
Applying migration `202609280003_adult_eligibility_transfer`
Applying migration `202609280004_identity_evidence_transfer`
Applying migration `202609280005_merge_history_transfer`
Applying migration `202609280006_candidate_review_lineage`
Applying migration `202609280007_identity_retention_permission`
Applying migration `202609280008_merge_history_erasure`
Applying migration `202609280009_internal_locale_texts`
Applying migration `202609280010_locale_dependency_identity`
Applying migration `202609280011_locale_transfer`
Applying migration `202609280012_locale_merge`
Applying migration `202609280013_ai_dispatch_ledger`
Applying migration `202609280014_ai_business`
Applying migration `202609280015_ai_operations`
Applying migration `202609290001_ai_connections`
Applying migration `202609290002_media_documents_video`
Applying migration `202609290003_project_parties`
Applying migration `202609290004_project_party_export_fields`
Applying migration `202609290005_media_erased_limits`
Applying migration `202609300001_talent_experience_pr01b`
Applying migration `202610010001_talent_auth_principals`
Applying migration `202610010002_talent_auth_key_binding`
Applying migration `202610010003_talent_maintenance`
Applying migration `202610010004_talent_basis_rebuild`
Applying migration `202610010005_talent_maintenance_permissions`
Applying migration `202610010006_talent_submission_ownership`
Applying migration `202610010007_media_ownership`
Applying migration `202610010008_media_collections`

The following migration(s) have been applied:

migrations/
  └─ 202609220001_initial/
    └─ migration.sql
  └─ 202609230001_source_history/
    └─ migration.sql
  └─ 202609230002_record_handoffs/
    └─ migration.sql
  └─ 202609230003_private_images/
    └─ migration.sql
  └─ 202609240001_works_projects/
    └─ migration.sql
  └─ 202609240002_search_shortlists/
    └─ migration.sql
  └─ 202609240003_shortlist_asset_unlink/
    └─ migration.sql
  └─ 202609240004_search_facts_sql/
    └─ migration.sql
  └─ 202609240005_dictionary_search_namespaces/
    └─ migration.sql
  └─ 202609240006_export_dependencies/
    └─ migration.sql
  └─ 202609240007_export_payload_json_null/
    └─ migration.sql
  └─ 202609240008_deletion_impact_preview/
    └─ migration.sql
  └─ 202609240009_deletion_blocking/
    └─ migration.sql
  └─ 202609240010_deletion_retention_plan/
    └─ migration.sql
  └─ 202609240011_deletion_cleanup_execution/
    └─ migration.sql
  └─ 202609240012_cleanup_null_guards/
    └─ migration.sql
  └─ 202609250001_deletion_finalization_states/
    └─ migration.sql
  └─ 202609250002_person_merge_foundation/
    └─ migration.sql
  └─ 202609250003_person_merge_integrity/
    └─ migration.sql
  └─ 202609260001_recovery_runs/
    └─ migration.sql
  └─ 202609260002_recovery_inspection/
    └─ migration.sql
  └─ 202609260003_recovery_report_guards/
    └─ migration.sql
  └─ 202609260004_recovery_approval_evidence/
    └─ migration.sql
  └─ 202609260005_recovery_approval_media_guard/
    └─ migration.sql
  └─ 202609260006_recovery_backup_media_identity/
    └─ migration.sql
  └─ 202609260007_recovery_delta_resolution/
    └─ migration.sql
  └─ 202609270001_talent_domain_v2/
    └─ migration.sql
  └─ 202609270002_talent_merge_history/
    └─ migration.sql
  └─ 202609270003_talent_transfer/
    └─ migration.sql
  └─ 202609270004_capability_transfer/
    └─ migration.sql
  └─ 202609270005_external_ref_transfer/
    └─ migration.sql
  └─ 202609270006_representation_transfer/
    └─ migration.sql
  └─ 202609270007_field_evidence_transfer/
    └─ migration.sql
  └─ 202609270008_credential_transfer/
    └─ migration.sql
  └─ 202609280001_credential_media_transfer/
    └─ migration.sql
  └─ 202609280002_collection_transfer/
    └─ migration.sql
  └─ 202609280003_adult_eligibility_transfer/
    └─ migration.sql
  └─ 202609280004_identity_evidence_transfer/
    └─ migration.sql
  └─ 202609280005_merge_history_transfer/
    └─ migration.sql
  └─ 202609280006_candidate_review_lineage/
    └─ migration.sql
  └─ 202609280007_identity_retention_permission/
    └─ migration.sql
  └─ 202609280008_merge_history_erasure/
    └─ migration.sql
  └─ 202609280009_internal_locale_texts/
    └─ migration.sql
  └─ 202609280010_locale_dependency_identity/
    └─ migration.sql
  └─ 202609280011_locale_transfer/
    └─ migration.sql
  └─ 202609280012_locale_merge/
    └─ migration.sql
  └─ 202609280013_ai_dispatch_ledger/
    └─ migration.sql
  └─ 202609280014_ai_business/
    └─ migration.sql
  └─ 202609280015_ai_operations/
    └─ migration.sql
  └─ 202609290001_ai_connections/
    └─ migration.sql
  └─ 202609290002_media_documents_video/
    └─ migration.sql
  └─ 202609290003_project_parties/
    └─ migration.sql
  └─ 202609290004_project_party_export_fields/
    └─ migration.sql
  └─ 202609290005_media_erased_limits/
    └─ migration.sql
  └─ 202609300001_talent_experience_pr01b/
    └─ migration.sql
  └─ 202610010001_talent_auth_principals/
    └─ migration.sql
  └─ 202610010002_talent_auth_key_binding/
    └─ migration.sql
  └─ 202610010003_talent_maintenance/
    └─ migration.sql
  └─ 202610010004_talent_basis_rebuild/
    └─ migration.sql
  └─ 202610010005_talent_maintenance_permissions/
    └─ migration.sql
  └─ 202610010006_talent_submission_ownership/
    └─ migration.sql
  └─ 202610010007_media_ownership/
    └─ migration.sql
  └─ 202610010008_media_collections/
    └─ migration.sql
      
All migrations have been successfully applied.
Prisma schema loaded from prisma/schema.prisma
Datasource "db": PostgreSQL database "once_rebuild_identity_origin_pr03cf_full2", schema "public" at "127.0.0.1:56531"

63 migrations found in prisma/migrations

Applying migration `202609220001_initial`
Applying migration `202609230001_source_history`
Applying migration `202609230002_record_handoffs`
Applying migration `202609230003_private_images`
Applying migration `202609240001_works_projects`
Applying migration `202609240002_search_shortlists`
Applying migration `202609240003_shortlist_asset_unlink`
Applying migration `202609240004_search_facts_sql`
Applying migration `202609240005_dictionary_search_namespaces`
Applying migration `202609240006_export_dependencies`
Applying migration `202609240007_export_payload_json_null`
Applying migration `202609240008_deletion_impact_preview`
Applying migration `202609240009_deletion_blocking`
Applying migration `202609240010_deletion_retention_plan`
Applying migration `202609240011_deletion_cleanup_execution`
Applying migration `202609240012_cleanup_null_guards`
Applying migration `202609250001_deletion_finalization_states`
Applying migration `202609250002_person_merge_foundation`
Applying migration `202609250003_person_merge_integrity`
Applying migration `202609260001_recovery_runs`
Applying migration `202609260002_recovery_inspection`
Applying migration `202609260003_recovery_report_guards`
Applying migration `202609260004_recovery_approval_evidence`
Applying migration `202609260005_recovery_approval_media_guard`
Applying migration `202609260006_recovery_backup_media_identity`
Applying migration `202609260007_recovery_delta_resolution`
Applying migration `202609270001_talent_domain_v2`
Applying migration `202609270002_talent_merge_history`
Applying migration `202609270003_talent_transfer`
Applying migration `202609270004_capability_transfer`
Applying migration `202609270005_external_ref_transfer`
Applying migration `202609270006_representation_transfer`
Applying migration `202609270007_field_evidence_transfer`
Applying migration `202609270008_credential_transfer`
Applying migration `202609280001_credential_media_transfer`
Applying migration `202609280002_collection_transfer`
Applying migration `202609280003_adult_eligibility_transfer`
Applying migration `202609280004_identity_evidence_transfer`
Applying migration `202609280005_merge_history_transfer`
Applying migration `202609280006_candidate_review_lineage`
Applying migration `202609280007_identity_retention_permission`
Applying migration `202609280008_merge_history_erasure`
Applying migration `202609280009_internal_locale_texts`
Applying migration `202609280010_locale_dependency_identity`
Applying migration `202609280011_locale_transfer`
Applying migration `202609280012_locale_merge`
Applying migration `202609280013_ai_dispatch_ledger`
Applying migration `202609280014_ai_business`
Applying migration `202609280015_ai_operations`
Applying migration `202609290001_ai_connections`
Applying migration `202609290002_media_documents_video`
Applying migration `202609290003_project_parties`
Applying migration `202609290004_project_party_export_fields`
Applying migration `202609290005_media_erased_limits`
Applying migration `202609300001_talent_experience_pr01b`
Applying migration `202610010001_talent_auth_principals`
Applying migration `202610010002_talent_auth_key_binding`
Applying migration `202610010003_talent_maintenance`
Applying migration `202610010004_talent_basis_rebuild`
Applying migration `202610010005_talent_maintenance_permissions`
Applying migration `202610010006_talent_submission_ownership`
Applying migration `202610010007_media_ownership`
Applying migration `202610010008_media_collections`

The following migration(s) have been applied:

migrations/
  └─ 202609220001_initial/
    └─ migration.sql
  └─ 202609230001_source_history/
    └─ migration.sql
  └─ 202609230002_record_handoffs/
    └─ migration.sql
  └─ 202609230003_private_images/
    └─ migration.sql
  └─ 202609240001_works_projects/
    └─ migration.sql
  └─ 202609240002_search_shortlists/
    └─ migration.sql
  └─ 202609240003_shortlist_asset_unlink/
    └─ migration.sql
  └─ 202609240004_search_facts_sql/
    └─ migration.sql
  └─ 202609240005_dictionary_search_namespaces/
    └─ migration.sql
  └─ 202609240006_export_dependencies/
    └─ migration.sql
  └─ 202609240007_export_payload_json_null/
    └─ migration.sql
  └─ 202609240008_deletion_impact_preview/
    └─ migration.sql
  └─ 202609240009_deletion_blocking/
    └─ migration.sql
  └─ 202609240010_deletion_retention_plan/
    └─ migration.sql
  └─ 202609240011_deletion_cleanup_execution/
    └─ migration.sql
  └─ 202609240012_cleanup_null_guards/
    └─ migration.sql
  └─ 202609250001_deletion_finalization_states/
    └─ migration.sql
  └─ 202609250002_person_merge_foundation/
    └─ migration.sql
  └─ 202609250003_person_merge_integrity/
    └─ migration.sql
  └─ 202609260001_recovery_runs/
    └─ migration.sql
  └─ 202609260002_recovery_inspection/
    └─ migration.sql
  └─ 202609260003_recovery_report_guards/
    └─ migration.sql
  └─ 202609260004_recovery_approval_evidence/
    └─ migration.sql
  └─ 202609260005_recovery_approval_media_guard/
    └─ migration.sql
  └─ 202609260006_recovery_backup_media_identity/
    └─ migration.sql
  └─ 202609260007_recovery_delta_resolution/
    └─ migration.sql
  └─ 202609270001_talent_domain_v2/
    └─ migration.sql
  └─ 202609270002_talent_merge_history/
    └─ migration.sql
  └─ 202609270003_talent_transfer/
    └─ migration.sql
  └─ 202609270004_capability_transfer/
    └─ migration.sql
  └─ 202609270005_external_ref_transfer/
    └─ migration.sql
  └─ 202609270006_representation_transfer/
    └─ migration.sql
  └─ 202609270007_field_evidence_transfer/
    └─ migration.sql
  └─ 202609270008_credential_transfer/
    └─ migration.sql
  └─ 202609280001_credential_media_transfer/
    └─ migration.sql
  └─ 202609280002_collection_transfer/
    └─ migration.sql
  └─ 202609280003_adult_eligibility_transfer/
    └─ migration.sql
  └─ 202609280004_identity_evidence_transfer/
    └─ migration.sql
  └─ 202609280005_merge_history_transfer/
    └─ migration.sql
  └─ 202609280006_candidate_review_lineage/
    └─ migration.sql
  └─ 202609280007_identity_retention_permission/
    └─ migration.sql
  └─ 202609280008_merge_history_erasure/
    └─ migration.sql
  └─ 202609280009_internal_locale_texts/
    └─ migration.sql
  └─ 202609280010_locale_dependency_identity/
    └─ migration.sql
  └─ 202609280011_locale_transfer/
    └─ migration.sql
  └─ 202609280012_locale_merge/
    └─ migration.sql
  └─ 202609280013_ai_dispatch_ledger/
    └─ migration.sql
  └─ 202609280014_ai_business/
    └─ migration.sql
  └─ 202609280015_ai_operations/
    └─ migration.sql
  └─ 202609290001_ai_connections/
    └─ migration.sql
  └─ 202609290002_media_documents_video/
    └─ migration.sql
  └─ 202609290003_project_parties/
    └─ migration.sql
  └─ 202609290004_project_party_export_fields/
    └─ migration.sql
  └─ 202609290005_media_erased_limits/
    └─ migration.sql
  └─ 202609300001_talent_experience_pr01b/
    └─ migration.sql
  └─ 202610010001_talent_auth_principals/
    └─ migration.sql
  └─ 202610010002_talent_auth_key_binding/
    └─ migration.sql
  └─ 202610010003_talent_maintenance/
    └─ migration.sql
  └─ 202610010004_talent_basis_rebuild/
    └─ migration.sql
  └─ 202610010005_talent_maintenance_permissions/
    └─ migration.sql
  └─ 202610010006_talent_submission_ownership/
    └─ migration.sql
  └─ 202610010007_media_ownership/
    └─ migration.sql
  └─ 202610010008_media_collections/
    └─ migration.sql
      
All migrations have been successfully applied.
TAP version 13
# PASS TD2 identity retention: original source unchanged, complete independent evidence, atomic audit rollback/retry, basis expiry at finalization and suspended-basis access checks
# PASS retained identity v13: separately approved current basis, erased original header, actual identity evidence and original reviewers, audit rollback and rebuild without restoring old permissions
# PASS PG permission CHECK and FK reject origin-as-basis, missing basis, and non-PERSON retention without changing original approval
# PASS TD2 retained origin PG: actual CLI preview/apply, full independent field proof and source grants, original person identity and reviewer preservation, erased-source reactivation denied, transaction audit rollback and repeat export
# Subtest: TD2 PostgreSQL retained-identity export and real CLI rebuild preserve erased minimal headers, original evidence and audit rollback
ok 1 - TD2 PostgreSQL retained-identity export and real CLI rebuild preserve erased minimal headers, original evidence and audit rollback
  ---
  duration_ms: 5386.40475
  type: 'test'
  ...
1..1
# tests 1
# suites 0
# pass 1
# fail 0
# cancelled 0
# skipped 0
# todo 0
# duration_ms 5590.418958
Prisma schema loaded from prisma/schema.prisma
Datasource "db": PostgreSQL database "once_test_td2_proof_pr03cf_full2", schema "public" at "127.0.0.1:56531"

63 migrations found in prisma/migrations

Applying migration `202609220001_initial`
Applying migration `202609230001_source_history`
Applying migration `202609230002_record_handoffs`
Applying migration `202609230003_private_images`
Applying migration `202609240001_works_projects`
Applying migration `202609240002_search_shortlists`
Applying migration `202609240003_shortlist_asset_unlink`
Applying migration `202609240004_search_facts_sql`
Applying migration `202609240005_dictionary_search_namespaces`
Applying migration `202609240006_export_dependencies`
Applying migration `202609240007_export_payload_json_null`
Applying migration `202609240008_deletion_impact_preview`
Applying migration `202609240009_deletion_blocking`
Applying migration `202609240010_deletion_retention_plan`
Applying migration `202609240011_deletion_cleanup_execution`
Applying migration `202609240012_cleanup_null_guards`
Applying migration `202609250001_deletion_finalization_states`
Applying migration `202609250002_person_merge_foundation`
Applying migration `202609250003_person_merge_integrity`
Applying migration `202609260001_recovery_runs`
Applying migration `202609260002_recovery_inspection`
Applying migration `202609260003_recovery_report_guards`
Applying migration `202609260004_recovery_approval_evidence`
Applying migration `202609260005_recovery_approval_media_guard`
Applying migration `202609260006_recovery_backup_media_identity`
Applying migration `202609260007_recovery_delta_resolution`
Applying migration `202609270001_talent_domain_v2`
Applying migration `202609270002_talent_merge_history`
Applying migration `202609270003_talent_transfer`
Applying migration `202609270004_capability_transfer`
Applying migration `202609270005_external_ref_transfer`
Applying migration `202609270006_representation_transfer`
Applying migration `202609270007_field_evidence_transfer`
Applying migration `202609270008_credential_transfer`
Applying migration `202609280001_credential_media_transfer`
Applying migration `202609280002_collection_transfer`
Applying migration `202609280003_adult_eligibility_transfer`
Applying migration `202609280004_identity_evidence_transfer`
Applying migration `202609280005_merge_history_transfer`
Applying migration `202609280006_candidate_review_lineage`
Applying migration `202609280007_identity_retention_permission`
Applying migration `202609280008_merge_history_erasure`
Applying migration `202609280009_internal_locale_texts`
Applying migration `202609280010_locale_dependency_identity`
Applying migration `202609280011_locale_transfer`
Applying migration `202609280012_locale_merge`
Applying migration `202609280013_ai_dispatch_ledger`
Applying migration `202609280014_ai_business`
Applying migration `202609280015_ai_operations`
Applying migration `202609290001_ai_connections`
Applying migration `202609290002_media_documents_video`
Applying migration `202609290003_project_parties`
Applying migration `202609290004_project_party_export_fields`
Applying migration `202609290005_media_erased_limits`
Applying migration `202609300001_talent_experience_pr01b`
Applying migration `202610010001_talent_auth_principals`
Applying migration `202610010002_talent_auth_key_binding`
Applying migration `202610010003_talent_maintenance`
Applying migration `202610010004_talent_basis_rebuild`
Applying migration `202610010005_talent_maintenance_permissions`
Applying migration `202610010006_talent_submission_ownership`
Applying migration `202610010007_media_ownership`
Applying migration `202610010008_media_collections`

The following migration(s) have been applied:

migrations/
  └─ 202609220001_initial/
    └─ migration.sql
  └─ 202609230001_source_history/
    └─ migration.sql
  └─ 202609230002_record_handoffs/
    └─ migration.sql
  └─ 202609230003_private_images/
    └─ migration.sql
  └─ 202609240001_works_projects/
    └─ migration.sql
  └─ 202609240002_search_shortlists/
    └─ migration.sql
  └─ 202609240003_shortlist_asset_unlink/
    └─ migration.sql
  └─ 202609240004_search_facts_sql/
    └─ migration.sql
  └─ 202609240005_dictionary_search_namespaces/
    └─ migration.sql
  └─ 202609240006_export_dependencies/
    └─ migration.sql
  └─ 202609240007_export_payload_json_null/
    └─ migration.sql
  └─ 202609240008_deletion_impact_preview/
    └─ migration.sql
  └─ 202609240009_deletion_blocking/
    └─ migration.sql
  └─ 202609240010_deletion_retention_plan/
    └─ migration.sql
  └─ 202609240011_deletion_cleanup_execution/
    └─ migration.sql
  └─ 202609240012_cleanup_null_guards/
    └─ migration.sql
  └─ 202609250001_deletion_finalization_states/
    └─ migration.sql
  └─ 202609250002_person_merge_foundation/
    └─ migration.sql
  └─ 202609250003_person_merge_integrity/
    └─ migration.sql
  └─ 202609260001_recovery_runs/
    └─ migration.sql
  └─ 202609260002_recovery_inspection/
    └─ migration.sql
  └─ 202609260003_recovery_report_guards/
    └─ migration.sql
  └─ 202609260004_recovery_approval_evidence/
    └─ migration.sql
  └─ 202609260005_recovery_approval_media_guard/
    └─ migration.sql
  └─ 202609260006_recovery_backup_media_identity/
    └─ migration.sql
  └─ 202609260007_recovery_delta_resolution/
    └─ migration.sql
  └─ 202609270001_talent_domain_v2/
    └─ migration.sql
  └─ 202609270002_talent_merge_history/
    └─ migration.sql
  └─ 202609270003_talent_transfer/
    └─ migration.sql
  └─ 202609270004_capability_transfer/
    └─ migration.sql
  └─ 202609270005_external_ref_transfer/
    └─ migration.sql
  └─ 202609270006_representation_transfer/
    └─ migration.sql
  └─ 202609270007_field_evidence_transfer/
    └─ migration.sql
  └─ 202609270008_credential_transfer/
    └─ migration.sql
  └─ 202609280001_credential_media_transfer/
    └─ migration.sql
  └─ 202609280002_collection_transfer/
    └─ migration.sql
  └─ 202609280003_adult_eligibility_transfer/
    └─ migration.sql
  └─ 202609280004_identity_evidence_transfer/
    └─ migration.sql
  └─ 202609280005_merge_history_transfer/
    └─ migration.sql
  └─ 202609280006_candidate_review_lineage/
    └─ migration.sql
  └─ 202609280007_identity_retention_permission/
    └─ migration.sql
  └─ 202609280008_merge_history_erasure/
    └─ migration.sql
  └─ 202609280009_internal_locale_texts/
    └─ migration.sql
  └─ 202609280010_locale_dependency_identity/
    └─ migration.sql
  └─ 202609280011_locale_transfer/
    └─ migration.sql
  └─ 202609280012_locale_merge/
    └─ migration.sql
  └─ 202609280013_ai_dispatch_ledger/
    └─ migration.sql
  └─ 202609280014_ai_business/
    └─ migration.sql
  └─ 202609280015_ai_operations/
    └─ migration.sql
  └─ 202609290001_ai_connections/
    └─ migration.sql
  └─ 202609290002_media_documents_video/
    └─ migration.sql
  └─ 202609290003_project_parties/
    └─ migration.sql
  └─ 202609290004_project_party_export_fields/
    └─ migration.sql
  └─ 202609290005_media_erased_limits/
    └─ migration.sql
  └─ 202609300001_talent_experience_pr01b/
    └─ migration.sql
  └─ 202610010001_talent_auth_principals/
    └─ migration.sql
  └─ 202610010002_talent_auth_key_binding/
    └─ migration.sql
  └─ 202610010003_talent_maintenance/
    └─ migration.sql
  └─ 202610010004_talent_basis_rebuild/
    └─ migration.sql
  └─ 202610010005_talent_maintenance_permissions/
    └─ migration.sql
  └─ 202610010006_talent_submission_ownership/
    └─ migration.sql
  └─ 202610010007_media_ownership/
    └─ migration.sql
  └─ 202610010008_media_collections/
    └─ migration.sql
      
All migrations have been successfully applied.
Prisma schema loaded from prisma/schema.prisma
Datasource "db": PostgreSQL database "once_rebuild_proof_pr03cf_full2", schema "public" at "127.0.0.1:56531"

63 migrations found in prisma/migrations

Applying migration `202609220001_initial`
Applying migration `202609230001_source_history`
Applying migration `202609230002_record_handoffs`
Applying migration `202609230003_private_images`
Applying migration `202609240001_works_projects`
Applying migration `202609240002_search_shortlists`
Applying migration `202609240003_shortlist_asset_unlink`
Applying migration `202609240004_search_facts_sql`
Applying migration `202609240005_dictionary_search_namespaces`
Applying migration `202609240006_export_dependencies`
Applying migration `202609240007_export_payload_json_null`
Applying migration `202609240008_deletion_impact_preview`
Applying migration `202609240009_deletion_blocking`
Applying migration `202609240010_deletion_retention_plan`
Applying migration `202609240011_deletion_cleanup_execution`
Applying migration `202609240012_cleanup_null_guards`
Applying migration `202609250001_deletion_finalization_states`
Applying migration `202609250002_person_merge_foundation`
Applying migration `202609250003_person_merge_integrity`
Applying migration `202609260001_recovery_runs`
Applying migration `202609260002_recovery_inspection`
Applying migration `202609260003_recovery_report_guards`
Applying migration `202609260004_recovery_approval_evidence`
Applying migration `202609260005_recovery_approval_media_guard`
Applying migration `202609260006_recovery_backup_media_identity`
Applying migration `202609260007_recovery_delta_resolution`
Applying migration `202609270001_talent_domain_v2`
Applying migration `202609270002_talent_merge_history`
Applying migration `202609270003_talent_transfer`
Applying migration `202609270004_capability_transfer`
Applying migration `202609270005_external_ref_transfer`
Applying migration `202609270006_representation_transfer`
Applying migration `202609270007_field_evidence_transfer`
Applying migration `202609270008_credential_transfer`
Applying migration `202609280001_credential_media_transfer`
Applying migration `202609280002_collection_transfer`
Applying migration `202609280003_adult_eligibility_transfer`
Applying migration `202609280004_identity_evidence_transfer`
Applying migration `202609280005_merge_history_transfer`
Applying migration `202609280006_candidate_review_lineage`
Applying migration `202609280007_identity_retention_permission`
Applying migration `202609280008_merge_history_erasure`
Applying migration `202609280009_internal_locale_texts`
Applying migration `202609280010_locale_dependency_identity`
Applying migration `202609280011_locale_transfer`
Applying migration `202609280012_locale_merge`
Applying migration `202609280013_ai_dispatch_ledger`
Applying migration `202609280014_ai_business`
Applying migration `202609280015_ai_operations`
Applying migration `202609290001_ai_connections`
Applying migration `202609290002_media_documents_video`
Applying migration `202609290003_project_parties`
Applying migration `202609290004_project_party_export_fields`
Applying migration `202609290005_media_erased_limits`
Applying migration `202609300001_talent_experience_pr01b`
Applying migration `202610010001_talent_auth_principals`
Applying migration `202610010002_talent_auth_key_binding`
Applying migration `202610010003_talent_maintenance`
Applying migration `202610010004_talent_basis_rebuild`
Applying migration `202610010005_talent_maintenance_permissions`
Applying migration `202610010006_talent_submission_ownership`
Applying migration `202610010007_media_ownership`
Applying migration `202610010008_media_collections`

The following migration(s) have been applied:

migrations/
  └─ 202609220001_initial/
    └─ migration.sql
  └─ 202609230001_source_history/
    └─ migration.sql
  └─ 202609230002_record_handoffs/
    └─ migration.sql
  └─ 202609230003_private_images/
    └─ migration.sql
  └─ 202609240001_works_projects/
    └─ migration.sql
  └─ 202609240002_search_shortlists/
    └─ migration.sql
  └─ 202609240003_shortlist_asset_unlink/
    └─ migration.sql
  └─ 202609240004_search_facts_sql/
    └─ migration.sql
  └─ 202609240005_dictionary_search_namespaces/
    └─ migration.sql
  └─ 202609240006_export_dependencies/
    └─ migration.sql
  └─ 202609240007_export_payload_json_null/
    └─ migration.sql
  └─ 202609240008_deletion_impact_preview/
    └─ migration.sql
  └─ 202609240009_deletion_blocking/
    └─ migration.sql
  └─ 202609240010_deletion_retention_plan/
    └─ migration.sql
  └─ 202609240011_deletion_cleanup_execution/
    └─ migration.sql
  └─ 202609240012_cleanup_null_guards/
    └─ migration.sql
  └─ 202609250001_deletion_finalization_states/
    └─ migration.sql
  └─ 202609250002_person_merge_foundation/
    └─ migration.sql
  └─ 202609250003_person_merge_integrity/
    └─ migration.sql
  └─ 202609260001_recovery_runs/
    └─ migration.sql
  └─ 202609260002_recovery_inspection/
    └─ migration.sql
  └─ 202609260003_recovery_report_guards/
    └─ migration.sql
  └─ 202609260004_recovery_approval_evidence/
    └─ migration.sql
  └─ 202609260005_recovery_approval_media_guard/
    └─ migration.sql
  └─ 202609260006_recovery_backup_media_identity/
    └─ migration.sql
  └─ 202609260007_recovery_delta_resolution/
    └─ migration.sql
  └─ 202609270001_talent_domain_v2/
    └─ migration.sql
  └─ 202609270002_talent_merge_history/
    └─ migration.sql
  └─ 202609270003_talent_transfer/
    └─ migration.sql
  └─ 202609270004_capability_transfer/
    └─ migration.sql
  └─ 202609270005_external_ref_transfer/
    └─ migration.sql
  └─ 202609270006_representation_transfer/
    └─ migration.sql
  └─ 202609270007_field_evidence_transfer/
    └─ migration.sql
  └─ 202609270008_credential_transfer/
    └─ migration.sql
  └─ 202609280001_credential_media_transfer/
    └─ migration.sql
  └─ 202609280002_collection_transfer/
    └─ migration.sql
  └─ 202609280003_adult_eligibility_transfer/
    └─ migration.sql
  └─ 202609280004_identity_evidence_transfer/
    └─ migration.sql
  └─ 202609280005_merge_history_transfer/
    └─ migration.sql
  └─ 202609280006_candidate_review_lineage/
    └─ migration.sql
  └─ 202609280007_identity_retention_permission/
    └─ migration.sql
  └─ 202609280008_merge_history_erasure/
    └─ migration.sql
  └─ 202609280009_internal_locale_texts/
    └─ migration.sql
  └─ 202609280010_locale_dependency_identity/
    └─ migration.sql
  └─ 202609280011_locale_transfer/
    └─ migration.sql
  └─ 202609280012_locale_merge/
    └─ migration.sql
  └─ 202609280013_ai_dispatch_ledger/
    └─ migration.sql
  └─ 202609280014_ai_business/
    └─ migration.sql
  └─ 202609280015_ai_operations/
    └─ migration.sql
  └─ 202609290001_ai_connections/
    └─ migration.sql
  └─ 202609290002_media_documents_video/
    └─ migration.sql
  └─ 202609290003_project_parties/
    └─ migration.sql
  └─ 202609290004_project_party_export_fields/
    └─ migration.sql
  └─ 202609290005_media_erased_limits/
    └─ migration.sql
  └─ 202609300001_talent_experience_pr01b/
    └─ migration.sql
  └─ 202610010001_talent_auth_principals/
    └─ migration.sql
  └─ 202610010002_talent_auth_key_binding/
    └─ migration.sql
  └─ 202610010003_talent_maintenance/
    └─ migration.sql
  └─ 202610010004_talent_basis_rebuild/
    └─ migration.sql
  └─ 202610010005_talent_maintenance_permissions/
    └─ migration.sql
  └─ 202610010006_talent_submission_ownership/
    └─ migration.sql
  └─ 202610010007_media_ownership/
    └─ migration.sql
  └─ 202610010008_media_collections/
    └─ migration.sql
      
All migrations have been successfully applied.
TAP version 13
# PASS proof PG: source original/preview bytes verified, missing files no writes, real CLI preview/apply, DB audit rollback, private files preserved for retry, verified credential UUID and attachment retained, populated target rejects replay
# Subtest: real PostgreSQL and private files: verified proof migration, CLI apply, audit rollback and retry
ok 1 - real PostgreSQL and private files: verified proof migration, CLI apply, audit rollback and retry
  ---
  duration_ms: 12436.686209
  type: 'test'
  ...
1..1
# tests 1
# suites 0
# pass 1
# fail 0
# cancelled 0
# skipped 0
# todo 0
# duration_ms 12884.041875
Prisma schema loaded from prisma/schema.prisma
Datasource "db": PostgreSQL database "once_test_td2_collection_pr03cf_full2", schema "public" at "127.0.0.1:56531"

63 migrations found in prisma/migrations

Applying migration `202609220001_initial`
Applying migration `202609230001_source_history`
Applying migration `202609230002_record_handoffs`
Applying migration `202609230003_private_images`
Applying migration `202609240001_works_projects`
Applying migration `202609240002_search_shortlists`
Applying migration `202609240003_shortlist_asset_unlink`
Applying migration `202609240004_search_facts_sql`
Applying migration `202609240005_dictionary_search_namespaces`
Applying migration `202609240006_export_dependencies`
Applying migration `202609240007_export_payload_json_null`
Applying migration `202609240008_deletion_impact_preview`
Applying migration `202609240009_deletion_blocking`
Applying migration `202609240010_deletion_retention_plan`
Applying migration `202609240011_deletion_cleanup_execution`
Applying migration `202609240012_cleanup_null_guards`
Applying migration `202609250001_deletion_finalization_states`
Applying migration `202609250002_person_merge_foundation`
Applying migration `202609250003_person_merge_integrity`
Applying migration `202609260001_recovery_runs`
Applying migration `202609260002_recovery_inspection`
Applying migration `202609260003_recovery_report_guards`
Applying migration `202609260004_recovery_approval_evidence`
Applying migration `202609260005_recovery_approval_media_guard`
Applying migration `202609260006_recovery_backup_media_identity`
Applying migration `202609260007_recovery_delta_resolution`
Applying migration `202609270001_talent_domain_v2`
Applying migration `202609270002_talent_merge_history`
Applying migration `202609270003_talent_transfer`
Applying migration `202609270004_capability_transfer`
Applying migration `202609270005_external_ref_transfer`
Applying migration `202609270006_representation_transfer`
Applying migration `202609270007_field_evidence_transfer`
Applying migration `202609270008_credential_transfer`
Applying migration `202609280001_credential_media_transfer`
Applying migration `202609280002_collection_transfer`
Applying migration `202609280003_adult_eligibility_transfer`
Applying migration `202609280004_identity_evidence_transfer`
Applying migration `202609280005_merge_history_transfer`
Applying migration `202609280006_candidate_review_lineage`
Applying migration `202609280007_identity_retention_permission`
Applying migration `202609280008_merge_history_erasure`
Applying migration `202609280009_internal_locale_texts`
Applying migration `202609280010_locale_dependency_identity`
Applying migration `202609280011_locale_transfer`
Applying migration `202609280012_locale_merge`
Applying migration `202609280013_ai_dispatch_ledger`
Applying migration `202609280014_ai_business`
Applying migration `202609280015_ai_operations`
Applying migration `202609290001_ai_connections`
Applying migration `202609290002_media_documents_video`
Applying migration `202609290003_project_parties`
Applying migration `202609290004_project_party_export_fields`
Applying migration `202609290005_media_erased_limits`
Applying migration `202609300001_talent_experience_pr01b`
Applying migration `202610010001_talent_auth_principals`
Applying migration `202610010002_talent_auth_key_binding`
Applying migration `202610010003_talent_maintenance`
Applying migration `202610010004_talent_basis_rebuild`
Applying migration `202610010005_talent_maintenance_permissions`
Applying migration `202610010006_talent_submission_ownership`
Applying migration `202610010007_media_ownership`
Applying migration `202610010008_media_collections`

The following migration(s) have been applied:

migrations/
  └─ 202609220001_initial/
    └─ migration.sql
  └─ 202609230001_source_history/
    └─ migration.sql
  └─ 202609230002_record_handoffs/
    └─ migration.sql
  └─ 202609230003_private_images/
    └─ migration.sql
  └─ 202609240001_works_projects/
    └─ migration.sql
  └─ 202609240002_search_shortlists/
    └─ migration.sql
  └─ 202609240003_shortlist_asset_unlink/
    └─ migration.sql
  └─ 202609240004_search_facts_sql/
    └─ migration.sql
  └─ 202609240005_dictionary_search_namespaces/
    └─ migration.sql
  └─ 202609240006_export_dependencies/
    └─ migration.sql
  └─ 202609240007_export_payload_json_null/
    └─ migration.sql
  └─ 202609240008_deletion_impact_preview/
    └─ migration.sql
  └─ 202609240009_deletion_blocking/
    └─ migration.sql
  └─ 202609240010_deletion_retention_plan/
    └─ migration.sql
  └─ 202609240011_deletion_cleanup_execution/
    └─ migration.sql
  └─ 202609240012_cleanup_null_guards/
    └─ migration.sql
  └─ 202609250001_deletion_finalization_states/
    └─ migration.sql
  └─ 202609250002_person_merge_foundation/
    └─ migration.sql
  └─ 202609250003_person_merge_integrity/
    └─ migration.sql
  └─ 202609260001_recovery_runs/
    └─ migration.sql
  └─ 202609260002_recovery_inspection/
    └─ migration.sql
  └─ 202609260003_recovery_report_guards/
    └─ migration.sql
  └─ 202609260004_recovery_approval_evidence/
    └─ migration.sql
  └─ 202609260005_recovery_approval_media_guard/
    └─ migration.sql
  └─ 202609260006_recovery_backup_media_identity/
    └─ migration.sql
  └─ 202609260007_recovery_delta_resolution/
    └─ migration.sql
  └─ 202609270001_talent_domain_v2/
    └─ migration.sql
  └─ 202609270002_talent_merge_history/
    └─ migration.sql
  └─ 202609270003_talent_transfer/
    └─ migration.sql
  └─ 202609270004_capability_transfer/
    └─ migration.sql
  └─ 202609270005_external_ref_transfer/
    └─ migration.sql
  └─ 202609270006_representation_transfer/
    └─ migration.sql
  └─ 202609270007_field_evidence_transfer/
    └─ migration.sql
  └─ 202609270008_credential_transfer/
    └─ migration.sql
  └─ 202609280001_credential_media_transfer/
    └─ migration.sql
  └─ 202609280002_collection_transfer/
    └─ migration.sql
  └─ 202609280003_adult_eligibility_transfer/
    └─ migration.sql
  └─ 202609280004_identity_evidence_transfer/
    └─ migration.sql
  └─ 202609280005_merge_history_transfer/
    └─ migration.sql
  └─ 202609280006_candidate_review_lineage/
    └─ migration.sql
  └─ 202609280007_identity_retention_permission/
    └─ migration.sql
  └─ 202609280008_merge_history_erasure/
    └─ migration.sql
  └─ 202609280009_internal_locale_texts/
    └─ migration.sql
  └─ 202609280010_locale_dependency_identity/
    └─ migration.sql
  └─ 202609280011_locale_transfer/
    └─ migration.sql
  └─ 202609280012_locale_merge/
    └─ migration.sql
  └─ 202609280013_ai_dispatch_ledger/
    └─ migration.sql
  └─ 202609280014_ai_business/
    └─ migration.sql
  └─ 202609280015_ai_operations/
    └─ migration.sql
  └─ 202609290001_ai_connections/
    └─ migration.sql
  └─ 202609290002_media_documents_video/
    └─ migration.sql
  └─ 202609290003_project_parties/
    └─ migration.sql
  └─ 202609290004_project_party_export_fields/
    └─ migration.sql
  └─ 202609290005_media_erased_limits/
    └─ migration.sql
  └─ 202609300001_talent_experience_pr01b/
    └─ migration.sql
  └─ 202610010001_talent_auth_principals/
    └─ migration.sql
  └─ 202610010002_talent_auth_key_binding/
    └─ migration.sql
  └─ 202610010003_talent_maintenance/
    └─ migration.sql
  └─ 202610010004_talent_basis_rebuild/
    └─ migration.sql
  └─ 202610010005_talent_maintenance_permissions/
    └─ migration.sql
  └─ 202610010006_talent_submission_ownership/
    └─ migration.sql
  └─ 202610010007_media_ownership/
    └─ migration.sql
  └─ 202610010008_media_collections/
    └─ migration.sql
      
All migrations have been successfully applied.
Prisma schema loaded from prisma/schema.prisma
Datasource "db": PostgreSQL database "once_rebuild_collection_pr03cf_full2", schema "public" at "127.0.0.1:56531"

63 migrations found in prisma/migrations

Applying migration `202609220001_initial`
Applying migration `202609230001_source_history`
Applying migration `202609230002_record_handoffs`
Applying migration `202609230003_private_images`
Applying migration `202609240001_works_projects`
Applying migration `202609240002_search_shortlists`
Applying migration `202609240003_shortlist_asset_unlink`
Applying migration `202609240004_search_facts_sql`
Applying migration `202609240005_dictionary_search_namespaces`
Applying migration `202609240006_export_dependencies`
Applying migration `202609240007_export_payload_json_null`
Applying migration `202609240008_deletion_impact_preview`
Applying migration `202609240009_deletion_blocking`
Applying migration `202609240010_deletion_retention_plan`
Applying migration `202609240011_deletion_cleanup_execution`
Applying migration `202609240012_cleanup_null_guards`
Applying migration `202609250001_deletion_finalization_states`
Applying migration `202609250002_person_merge_foundation`
Applying migration `202609250003_person_merge_integrity`
Applying migration `202609260001_recovery_runs`
Applying migration `202609260002_recovery_inspection`
Applying migration `202609260003_recovery_report_guards`
Applying migration `202609260004_recovery_approval_evidence`
Applying migration `202609260005_recovery_approval_media_guard`
Applying migration `202609260006_recovery_backup_media_identity`
Applying migration `202609260007_recovery_delta_resolution`
Applying migration `202609270001_talent_domain_v2`
Applying migration `202609270002_talent_merge_history`
Applying migration `202609270003_talent_transfer`
Applying migration `202609270004_capability_transfer`
Applying migration `202609270005_external_ref_transfer`
Applying migration `202609270006_representation_transfer`
Applying migration `202609270007_field_evidence_transfer`
Applying migration `202609270008_credential_transfer`
Applying migration `202609280001_credential_media_transfer`
Applying migration `202609280002_collection_transfer`
Applying migration `202609280003_adult_eligibility_transfer`
Applying migration `202609280004_identity_evidence_transfer`
Applying migration `202609280005_merge_history_transfer`
Applying migration `202609280006_candidate_review_lineage`
Applying migration `202609280007_identity_retention_permission`
Applying migration `202609280008_merge_history_erasure`
Applying migration `202609280009_internal_locale_texts`
Applying migration `202609280010_locale_dependency_identity`
Applying migration `202609280011_locale_transfer`
Applying migration `202609280012_locale_merge`
Applying migration `202609280013_ai_dispatch_ledger`
Applying migration `202609280014_ai_business`
Applying migration `202609280015_ai_operations`
Applying migration `202609290001_ai_connections`
Applying migration `202609290002_media_documents_video`
Applying migration `202609290003_project_parties`
Applying migration `202609290004_project_party_export_fields`
Applying migration `202609290005_media_erased_limits`
Applying migration `202609300001_talent_experience_pr01b`
Applying migration `202610010001_talent_auth_principals`
Applying migration `202610010002_talent_auth_key_binding`
Applying migration `202610010003_talent_maintenance`
Applying migration `202610010004_talent_basis_rebuild`
Applying migration `202610010005_talent_maintenance_permissions`
Applying migration `202610010006_talent_submission_ownership`
Applying migration `202610010007_media_ownership`
Applying migration `202610010008_media_collections`

The following migration(s) have been applied:

migrations/
  └─ 202609220001_initial/
    └─ migration.sql
  └─ 202609230001_source_history/
    └─ migration.sql
  └─ 202609230002_record_handoffs/
    └─ migration.sql
  └─ 202609230003_private_images/
    └─ migration.sql
  └─ 202609240001_works_projects/
    └─ migration.sql
  └─ 202609240002_search_shortlists/
    └─ migration.sql
  └─ 202609240003_shortlist_asset_unlink/
    └─ migration.sql
  └─ 202609240004_search_facts_sql/
    └─ migration.sql
  └─ 202609240005_dictionary_search_namespaces/
    └─ migration.sql
  └─ 202609240006_export_dependencies/
    └─ migration.sql
  └─ 202609240007_export_payload_json_null/
    └─ migration.sql
  └─ 202609240008_deletion_impact_preview/
    └─ migration.sql
  └─ 202609240009_deletion_blocking/
    └─ migration.sql
  └─ 202609240010_deletion_retention_plan/
    └─ migration.sql
  └─ 202609240011_deletion_cleanup_execution/
    └─ migration.sql
  └─ 202609240012_cleanup_null_guards/
    └─ migration.sql
  └─ 202609250001_deletion_finalization_states/
    └─ migration.sql
  └─ 202609250002_person_merge_foundation/
    └─ migration.sql
  └─ 202609250003_person_merge_integrity/
    └─ migration.sql
  └─ 202609260001_recovery_runs/
    └─ migration.sql
  └─ 202609260002_recovery_inspection/
    └─ migration.sql
  └─ 202609260003_recovery_report_guards/
    └─ migration.sql
  └─ 202609260004_recovery_approval_evidence/
    └─ migration.sql
  └─ 202609260005_recovery_approval_media_guard/
    └─ migration.sql
  └─ 202609260006_recovery_backup_media_identity/
    └─ migration.sql
  └─ 202609260007_recovery_delta_resolution/
    └─ migration.sql
  └─ 202609270001_talent_domain_v2/
    └─ migration.sql
  └─ 202609270002_talent_merge_history/
    └─ migration.sql
  └─ 202609270003_talent_transfer/
    └─ migration.sql
  └─ 202609270004_capability_transfer/
    └─ migration.sql
  └─ 202609270005_external_ref_transfer/
    └─ migration.sql
  └─ 202609270006_representation_transfer/
    └─ migration.sql
  └─ 202609270007_field_evidence_transfer/
    └─ migration.sql
  └─ 202609270008_credential_transfer/
    └─ migration.sql
  └─ 202609280001_credential_media_transfer/
    └─ migration.sql
  └─ 202609280002_collection_transfer/
    └─ migration.sql
  └─ 202609280003_adult_eligibility_transfer/
    └─ migration.sql
  └─ 202609280004_identity_evidence_transfer/
    └─ migration.sql
  └─ 202609280005_merge_history_transfer/
    └─ migration.sql
  └─ 202609280006_candidate_review_lineage/
    └─ migration.sql
  └─ 202609280007_identity_retention_permission/
    └─ migration.sql
  └─ 202609280008_merge_history_erasure/
    └─ migration.sql
  └─ 202609280009_internal_locale_texts/
    └─ migration.sql
  └─ 202609280010_locale_dependency_identity/
    └─ migration.sql
  └─ 202609280011_locale_transfer/
    └─ migration.sql
  └─ 202609280012_locale_merge/
    └─ migration.sql
  └─ 202609280013_ai_dispatch_ledger/
    └─ migration.sql
  └─ 202609280014_ai_business/
    └─ migration.sql
  └─ 202609280015_ai_operations/
    └─ migration.sql
  └─ 202609290001_ai_connections/
    └─ migration.sql
  └─ 202609290002_media_documents_video/
    └─ migration.sql
  └─ 202609290003_project_parties/
    └─ migration.sql
  └─ 202609290004_project_party_export_fields/
    └─ migration.sql
  └─ 202609290005_media_erased_limits/
    └─ migration.sql
  └─ 202609300001_talent_experience_pr01b/
    └─ migration.sql
  └─ 202610010001_talent_auth_principals/
    └─ migration.sql
  └─ 202610010002_talent_auth_key_binding/
    └─ migration.sql
  └─ 202610010003_talent_maintenance/
    └─ migration.sql
  └─ 202610010004_talent_basis_rebuild/
    └─ migration.sql
  └─ 202610010005_talent_maintenance_permissions/
    └─ migration.sql
  └─ 202610010006_talent_submission_ownership/
    └─ migration.sql
  └─ 202610010007_media_ownership/
    └─ migration.sql
  └─ 202610010008_media_collections/
    └─ migration.sql
      
All migrations have been successfully applied.
TAP version 13
# PASS collection PG: archived collection, typed role/tag/item UUIDs, cross-source tags, one shared original; source original/preview bytes verified, missing files no writes, real CLI preview/apply, DB audit rollback, private files preserved for retry, verified credential UUID and attachment retained, populated target rejects replay
# Subtest: real PostgreSQL collection migration preserves shared bytes, source tags and collection relationships with rollback
ok 1 - real PostgreSQL collection migration preserves shared bytes, source tags and collection relationships with rollback
  ---
  duration_ms: 9952.640292
  type: 'test'
  ...
1..1
# tests 1
# suites 0
# pass 1
# fail 0
# cancelled 0
# skipped 0
# todo 0
# duration_ms 10394.727125
Prisma schema loaded from prisma/schema.prisma
Datasource "db": PostgreSQL database "once_test_td2_adult_pr03cf_full2", schema "public" at "127.0.0.1:56531"

63 migrations found in prisma/migrations

Applying migration `202609220001_initial`
Applying migration `202609230001_source_history`
Applying migration `202609230002_record_handoffs`
Applying migration `202609230003_private_images`
Applying migration `202609240001_works_projects`
Applying migration `202609240002_search_shortlists`
Applying migration `202609240003_shortlist_asset_unlink`
Applying migration `202609240004_search_facts_sql`
Applying migration `202609240005_dictionary_search_namespaces`
Applying migration `202609240006_export_dependencies`
Applying migration `202609240007_export_payload_json_null`
Applying migration `202609240008_deletion_impact_preview`
Applying migration `202609240009_deletion_blocking`
Applying migration `202609240010_deletion_retention_plan`
Applying migration `202609240011_deletion_cleanup_execution`
Applying migration `202609240012_cleanup_null_guards`
Applying migration `202609250001_deletion_finalization_states`
Applying migration `202609250002_person_merge_foundation`
Applying migration `202609250003_person_merge_integrity`
Applying migration `202609260001_recovery_runs`
Applying migration `202609260002_recovery_inspection`
Applying migration `202609260003_recovery_report_guards`
Applying migration `202609260004_recovery_approval_evidence`
Applying migration `202609260005_recovery_approval_media_guard`
Applying migration `202609260006_recovery_backup_media_identity`
Applying migration `202609260007_recovery_delta_resolution`
Applying migration `202609270001_talent_domain_v2`
Applying migration `202609270002_talent_merge_history`
Applying migration `202609270003_talent_transfer`
Applying migration `202609270004_capability_transfer`
Applying migration `202609270005_external_ref_transfer`
Applying migration `202609270006_representation_transfer`
Applying migration `202609270007_field_evidence_transfer`
Applying migration `202609270008_credential_transfer`
Applying migration `202609280001_credential_media_transfer`
Applying migration `202609280002_collection_transfer`
Applying migration `202609280003_adult_eligibility_transfer`
Applying migration `202609280004_identity_evidence_transfer`
Applying migration `202609280005_merge_history_transfer`
Applying migration `202609280006_candidate_review_lineage`
Applying migration `202609280007_identity_retention_permission`
Applying migration `202609280008_merge_history_erasure`
Applying migration `202609280009_internal_locale_texts`
Applying migration `202609280010_locale_dependency_identity`
Applying migration `202609280011_locale_transfer`
Applying migration `202609280012_locale_merge`
Applying migration `202609280013_ai_dispatch_ledger`
Applying migration `202609280014_ai_business`
Applying migration `202609280015_ai_operations`
Applying migration `202609290001_ai_connections`
Applying migration `202609290002_media_documents_video`
Applying migration `202609290003_project_parties`
Applying migration `202609290004_project_party_export_fields`
Applying migration `202609290005_media_erased_limits`
Applying migration `202609300001_talent_experience_pr01b`
Applying migration `202610010001_talent_auth_principals`
Applying migration `202610010002_talent_auth_key_binding`
Applying migration `202610010003_talent_maintenance`
Applying migration `202610010004_talent_basis_rebuild`
Applying migration `202610010005_talent_maintenance_permissions`
Applying migration `202610010006_talent_submission_ownership`
Applying migration `202610010007_media_ownership`
Applying migration `202610010008_media_collections`

The following migration(s) have been applied:

migrations/
  └─ 202609220001_initial/
    └─ migration.sql
  └─ 202609230001_source_history/
    └─ migration.sql
  └─ 202609230002_record_handoffs/
    └─ migration.sql
  └─ 202609230003_private_images/
    └─ migration.sql
  └─ 202609240001_works_projects/
    └─ migration.sql
  └─ 202609240002_search_shortlists/
    └─ migration.sql
  └─ 202609240003_shortlist_asset_unlink/
    └─ migration.sql
  └─ 202609240004_search_facts_sql/
    └─ migration.sql
  └─ 202609240005_dictionary_search_namespaces/
    └─ migration.sql
  └─ 202609240006_export_dependencies/
    └─ migration.sql
  └─ 202609240007_export_payload_json_null/
    └─ migration.sql
  └─ 202609240008_deletion_impact_preview/
    └─ migration.sql
  └─ 202609240009_deletion_blocking/
    └─ migration.sql
  └─ 202609240010_deletion_retention_plan/
    └─ migration.sql
  └─ 202609240011_deletion_cleanup_execution/
    └─ migration.sql
  └─ 202609240012_cleanup_null_guards/
    └─ migration.sql
  └─ 202609250001_deletion_finalization_states/
    └─ migration.sql
  └─ 202609250002_person_merge_foundation/
    └─ migration.sql
  └─ 202609250003_person_merge_integrity/
    └─ migration.sql
  └─ 202609260001_recovery_runs/
    └─ migration.sql
  └─ 202609260002_recovery_inspection/
    └─ migration.sql
  └─ 202609260003_recovery_report_guards/
    └─ migration.sql
  └─ 202609260004_recovery_approval_evidence/
    └─ migration.sql
  └─ 202609260005_recovery_approval_media_guard/
    └─ migration.sql
  └─ 202609260006_recovery_backup_media_identity/
    └─ migration.sql
  └─ 202609260007_recovery_delta_resolution/
    └─ migration.sql
  └─ 202609270001_talent_domain_v2/
    └─ migration.sql
  └─ 202609270002_talent_merge_history/
    └─ migration.sql
  └─ 202609270003_talent_transfer/
    └─ migration.sql
  └─ 202609270004_capability_transfer/
    └─ migration.sql
  └─ 202609270005_external_ref_transfer/
    └─ migration.sql
  └─ 202609270006_representation_transfer/
    └─ migration.sql
  └─ 202609270007_field_evidence_transfer/
    └─ migration.sql
  └─ 202609270008_credential_transfer/
    └─ migration.sql
  └─ 202609280001_credential_media_transfer/
    └─ migration.sql
  └─ 202609280002_collection_transfer/
    └─ migration.sql
  └─ 202609280003_adult_eligibility_transfer/
    └─ migration.sql
  └─ 202609280004_identity_evidence_transfer/
    └─ migration.sql
  └─ 202609280005_merge_history_transfer/
    └─ migration.sql
  └─ 202609280006_candidate_review_lineage/
    └─ migration.sql
  └─ 202609280007_identity_retention_permission/
    └─ migration.sql
  └─ 202609280008_merge_history_erasure/
    └─ migration.sql
  └─ 202609280009_internal_locale_texts/
    └─ migration.sql
  └─ 202609280010_locale_dependency_identity/
    └─ migration.sql
  └─ 202609280011_locale_transfer/
    └─ migration.sql
  └─ 202609280012_locale_merge/
    └─ migration.sql
  └─ 202609280013_ai_dispatch_ledger/
    └─ migration.sql
  └─ 202609280014_ai_business/
    └─ migration.sql
  └─ 202609280015_ai_operations/
    └─ migration.sql
  └─ 202609290001_ai_connections/
    └─ migration.sql
  └─ 202609290002_media_documents_video/
    └─ migration.sql
  └─ 202609290003_project_parties/
    └─ migration.sql
  └─ 202609290004_project_party_export_fields/
    └─ migration.sql
  └─ 202609290005_media_erased_limits/
    └─ migration.sql
  └─ 202609300001_talent_experience_pr01b/
    └─ migration.sql
  └─ 202610010001_talent_auth_principals/
    └─ migration.sql
  └─ 202610010002_talent_auth_key_binding/
    └─ migration.sql
  └─ 202610010003_talent_maintenance/
    └─ migration.sql
  └─ 202610010004_talent_basis_rebuild/
    └─ migration.sql
  └─ 202610010005_talent_maintenance_permissions/
    └─ migration.sql
  └─ 202610010006_talent_submission_ownership/
    └─ migration.sql
  └─ 202610010007_media_ownership/
    └─ migration.sql
  └─ 202610010008_media_collections/
    └─ migration.sql
      
All migrations have been successfully applied.
Prisma schema loaded from prisma/schema.prisma
Datasource "db": PostgreSQL database "once_rebuild_adult_pr03cf_full2", schema "public" at "127.0.0.1:56531"

63 migrations found in prisma/migrations

Applying migration `202609220001_initial`
Applying migration `202609230001_source_history`
Applying migration `202609230002_record_handoffs`
Applying migration `202609230003_private_images`
Applying migration `202609240001_works_projects`
Applying migration `202609240002_search_shortlists`
Applying migration `202609240003_shortlist_asset_unlink`
Applying migration `202609240004_search_facts_sql`
Applying migration `202609240005_dictionary_search_namespaces`
Applying migration `202609240006_export_dependencies`
Applying migration `202609240007_export_payload_json_null`
Applying migration `202609240008_deletion_impact_preview`
Applying migration `202609240009_deletion_blocking`
Applying migration `202609240010_deletion_retention_plan`
Applying migration `202609240011_deletion_cleanup_execution`
Applying migration `202609240012_cleanup_null_guards`
Applying migration `202609250001_deletion_finalization_states`
Applying migration `202609250002_person_merge_foundation`
Applying migration `202609250003_person_merge_integrity`
Applying migration `202609260001_recovery_runs`
Applying migration `202609260002_recovery_inspection`
Applying migration `202609260003_recovery_report_guards`
Applying migration `202609260004_recovery_approval_evidence`
Applying migration `202609260005_recovery_approval_media_guard`
Applying migration `202609260006_recovery_backup_media_identity`
Applying migration `202609260007_recovery_delta_resolution`
Applying migration `202609270001_talent_domain_v2`
Applying migration `202609270002_talent_merge_history`
Applying migration `202609270003_talent_transfer`
Applying migration `202609270004_capability_transfer`
Applying migration `202609270005_external_ref_transfer`
Applying migration `202609270006_representation_transfer`
Applying migration `202609270007_field_evidence_transfer`
Applying migration `202609270008_credential_transfer`
Applying migration `202609280001_credential_media_transfer`
Applying migration `202609280002_collection_transfer`
Applying migration `202609280003_adult_eligibility_transfer`
Applying migration `202609280004_identity_evidence_transfer`
Applying migration `202609280005_merge_history_transfer`
Applying migration `202609280006_candidate_review_lineage`
Applying migration `202609280007_identity_retention_permission`
Applying migration `202609280008_merge_history_erasure`
Applying migration `202609280009_internal_locale_texts`
Applying migration `202609280010_locale_dependency_identity`
Applying migration `202609280011_locale_transfer`
Applying migration `202609280012_locale_merge`
Applying migration `202609280013_ai_dispatch_ledger`
Applying migration `202609280014_ai_business`
Applying migration `202609280015_ai_operations`
Applying migration `202609290001_ai_connections`
Applying migration `202609290002_media_documents_video`
Applying migration `202609290003_project_parties`
Applying migration `202609290004_project_party_export_fields`
Applying migration `202609290005_media_erased_limits`
Applying migration `202609300001_talent_experience_pr01b`
Applying migration `202610010001_talent_auth_principals`
Applying migration `202610010002_talent_auth_key_binding`
Applying migration `202610010003_talent_maintenance`
Applying migration `202610010004_talent_basis_rebuild`
Applying migration `202610010005_talent_maintenance_permissions`
Applying migration `202610010006_talent_submission_ownership`
Applying migration `202610010007_media_ownership`
Applying migration `202610010008_media_collections`

The following migration(s) have been applied:

migrations/
  └─ 202609220001_initial/
    └─ migration.sql
  └─ 202609230001_source_history/
    └─ migration.sql
  └─ 202609230002_record_handoffs/
    └─ migration.sql
  └─ 202609230003_private_images/
    └─ migration.sql
  └─ 202609240001_works_projects/
    └─ migration.sql
  └─ 202609240002_search_shortlists/
    └─ migration.sql
  └─ 202609240003_shortlist_asset_unlink/
    └─ migration.sql
  └─ 202609240004_search_facts_sql/
    └─ migration.sql
  └─ 202609240005_dictionary_search_namespaces/
    └─ migration.sql
  └─ 202609240006_export_dependencies/
    └─ migration.sql
  └─ 202609240007_export_payload_json_null/
    └─ migration.sql
  └─ 202609240008_deletion_impact_preview/
    └─ migration.sql
  └─ 202609240009_deletion_blocking/
    └─ migration.sql
  └─ 202609240010_deletion_retention_plan/
    └─ migration.sql
  └─ 202609240011_deletion_cleanup_execution/
    └─ migration.sql
  └─ 202609240012_cleanup_null_guards/
    └─ migration.sql
  └─ 202609250001_deletion_finalization_states/
    └─ migration.sql
  └─ 202609250002_person_merge_foundation/
    └─ migration.sql
  └─ 202609250003_person_merge_integrity/
    └─ migration.sql
  └─ 202609260001_recovery_runs/
    └─ migration.sql
  └─ 202609260002_recovery_inspection/
    └─ migration.sql
  └─ 202609260003_recovery_report_guards/
    └─ migration.sql
  └─ 202609260004_recovery_approval_evidence/
    └─ migration.sql
  └─ 202609260005_recovery_approval_media_guard/
    └─ migration.sql
  └─ 202609260006_recovery_backup_media_identity/
    └─ migration.sql
  └─ 202609260007_recovery_delta_resolution/
    └─ migration.sql
  └─ 202609270001_talent_domain_v2/
    └─ migration.sql
  └─ 202609270002_talent_merge_history/
    └─ migration.sql
  └─ 202609270003_talent_transfer/
    └─ migration.sql
  └─ 202609270004_capability_transfer/
    └─ migration.sql
  └─ 202609270005_external_ref_transfer/
    └─ migration.sql
  └─ 202609270006_representation_transfer/
    └─ migration.sql
  └─ 202609270007_field_evidence_transfer/
    └─ migration.sql
  └─ 202609270008_credential_transfer/
    └─ migration.sql
  └─ 202609280001_credential_media_transfer/
    └─ migration.sql
  └─ 202609280002_collection_transfer/
    └─ migration.sql
  └─ 202609280003_adult_eligibility_transfer/
    └─ migration.sql
  └─ 202609280004_identity_evidence_transfer/
    └─ migration.sql
  └─ 202609280005_merge_history_transfer/
    └─ migration.sql
  └─ 202609280006_candidate_review_lineage/
    └─ migration.sql
  └─ 202609280007_identity_retention_permission/
    └─ migration.sql
  └─ 202609280008_merge_history_erasure/
    └─ migration.sql
  └─ 202609280009_internal_locale_texts/
    └─ migration.sql
  └─ 202609280010_locale_dependency_identity/
    └─ migration.sql
  └─ 202609280011_locale_transfer/
    └─ migration.sql
  └─ 202609280012_locale_merge/
    └─ migration.sql
  └─ 202609280013_ai_dispatch_ledger/
    └─ migration.sql
  └─ 202609280014_ai_business/
    └─ migration.sql
  └─ 202609280015_ai_operations/
    └─ migration.sql
  └─ 202609290001_ai_connections/
    └─ migration.sql
  └─ 202609290002_media_documents_video/
    └─ migration.sql
  └─ 202609290003_project_parties/
    └─ migration.sql
  └─ 202609290004_project_party_export_fields/
    └─ migration.sql
  └─ 202609290005_media_erased_limits/
    └─ migration.sql
  └─ 202609300001_talent_experience_pr01b/
    └─ migration.sql
  └─ 202610010001_talent_auth_principals/
    └─ migration.sql
  └─ 202610010002_talent_auth_key_binding/
    └─ migration.sql
  └─ 202610010003_talent_maintenance/
    └─ migration.sql
  └─ 202610010004_talent_basis_rebuild/
    └─ migration.sql
  └─ 202610010005_talent_maintenance_permissions/
    └─ migration.sql
  └─ 202610010006_talent_submission_ownership/
    └─ migration.sql
  └─ 202610010007_media_ownership/
    └─ migration.sql
  └─ 202610010008_media_collections/
    └─ migration.sql
      
All migrations have been successfully applied.
TAP version 13
# PASS adult PG: source reviewer attribution retained without creating target account; SQL rejects incomplete or hybrid attribution; archived collection, typed role/tag/item UUIDs, cross-source tags, one shared original; source original/preview bytes verified, missing files no writes, real CLI preview/apply, DB audit rollback, private files preserved for retry, verified credential UUID and attachment retained, populated target rejects replay
# Subtest: real PostgreSQL adult eligibility migration preserves original verification and forbids false target reviewer attribution
ok 1 - real PostgreSQL adult eligibility migration preserves original verification and forbids false target reviewer attribution
  ---
  duration_ms: 10943.633291
  type: 'test'
  ...
1..1
# tests 1
# suites 0
# pass 1
# fail 0
# cancelled 0
# skipped 0
# todo 0
# duration_ms 11330.133875
Prisma schema loaded from prisma/schema.prisma
Datasource "db": PostgreSQL database "once_test_td2_identity_pr03cf_full2", schema "public" at "127.0.0.1:56531"

63 migrations found in prisma/migrations

Applying migration `202609220001_initial`
Applying migration `202609230001_source_history`
Applying migration `202609230002_record_handoffs`
Applying migration `202609230003_private_images`
Applying migration `202609240001_works_projects`
Applying migration `202609240002_search_shortlists`
Applying migration `202609240003_shortlist_asset_unlink`
Applying migration `202609240004_search_facts_sql`
Applying migration `202609240005_dictionary_search_namespaces`
Applying migration `202609240006_export_dependencies`
Applying migration `202609240007_export_payload_json_null`
Applying migration `202609240008_deletion_impact_preview`
Applying migration `202609240009_deletion_blocking`
Applying migration `202609240010_deletion_retention_plan`
Applying migration `202609240011_deletion_cleanup_execution`
Applying migration `202609240012_cleanup_null_guards`
Applying migration `202609250001_deletion_finalization_states`
Applying migration `202609250002_person_merge_foundation`
Applying migration `202609250003_person_merge_integrity`
Applying migration `202609260001_recovery_runs`
Applying migration `202609260002_recovery_inspection`
Applying migration `202609260003_recovery_report_guards`
Applying migration `202609260004_recovery_approval_evidence`
Applying migration `202609260005_recovery_approval_media_guard`
Applying migration `202609260006_recovery_backup_media_identity`
Applying migration `202609260007_recovery_delta_resolution`
Applying migration `202609270001_talent_domain_v2`
Applying migration `202609270002_talent_merge_history`
Applying migration `202609270003_talent_transfer`
Applying migration `202609270004_capability_transfer`
Applying migration `202609270005_external_ref_transfer`
Applying migration `202609270006_representation_transfer`
Applying migration `202609270007_field_evidence_transfer`
Applying migration `202609270008_credential_transfer`
Applying migration `202609280001_credential_media_transfer`
Applying migration `202609280002_collection_transfer`
Applying migration `202609280003_adult_eligibility_transfer`
Applying migration `202609280004_identity_evidence_transfer`
Applying migration `202609280005_merge_history_transfer`
Applying migration `202609280006_candidate_review_lineage`
Applying migration `202609280007_identity_retention_permission`
Applying migration `202609280008_merge_history_erasure`
Applying migration `202609280009_internal_locale_texts`
Applying migration `202609280010_locale_dependency_identity`
Applying migration `202609280011_locale_transfer`
Applying migration `202609280012_locale_merge`
Applying migration `202609280013_ai_dispatch_ledger`
Applying migration `202609280014_ai_business`
Applying migration `202609280015_ai_operations`
Applying migration `202609290001_ai_connections`
Applying migration `202609290002_media_documents_video`
Applying migration `202609290003_project_parties`
Applying migration `202609290004_project_party_export_fields`
Applying migration `202609290005_media_erased_limits`
Applying migration `202609300001_talent_experience_pr01b`
Applying migration `202610010001_talent_auth_principals`
Applying migration `202610010002_talent_auth_key_binding`
Applying migration `202610010003_talent_maintenance`
Applying migration `202610010004_talent_basis_rebuild`
Applying migration `202610010005_talent_maintenance_permissions`
Applying migration `202610010006_talent_submission_ownership`
Applying migration `202610010007_media_ownership`
Applying migration `202610010008_media_collections`

The following migration(s) have been applied:

migrations/
  └─ 202609220001_initial/
    └─ migration.sql
  └─ 202609230001_source_history/
    └─ migration.sql
  └─ 202609230002_record_handoffs/
    └─ migration.sql
  └─ 202609230003_private_images/
    └─ migration.sql
  └─ 202609240001_works_projects/
    └─ migration.sql
  └─ 202609240002_search_shortlists/
    └─ migration.sql
  └─ 202609240003_shortlist_asset_unlink/
    └─ migration.sql
  └─ 202609240004_search_facts_sql/
    └─ migration.sql
  └─ 202609240005_dictionary_search_namespaces/
    └─ migration.sql
  └─ 202609240006_export_dependencies/
    └─ migration.sql
  └─ 202609240007_export_payload_json_null/
    └─ migration.sql
  └─ 202609240008_deletion_impact_preview/
    └─ migration.sql
  └─ 202609240009_deletion_blocking/
    └─ migration.sql
  └─ 202609240010_deletion_retention_plan/
    └─ migration.sql
  └─ 202609240011_deletion_cleanup_execution/
    └─ migration.sql
  └─ 202609240012_cleanup_null_guards/
    └─ migration.sql
  └─ 202609250001_deletion_finalization_states/
    └─ migration.sql
  └─ 202609250002_person_merge_foundation/
    └─ migration.sql
  └─ 202609250003_person_merge_integrity/
    └─ migration.sql
  └─ 202609260001_recovery_runs/
    └─ migration.sql
  └─ 202609260002_recovery_inspection/
    └─ migration.sql
  └─ 202609260003_recovery_report_guards/
    └─ migration.sql
  └─ 202609260004_recovery_approval_evidence/
    └─ migration.sql
  └─ 202609260005_recovery_approval_media_guard/
    └─ migration.sql
  └─ 202609260006_recovery_backup_media_identity/
    └─ migration.sql
  └─ 202609260007_recovery_delta_resolution/
    └─ migration.sql
  └─ 202609270001_talent_domain_v2/
    └─ migration.sql
  └─ 202609270002_talent_merge_history/
    └─ migration.sql
  └─ 202609270003_talent_transfer/
    └─ migration.sql
  └─ 202609270004_capability_transfer/
    └─ migration.sql
  └─ 202609270005_external_ref_transfer/
    └─ migration.sql
  └─ 202609270006_representation_transfer/
    └─ migration.sql
  └─ 202609270007_field_evidence_transfer/
    └─ migration.sql
  └─ 202609270008_credential_transfer/
    └─ migration.sql
  └─ 202609280001_credential_media_transfer/
    └─ migration.sql
  └─ 202609280002_collection_transfer/
    └─ migration.sql
  └─ 202609280003_adult_eligibility_transfer/
    └─ migration.sql
  └─ 202609280004_identity_evidence_transfer/
    └─ migration.sql
  └─ 202609280005_merge_history_transfer/
    └─ migration.sql
  └─ 202609280006_candidate_review_lineage/
    └─ migration.sql
  └─ 202609280007_identity_retention_permission/
    └─ migration.sql
  └─ 202609280008_merge_history_erasure/
    └─ migration.sql
  └─ 202609280009_internal_locale_texts/
    └─ migration.sql
  └─ 202609280010_locale_dependency_identity/
    └─ migration.sql
  └─ 202609280011_locale_transfer/
    └─ migration.sql
  └─ 202609280012_locale_merge/
    └─ migration.sql
  └─ 202609280013_ai_dispatch_ledger/
    └─ migration.sql
  └─ 202609280014_ai_business/
    └─ migration.sql
  └─ 202609280015_ai_operations/
    └─ migration.sql
  └─ 202609290001_ai_connections/
    └─ migration.sql
  └─ 202609290002_media_documents_video/
    └─ migration.sql
  └─ 202609290003_project_parties/
    └─ migration.sql
  └─ 202609290004_project_party_export_fields/
    └─ migration.sql
  └─ 202609290005_media_erased_limits/
    └─ migration.sql
  └─ 202609300001_talent_experience_pr01b/
    └─ migration.sql
  └─ 202610010001_talent_auth_principals/
    └─ migration.sql
  └─ 202610010002_talent_auth_key_binding/
    └─ migration.sql
  └─ 202610010003_talent_maintenance/
    └─ migration.sql
  └─ 202610010004_talent_basis_rebuild/
    └─ migration.sql
  └─ 202610010005_talent_maintenance_permissions/
    └─ migration.sql
  └─ 202610010006_talent_submission_ownership/
    └─ migration.sql
  └─ 202610010007_media_ownership/
    └─ migration.sql
  └─ 202610010008_media_collections/
    └─ migration.sql
      
All migrations have been successfully applied.
Prisma schema loaded from prisma/schema.prisma
Datasource "db": PostgreSQL database "once_rebuild_identity_pr03cf_full2", schema "public" at "127.0.0.1:56531"

63 migrations found in prisma/migrations

Applying migration `202609220001_initial`
Applying migration `202609230001_source_history`
Applying migration `202609230002_record_handoffs`
Applying migration `202609230003_private_images`
Applying migration `202609240001_works_projects`
Applying migration `202609240002_search_shortlists`
Applying migration `202609240003_shortlist_asset_unlink`
Applying migration `202609240004_search_facts_sql`
Applying migration `202609240005_dictionary_search_namespaces`
Applying migration `202609240006_export_dependencies`
Applying migration `202609240007_export_payload_json_null`
Applying migration `202609240008_deletion_impact_preview`
Applying migration `202609240009_deletion_blocking`
Applying migration `202609240010_deletion_retention_plan`
Applying migration `202609240011_deletion_cleanup_execution`
Applying migration `202609240012_cleanup_null_guards`
Applying migration `202609250001_deletion_finalization_states`
Applying migration `202609250002_person_merge_foundation`
Applying migration `202609250003_person_merge_integrity`
Applying migration `202609260001_recovery_runs`
Applying migration `202609260002_recovery_inspection`
Applying migration `202609260003_recovery_report_guards`
Applying migration `202609260004_recovery_approval_evidence`
Applying migration `202609260005_recovery_approval_media_guard`
Applying migration `202609260006_recovery_backup_media_identity`
Applying migration `202609260007_recovery_delta_resolution`
Applying migration `202609270001_talent_domain_v2`
Applying migration `202609270002_talent_merge_history`
Applying migration `202609270003_talent_transfer`
Applying migration `202609270004_capability_transfer`
Applying migration `202609270005_external_ref_transfer`
Applying migration `202609270006_representation_transfer`
Applying migration `202609270007_field_evidence_transfer`
Applying migration `202609270008_credential_transfer`
Applying migration `202609280001_credential_media_transfer`
Applying migration `202609280002_collection_transfer`
Applying migration `202609280003_adult_eligibility_transfer`
Applying migration `202609280004_identity_evidence_transfer`
Applying migration `202609280005_merge_history_transfer`
Applying migration `202609280006_candidate_review_lineage`
Applying migration `202609280007_identity_retention_permission`
Applying migration `202609280008_merge_history_erasure`
Applying migration `202609280009_internal_locale_texts`
Applying migration `202609280010_locale_dependency_identity`
Applying migration `202609280011_locale_transfer`
Applying migration `202609280012_locale_merge`
Applying migration `202609280013_ai_dispatch_ledger`
Applying migration `202609280014_ai_business`
Applying migration `202609280015_ai_operations`
Applying migration `202609290001_ai_connections`
Applying migration `202609290002_media_documents_video`
Applying migration `202609290003_project_parties`
Applying migration `202609290004_project_party_export_fields`
Applying migration `202609290005_media_erased_limits`
Applying migration `202609300001_talent_experience_pr01b`
Applying migration `202610010001_talent_auth_principals`
Applying migration `202610010002_talent_auth_key_binding`
Applying migration `202610010003_talent_maintenance`
Applying migration `202610010004_talent_basis_rebuild`
Applying migration `202610010005_talent_maintenance_permissions`
Applying migration `202610010006_talent_submission_ownership`
Applying migration `202610010007_media_ownership`
Applying migration `202610010008_media_collections`

The following migration(s) have been applied:

migrations/
  └─ 202609220001_initial/
    └─ migration.sql
  └─ 202609230001_source_history/
    └─ migration.sql
  └─ 202609230002_record_handoffs/
    └─ migration.sql
  └─ 202609230003_private_images/
    └─ migration.sql
  └─ 202609240001_works_projects/
    └─ migration.sql
  └─ 202609240002_search_shortlists/
    └─ migration.sql
  └─ 202609240003_shortlist_asset_unlink/
    └─ migration.sql
  └─ 202609240004_search_facts_sql/
    └─ migration.sql
  └─ 202609240005_dictionary_search_namespaces/
    └─ migration.sql
  └─ 202609240006_export_dependencies/
    └─ migration.sql
  └─ 202609240007_export_payload_json_null/
    └─ migration.sql
  └─ 202609240008_deletion_impact_preview/
    └─ migration.sql
  └─ 202609240009_deletion_blocking/
    └─ migration.sql
  └─ 202609240010_deletion_retention_plan/
    └─ migration.sql
  └─ 202609240011_deletion_cleanup_execution/
    └─ migration.sql
  └─ 202609240012_cleanup_null_guards/
    └─ migration.sql
  └─ 202609250001_deletion_finalization_states/
    └─ migration.sql
  └─ 202609250002_person_merge_foundation/
    └─ migration.sql
  └─ 202609250003_person_merge_integrity/
    └─ migration.sql
  └─ 202609260001_recovery_runs/
    └─ migration.sql
  └─ 202609260002_recovery_inspection/
    └─ migration.sql
  └─ 202609260003_recovery_report_guards/
    └─ migration.sql
  └─ 202609260004_recovery_approval_evidence/
    └─ migration.sql
  └─ 202609260005_recovery_approval_media_guard/
    └─ migration.sql
  └─ 202609260006_recovery_backup_media_identity/
    └─ migration.sql
  └─ 202609260007_recovery_delta_resolution/
    └─ migration.sql
  └─ 202609270001_talent_domain_v2/
    └─ migration.sql
  └─ 202609270002_talent_merge_history/
    └─ migration.sql
  └─ 202609270003_talent_transfer/
    └─ migration.sql
  └─ 202609270004_capability_transfer/
    └─ migration.sql
  └─ 202609270005_external_ref_transfer/
    └─ migration.sql
  └─ 202609270006_representation_transfer/
    └─ migration.sql
  └─ 202609270007_field_evidence_transfer/
    └─ migration.sql
  └─ 202609270008_credential_transfer/
    └─ migration.sql
  └─ 202609280001_credential_media_transfer/
    └─ migration.sql
  └─ 202609280002_collection_transfer/
    └─ migration.sql
  └─ 202609280003_adult_eligibility_transfer/
    └─ migration.sql
  └─ 202609280004_identity_evidence_transfer/
    └─ migration.sql
  └─ 202609280005_merge_history_transfer/
    └─ migration.sql
  └─ 202609280006_candidate_review_lineage/
    └─ migration.sql
  └─ 202609280007_identity_retention_permission/
    └─ migration.sql
  └─ 202609280008_merge_history_erasure/
    └─ migration.sql
  └─ 202609280009_internal_locale_texts/
    └─ migration.sql
  └─ 202609280010_locale_dependency_identity/
    └─ migration.sql
  └─ 202609280011_locale_transfer/
    └─ migration.sql
  └─ 202609280012_locale_merge/
    └─ migration.sql
  └─ 202609280013_ai_dispatch_ledger/
    └─ migration.sql
  └─ 202609280014_ai_business/
    └─ migration.sql
  └─ 202609280015_ai_operations/
    └─ migration.sql
  └─ 202609290001_ai_connections/
    └─ migration.sql
  └─ 202609290002_media_documents_video/
    └─ migration.sql
  └─ 202609290003_project_parties/
    └─ migration.sql
  └─ 202609290004_project_party_export_fields/
    └─ migration.sql
  └─ 202609290005_media_erased_limits/
    └─ migration.sql
  └─ 202609300001_talent_experience_pr01b/
    └─ migration.sql
  └─ 202610010001_talent_auth_principals/
    └─ migration.sql
  └─ 202610010002_talent_auth_key_binding/
    └─ migration.sql
  └─ 202610010003_talent_maintenance/
    └─ migration.sql
  └─ 202610010004_talent_basis_rebuild/
    └─ migration.sql
  └─ 202610010005_talent_maintenance_permissions/
    └─ migration.sql
  └─ 202610010006_talent_submission_ownership/
    └─ migration.sql
  └─ 202610010007_media_ownership/
    └─ migration.sql
  └─ 202610010008_media_collections/
    └─ migration.sql
      
All migrations have been successfully applied.
TAP version 13
# PASS identity PG: real CLI CHECK/APPLY; original person/evidence/source IDs, historical reviewer and digests retained; no extra talent or membership; audit failure rolls back and retry succeeds; nonempty target rejects replay
# Subtest: real PostgreSQL identity-only CLI rebuild retains multi-source evidence without manufacturing a talent profile or reviewer account
ok 1 - real PostgreSQL identity-only CLI rebuild retains multi-source evidence without manufacturing a talent profile or reviewer account
  ---
  duration_ms: 2685.532666
  type: 'test'
  ...
1..1
# tests 1
# suites 0
# pass 1
# fail 0
# cancelled 0
# skipped 0
# todo 0
# duration_ms 3012.05975
Prisma schema loaded from prisma/schema.prisma
Datasource "db": PostgreSQL database "once_test_td2_history_pr03cf_full2", schema "public" at "127.0.0.1:56531"

63 migrations found in prisma/migrations

Applying migration `202609220001_initial`
Applying migration `202609230001_source_history`
Applying migration `202609230002_record_handoffs`
Applying migration `202609230003_private_images`
Applying migration `202609240001_works_projects`
Applying migration `202609240002_search_shortlists`
Applying migration `202609240003_shortlist_asset_unlink`
Applying migration `202609240004_search_facts_sql`
Applying migration `202609240005_dictionary_search_namespaces`
Applying migration `202609240006_export_dependencies`
Applying migration `202609240007_export_payload_json_null`
Applying migration `202609240008_deletion_impact_preview`
Applying migration `202609240009_deletion_blocking`
Applying migration `202609240010_deletion_retention_plan`
Applying migration `202609240011_deletion_cleanup_execution`
Applying migration `202609240012_cleanup_null_guards`
Applying migration `202609250001_deletion_finalization_states`
Applying migration `202609250002_person_merge_foundation`
Applying migration `202609250003_person_merge_integrity`
Applying migration `202609260001_recovery_runs`
Applying migration `202609260002_recovery_inspection`
Applying migration `202609260003_recovery_report_guards`
Applying migration `202609260004_recovery_approval_evidence`
Applying migration `202609260005_recovery_approval_media_guard`
Applying migration `202609260006_recovery_backup_media_identity`
Applying migration `202609260007_recovery_delta_resolution`
Applying migration `202609270001_talent_domain_v2`
Applying migration `202609270002_talent_merge_history`
Applying migration `202609270003_talent_transfer`
Applying migration `202609270004_capability_transfer`
Applying migration `202609270005_external_ref_transfer`
Applying migration `202609270006_representation_transfer`
Applying migration `202609270007_field_evidence_transfer`
Applying migration `202609270008_credential_transfer`
Applying migration `202609280001_credential_media_transfer`
Applying migration `202609280002_collection_transfer`
Applying migration `202609280003_adult_eligibility_transfer`
Applying migration `202609280004_identity_evidence_transfer`
Applying migration `202609280005_merge_history_transfer`
Applying migration `202609280006_candidate_review_lineage`
Applying migration `202609280007_identity_retention_permission`
Applying migration `202609280008_merge_history_erasure`
Applying migration `202609280009_internal_locale_texts`
Applying migration `202609280010_locale_dependency_identity`
Applying migration `202609280011_locale_transfer`
Applying migration `202609280012_locale_merge`
Applying migration `202609280013_ai_dispatch_ledger`
Applying migration `202609280014_ai_business`
Applying migration `202609280015_ai_operations`
Applying migration `202609290001_ai_connections`
Applying migration `202609290002_media_documents_video`
Applying migration `202609290003_project_parties`
Applying migration `202609290004_project_party_export_fields`
Applying migration `202609290005_media_erased_limits`
Applying migration `202609300001_talent_experience_pr01b`
Applying migration `202610010001_talent_auth_principals`
Applying migration `202610010002_talent_auth_key_binding`
Applying migration `202610010003_talent_maintenance`
Applying migration `202610010004_talent_basis_rebuild`
Applying migration `202610010005_talent_maintenance_permissions`
Applying migration `202610010006_talent_submission_ownership`
Applying migration `202610010007_media_ownership`
Applying migration `202610010008_media_collections`

The following migration(s) have been applied:

migrations/
  └─ 202609220001_initial/
    └─ migration.sql
  └─ 202609230001_source_history/
    └─ migration.sql
  └─ 202609230002_record_handoffs/
    └─ migration.sql
  └─ 202609230003_private_images/
    └─ migration.sql
  └─ 202609240001_works_projects/
    └─ migration.sql
  └─ 202609240002_search_shortlists/
    └─ migration.sql
  └─ 202609240003_shortlist_asset_unlink/
    └─ migration.sql
  └─ 202609240004_search_facts_sql/
    └─ migration.sql
  └─ 202609240005_dictionary_search_namespaces/
    └─ migration.sql
  └─ 202609240006_export_dependencies/
    └─ migration.sql
  └─ 202609240007_export_payload_json_null/
    └─ migration.sql
  └─ 202609240008_deletion_impact_preview/
    └─ migration.sql
  └─ 202609240009_deletion_blocking/
    └─ migration.sql
  └─ 202609240010_deletion_retention_plan/
    └─ migration.sql
  └─ 202609240011_deletion_cleanup_execution/
    └─ migration.sql
  └─ 202609240012_cleanup_null_guards/
    └─ migration.sql
  └─ 202609250001_deletion_finalization_states/
    └─ migration.sql
  └─ 202609250002_person_merge_foundation/
    └─ migration.sql
  └─ 202609250003_person_merge_integrity/
    └─ migration.sql
  └─ 202609260001_recovery_runs/
    └─ migration.sql
  └─ 202609260002_recovery_inspection/
    └─ migration.sql
  └─ 202609260003_recovery_report_guards/
    └─ migration.sql
  └─ 202609260004_recovery_approval_evidence/
    └─ migration.sql
  └─ 202609260005_recovery_approval_media_guard/
    └─ migration.sql
  └─ 202609260006_recovery_backup_media_identity/
    └─ migration.sql
  └─ 202609260007_recovery_delta_resolution/
    └─ migration.sql
  └─ 202609270001_talent_domain_v2/
    └─ migration.sql
  └─ 202609270002_talent_merge_history/
    └─ migration.sql
  └─ 202609270003_talent_transfer/
    └─ migration.sql
  └─ 202609270004_capability_transfer/
    └─ migration.sql
  └─ 202609270005_external_ref_transfer/
    └─ migration.sql
  └─ 202609270006_representation_transfer/
    └─ migration.sql
  └─ 202609270007_field_evidence_transfer/
    └─ migration.sql
  └─ 202609270008_credential_transfer/
    └─ migration.sql
  └─ 202609280001_credential_media_transfer/
    └─ migration.sql
  └─ 202609280002_collection_transfer/
    └─ migration.sql
  └─ 202609280003_adult_eligibility_transfer/
    └─ migration.sql
  └─ 202609280004_identity_evidence_transfer/
    └─ migration.sql
  └─ 202609280005_merge_history_transfer/
    └─ migration.sql
  └─ 202609280006_candidate_review_lineage/
    └─ migration.sql
  └─ 202609280007_identity_retention_permission/
    └─ migration.sql
  └─ 202609280008_merge_history_erasure/
    └─ migration.sql
  └─ 202609280009_internal_locale_texts/
    └─ migration.sql
  └─ 202609280010_locale_dependency_identity/
    └─ migration.sql
  └─ 202609280011_locale_transfer/
    └─ migration.sql
  └─ 202609280012_locale_merge/
    └─ migration.sql
  └─ 202609280013_ai_dispatch_ledger/
    └─ migration.sql
  └─ 202609280014_ai_business/
    └─ migration.sql
  └─ 202609280015_ai_operations/
    └─ migration.sql
  └─ 202609290001_ai_connections/
    └─ migration.sql
  └─ 202609290002_media_documents_video/
    └─ migration.sql
  └─ 202609290003_project_parties/
    └─ migration.sql
  └─ 202609290004_project_party_export_fields/
    └─ migration.sql
  └─ 202609290005_media_erased_limits/
    └─ migration.sql
  └─ 202609300001_talent_experience_pr01b/
    └─ migration.sql
  └─ 202610010001_talent_auth_principals/
    └─ migration.sql
  └─ 202610010002_talent_auth_key_binding/
    └─ migration.sql
  └─ 202610010003_talent_maintenance/
    └─ migration.sql
  └─ 202610010004_talent_basis_rebuild/
    └─ migration.sql
  └─ 202610010005_talent_maintenance_permissions/
    └─ migration.sql
  └─ 202610010006_talent_submission_ownership/
    └─ migration.sql
  └─ 202610010007_media_ownership/
    └─ migration.sql
  └─ 202610010008_media_collections/
    └─ migration.sql
      
All migrations have been successfully applied.
Prisma schema loaded from prisma/schema.prisma
Datasource "db": PostgreSQL database "once_rebuild_history_pr03cf_full2", schema "public" at "127.0.0.1:56531"

63 migrations found in prisma/migrations

Applying migration `202609220001_initial`
Applying migration `202609230001_source_history`
Applying migration `202609230002_record_handoffs`
Applying migration `202609230003_private_images`
Applying migration `202609240001_works_projects`
Applying migration `202609240002_search_shortlists`
Applying migration `202609240003_shortlist_asset_unlink`
Applying migration `202609240004_search_facts_sql`
Applying migration `202609240005_dictionary_search_namespaces`
Applying migration `202609240006_export_dependencies`
Applying migration `202609240007_export_payload_json_null`
Applying migration `202609240008_deletion_impact_preview`
Applying migration `202609240009_deletion_blocking`
Applying migration `202609240010_deletion_retention_plan`
Applying migration `202609240011_deletion_cleanup_execution`
Applying migration `202609240012_cleanup_null_guards`
Applying migration `202609250001_deletion_finalization_states`
Applying migration `202609250002_person_merge_foundation`
Applying migration `202609250003_person_merge_integrity`
Applying migration `202609260001_recovery_runs`
Applying migration `202609260002_recovery_inspection`
Applying migration `202609260003_recovery_report_guards`
Applying migration `202609260004_recovery_approval_evidence`
Applying migration `202609260005_recovery_approval_media_guard`
Applying migration `202609260006_recovery_backup_media_identity`
Applying migration `202609260007_recovery_delta_resolution`
Applying migration `202609270001_talent_domain_v2`
Applying migration `202609270002_talent_merge_history`
Applying migration `202609270003_talent_transfer`
Applying migration `202609270004_capability_transfer`
Applying migration `202609270005_external_ref_transfer`
Applying migration `202609270006_representation_transfer`
Applying migration `202609270007_field_evidence_transfer`
Applying migration `202609270008_credential_transfer`
Applying migration `202609280001_credential_media_transfer`
Applying migration `202609280002_collection_transfer`
Applying migration `202609280003_adult_eligibility_transfer`
Applying migration `202609280004_identity_evidence_transfer`
Applying migration `202609280005_merge_history_transfer`
Applying migration `202609280006_candidate_review_lineage`
Applying migration `202609280007_identity_retention_permission`
Applying migration `202609280008_merge_history_erasure`
Applying migration `202609280009_internal_locale_texts`
Applying migration `202609280010_locale_dependency_identity`
Applying migration `202609280011_locale_transfer`
Applying migration `202609280012_locale_merge`
Applying migration `202609280013_ai_dispatch_ledger`
Applying migration `202609280014_ai_business`
Applying migration `202609280015_ai_operations`
Applying migration `202609290001_ai_connections`
Applying migration `202609290002_media_documents_video`
Applying migration `202609290003_project_parties`
Applying migration `202609290004_project_party_export_fields`
Applying migration `202609290005_media_erased_limits`
Applying migration `202609300001_talent_experience_pr01b`
Applying migration `202610010001_talent_auth_principals`
Applying migration `202610010002_talent_auth_key_binding`
Applying migration `202610010003_talent_maintenance`
Applying migration `202610010004_talent_basis_rebuild`
Applying migration `202610010005_talent_maintenance_permissions`
Applying migration `202610010006_talent_submission_ownership`
Applying migration `202610010007_media_ownership`
Applying migration `202610010008_media_collections`

The following migration(s) have been applied:

migrations/
  └─ 202609220001_initial/
    └─ migration.sql
  └─ 202609230001_source_history/
    └─ migration.sql
  └─ 202609230002_record_handoffs/
    └─ migration.sql
  └─ 202609230003_private_images/
    └─ migration.sql
  └─ 202609240001_works_projects/
    └─ migration.sql
  └─ 202609240002_search_shortlists/
    └─ migration.sql
  └─ 202609240003_shortlist_asset_unlink/
    └─ migration.sql
  └─ 202609240004_search_facts_sql/
    └─ migration.sql
  └─ 202609240005_dictionary_search_namespaces/
    └─ migration.sql
  └─ 202609240006_export_dependencies/
    └─ migration.sql
  └─ 202609240007_export_payload_json_null/
    └─ migration.sql
  └─ 202609240008_deletion_impact_preview/
    └─ migration.sql
  └─ 202609240009_deletion_blocking/
    └─ migration.sql
  └─ 202609240010_deletion_retention_plan/
    └─ migration.sql
  └─ 202609240011_deletion_cleanup_execution/
    └─ migration.sql
  └─ 202609240012_cleanup_null_guards/
    └─ migration.sql
  └─ 202609250001_deletion_finalization_states/
    └─ migration.sql
  └─ 202609250002_person_merge_foundation/
    └─ migration.sql
  └─ 202609250003_person_merge_integrity/
    └─ migration.sql
  └─ 202609260001_recovery_runs/
    └─ migration.sql
  └─ 202609260002_recovery_inspection/
    └─ migration.sql
  └─ 202609260003_recovery_report_guards/
    └─ migration.sql
  └─ 202609260004_recovery_approval_evidence/
    └─ migration.sql
  └─ 202609260005_recovery_approval_media_guard/
    └─ migration.sql
  └─ 202609260006_recovery_backup_media_identity/
    └─ migration.sql
  └─ 202609260007_recovery_delta_resolution/
    └─ migration.sql
  └─ 202609270001_talent_domain_v2/
    └─ migration.sql
  └─ 202609270002_talent_merge_history/
    └─ migration.sql
  └─ 202609270003_talent_transfer/
    └─ migration.sql
  └─ 202609270004_capability_transfer/
    └─ migration.sql
  └─ 202609270005_external_ref_transfer/
    └─ migration.sql
  └─ 202609270006_representation_transfer/
    └─ migration.sql
  └─ 202609270007_field_evidence_transfer/
    └─ migration.sql
  └─ 202609270008_credential_transfer/
    └─ migration.sql
  └─ 202609280001_credential_media_transfer/
    └─ migration.sql
  └─ 202609280002_collection_transfer/
    └─ migration.sql
  └─ 202609280003_adult_eligibility_transfer/
    └─ migration.sql
  └─ 202609280004_identity_evidence_transfer/
    └─ migration.sql
  └─ 202609280005_merge_history_transfer/
    └─ migration.sql
  └─ 202609280006_candidate_review_lineage/
    └─ migration.sql
  └─ 202609280007_identity_retention_permission/
    └─ migration.sql
  └─ 202609280008_merge_history_erasure/
    └─ migration.sql
  └─ 202609280009_internal_locale_texts/
    └─ migration.sql
  └─ 202609280010_locale_dependency_identity/
    └─ migration.sql
  └─ 202609280011_locale_transfer/
    └─ migration.sql
  └─ 202609280012_locale_merge/
    └─ migration.sql
  └─ 202609280013_ai_dispatch_ledger/
    └─ migration.sql
  └─ 202609280014_ai_business/
    └─ migration.sql
  └─ 202609280015_ai_operations/
    └─ migration.sql
  └─ 202609290001_ai_connections/
    └─ migration.sql
  └─ 202609290002_media_documents_video/
    └─ migration.sql
  └─ 202609290003_project_parties/
    └─ migration.sql
  └─ 202609290004_project_party_export_fields/
    └─ migration.sql
  └─ 202609290005_media_erased_limits/
    └─ migration.sql
  └─ 202609300001_talent_experience_pr01b/
    └─ migration.sql
  └─ 202610010001_talent_auth_principals/
    └─ migration.sql
  └─ 202610010002_talent_auth_key_binding/
    └─ migration.sql
  └─ 202610010003_talent_maintenance/
    └─ migration.sql
  └─ 202610010004_talent_basis_rebuild/
    └─ migration.sql
  └─ 202610010005_talent_maintenance_permissions/
    └─ migration.sql
  └─ 202610010006_talent_submission_ownership/
    └─ migration.sql
  └─ 202610010007_media_ownership/
    └─ migration.sql
  └─ 202610010008_media_collections/
    └─ migration.sql
      
All migrations have been successfully applied.
TAP version 13
# PASS history PG: real CLI CHECK/APPLY; archived person, alias, retained profile/measurement and source UUIDs preserved; original merge actor retained without creating account; SQL immutable history and original actor constraint enforced; audit failure rolls back and retry succeeds; nonempty target rejects replay
# Subtest: real PostgreSQL merge history CLI rebuild retains archived identities, aliases, original decisions and actor attribution
ok 1 - real PostgreSQL merge history CLI rebuild retains archived identities, aliases, original decisions and actor attribution
  ---
  duration_ms: 4505.275
  type: 'test'
  ...
1..1
# tests 1
# suites 0
# pass 1
# fail 0
# cancelled 0
# skipped 0
# todo 0
# duration_ms 4847.047292
