
> once-production-os@0.1.0-dev.1 verify:postgres /Users/dengwang/.codex/worktrees/talent-experience/once-production-os
> node scripts/verify-postgres.mjs

TAP version 13
# Subtest: fresh disposable PostgreSQL: constraints, real transactions and independent workers
    # Subtest: two independent clients serialize the same command into one source/person/receipt
    ok 1 - two independent clients serialize the same command into one source/person/receipt
      ---
      duration_ms: 185.621792
      type: 'test'
      ...
    # Subtest: actual PostgreSQL person-update rollback (atomic command coverage follows below)
    ok 2 - actual PostgreSQL person-update rollback (atomic command coverage follows below)
      ---
      duration_ms: 8.640541
      type: 'test'
      ...
    # Subtest: database itself rejects cross-workspace scope membership
    ok 3 - database itself rejects cross-workspace scope membership
      ---
      duration_ms: 10.493625
      type: 'test'
      ...
    # Subtest: two stale CAS writes cannot both succeed
    ok 4 - two stale CAS writes cannot both succeed
      ---
      duration_ms: 99.039709
      type: 'test'
      ...
    # Subtest: two workers claim once; expired owner cannot modify replacement lease
    ok 5 - two workers claim once; expired owner cannot modify replacement lease
      ---
      duration_ms: 164.607708
      type: 'test'
      ...
    # Subtest: real command rollback after sourceHistory insert, plus same-key successful retry
    ok 6 - real command rollback after sourceHistory insert, plus same-key successful retry
      ---
      duration_ms: 58.790667
      type: 'test'
      ...
    # Subtest: real command rollback after people insert, plus same-key successful retry
    ok 7 - real command rollback after people insert, plus same-key successful retry
      ---
      duration_ms: 63.838625
      type: 'test'
      ...
    # Subtest: real command rollback after audits insert, plus same-key successful retry
    ok 8 - real command rollback after audits insert, plus same-key successful retry
      ---
      duration_ms: 75.042084
      type: 'test'
      ...
    # Subtest: real command rollback after receipts insert, plus same-key successful retry
    ok 9 - real command rollback after receipts insert, plus same-key successful retry
      ---
      duration_ms: 175.362083
      type: 'test'
      ...
    # Subtest: new source-history SQL constraints reject duplicate revision, cross-scope FK, UPDATE and DELETE
    ok 10 - new source-history SQL constraints reject duplicate revision, cross-scope FK, UPDATE and DELETE
      ---
      duration_ms: 14.236125
      type: 'test'
      ...
    # Subtest: PG partial import resume retains checkpoints, idempotency and two-worker ownership
    ok 11 - PG partial import resume retains checkpoints, idempotency and two-worker ownership
      ---
      duration_ms: 217.735292
      type: 'test'
      ...
# {"metric":"PG-preview","people":100,"rows":100,"queries":33,"elapsedMs":129.17041700000027}
# {"metric":"PG-talent-search","people":100,"pageSize":20,"queries":20,"elapsedMs":86.60008299999981}
# {"metric":"PG-preview","people":1000,"rows":100,"queries":33,"elapsedMs":82.43562500000007}
# {"metric":"PG-talent-search","people":1000,"pageSize":20,"queries":20,"elapsedMs":32.13533299999972}
    # Subtest: PG query count stays bounded for 100/1000 people across preview and structured talent search
    ok 12 - PG query count stays bounded for 100/1000 people across preview and structured talent search
      ---
      duration_ms: 513.042167
      type: 'test'
      ...
    # Subtest: H1 PG private basic-profile grant and native evidence separation
    ok 13 - H1 PG private basic-profile grant and native evidence separation
      ---
      duration_ms: 561.973834
      type: 'test'
      ...
    # Subtest: H1 PG atomic handoff creation rollback after handoffs
    ok 14 - H1 PG atomic handoff creation rollback after handoffs
      ---
      duration_ms: 89.8955
      type: 'test'
      ...
    # Subtest: H1 PG atomic handoff creation rollback after audits
    ok 15 - H1 PG atomic handoff creation rollback after audits
      ---
      duration_ms: 81.7425
      type: 'test'
      ...
    # Subtest: H1 PG atomic handoff creation rollback after receipts
    ok 16 - H1 PG atomic handoff creation rollback after receipts
      ---
      duration_ms: 81.122208
      type: 'test'
      ...
    # Subtest: M1 PG same-key reservation, competing leases and unique asset from current attempt
    ok 17 - M1 PG same-key reservation, competing leases and unique asset from current attempt
      ---
      duration_ms: 283.173
      type: 'test'
      ...
    # Subtest: M1 PG READY publication rollback after assets
    ok 18 - M1 PG READY publication rollback after assets
      ---
      duration_ms: 284.2125
      type: 'test'
      ...
    # Subtest: M1 PG READY publication rollback after audits
    ok 19 - M1 PG READY publication rollback after audits
      ---
      duration_ms: 230.094583
      type: 'test'
      ...
    # Subtest: DEV-07G PG merge persists one decision/alias, replay is singular and old id resolves read-only
    ok 20 - DEV-07G PG merge persists one decision/alias, replay is singular and old id resolves read-only
      ---
      duration_ms: 517.370292
      type: 'test'
      ...
    # Subtest: WP1 PG identical create commands on independent clients make one root/source/receipt
    ok 21 - WP1 PG identical create commands on independent clients make one root/source/receipt
      ---
      duration_ms: 20.56
      type: 'test'
      ...
    # Subtest: WP1 PG concurrent child writes require same-parent CAS; retry old key does not write twice
    ok 22 - WP1 PG concurrent child writes require same-parent CAS; retry old key does not write twice
      ---
      duration_ms: 103.464542
      type: 'test'
      ...
    # Subtest: WP1 PG swaps deferred positions and validates cover belongs to this work at commit
    ok 23 - WP1 PG swaps deferred positions and validates cover belongs to this work at commit
      ---
      duration_ms: 145.625166
      type: 'test'
      ...
    # Subtest: WP1 PG removal compacts order, changes cover, but preserves original media
    ok 24 - WP1 PG removal compacts order, changes cover, but preserves original media
      ---
      duration_ms: 299.185
      type: 'test'
      ...
    # Subtest: WP1 PG relationship uniqueness, state checks and workspace FKs are enforced by PostgreSQL
    ok 25 - WP1 PG relationship uniqueness, state checks and workspace FKs are enforced by PostgreSQL
      ---
      duration_ms: 116.181375
      type: 'test'
      ...
    # Subtest: WP1 PG external work reference/delivery remains external; source loss redacts live children
    ok 26 - WP1 PG external work reference/delivery remains external; source loss redacts live children
      ---
      duration_ms: 138.469292
      type: 'test'
      ...
    # Subtest: WP1 PG link/cover/root/audit/receipt roll back after workAssets
    ok 27 - WP1 PG link/cover/root/audit/receipt roll back after workAssets
      ---
      duration_ms: 137.570167
      type: 'test'
      ...
    # Subtest: WP1 PG link/cover/root/audit/receipt roll back after audits
    ok 28 - WP1 PG link/cover/root/audit/receipt roll back after audits
      ---
      duration_ms: 109.841666
      type: 'test'
      ...
    # Subtest: WP1 PG link/cover/root/audit/receipt roll back after receipts
    ok 29 - WP1 PG link/cover/root/audit/receipt roll back after receipts
      ---
      duration_ms: 97.613291
      type: 'test'
      ...
    # Subtest: WP1 PG child insertion failure rolls back its parent revision: workCredits
    ok 30 - WP1 PG child insertion failure rolls back its parent revision: workCredits
      ---
      duration_ms: 80.1665
      type: 'test'
      ...
    # Subtest: WP1 PG child insertion failure rolls back its parent revision: projectParticipants
    ok 31 - WP1 PG child insertion failure rolls back its parent revision: projectParticipants
      ---
      duration_ms: 80.309542
      type: 'test'
      ...
    # Subtest: WP1 PG child insertion failure rolls back its parent revision: projectWorks
    ok 32 - WP1 PG child insertion failure rolls back its parent revision: projectWorks
      ---
      duration_ms: 39.700292
      type: 'test'
      ...
    # Subtest: DEV-06 PG work facts are constrained and power visible credited-work search
    ok 33 - DEV-06 PG work facts are constrained and power visible credited-work search
      ---
      duration_ms: 86.270208
      type: 'test'
      ...
    # Subtest: DEV-06 PG shortlist exact work-asset FK rejects cross-work selections
    ok 34 - DEV-06 PG shortlist exact work-asset FK rejects cross-work selections
      ---
      duration_ms: 489.566584
      type: 'test'
      ...
    # Subtest: DEV-06 PG unlinking a work image removes only derived shortlist selection and preserves media/item
    ok 35 - DEV-06 PG unlinking a work image removes only derived shortlist selection and preserves media/item
      ---
      duration_ms: 523.159541
      type: 'test'
      ...
    # Subtest: DEV-06 PG concurrent shortlist mutations serialize on root CAS
    ok 36 - DEV-06 PG concurrent shortlist mutations serialize on root CAS
      ---
      duration_ms: 122.962875
      type: 'test'
      ...
    # Subtest: DEV-06 PG candidate command rolls back after shortlistItems
    ok 37 - DEV-06 PG candidate command rolls back after shortlistItems
      ---
      duration_ms: 422.3665
      type: 'test'
      ...
    # Subtest: DEV-06 PG candidate command rolls back after shortlistItemAssets
    ok 38 - DEV-06 PG candidate command rolls back after shortlistItemAssets
      ---
      duration_ms: 415.254792
      type: 'test'
      ...
    # Subtest: DEV-06 PG candidate command rolls back after audits
    ok 39 - DEV-06 PG candidate command rolls back after audits
      ---
      duration_ms: 418.2945
      type: 'test'
      ...
    # Subtest: DEV-06 PG candidate command rolls back after receipts
    ok 40 - DEV-06 PG candidate command rolls back after receipts
      ---
      duration_ms: 531.97
      type: 'test'
      ...
    # Subtest: DEV-07A PG typed export permissions reject wrong-source subjects and unregistered fields
    ok 41 - DEV-07A PG typed export permissions reject wrong-source subjects and unregistered fields
      ---
      duration_ms: 22.072875
      type: 'test'
      ...
    # Subtest: DEV-07A PG export freezes exact dependency and worker produces private JSON payload
    ok 42 - DEV-07A PG export freezes exact dependency and worker produces private JSON payload
      ---
      duration_ms: 195.038875
      type: 'test'
      ...
    # Subtest: DEV-07A PG export create rolls back after exports
    ok 43 - DEV-07A PG export create rolls back after exports
      ---
      duration_ms: 133.843375
      type: 'test'
      ...
    # Subtest: DEV-07A PG export create rolls back after exportDependencies
    ok 44 - DEV-07A PG export create rolls back after exportDependencies
      ---
      duration_ms: 143.139417
      type: 'test'
      ...
    # Subtest: DEV-07A PG export create rolls back after audits
    ok 45 - DEV-07A PG export create rolls back after audits
      ---
      duration_ms: 143.455667
      type: 'test'
      ...
    # Subtest: DEV-07A PG export create rolls back after receipts
    ok 46 - DEV-07A PG export create rolls back after receipts
      ---
      duration_ms: 170.751542
      type: 'test'
      ...
    # Subtest: DEV-07B PG deletion target/source shape and unresolved-count constraints are enforced by DB
    ok 47 - DEV-07B PG deletion target/source shape and unresolved-count constraints are enforced by DB
      ---
      duration_ms: 24.96
      type: 'test'
      ...
    # Subtest: DEV-07B PG preview freezes exact visible impacts without blocking the target
    ok 48 - DEV-07B PG preview freezes exact visible impacts without blocking the target
      ---
      duration_ms: 254.1365
      type: 'test'
      ...
    # Subtest: DEV-07B PG draft deletion create rolls back after deletionRequests
    ok 49 - DEV-07B PG draft deletion create rolls back after deletionRequests
      ---
      duration_ms: 244.255584
      type: 'test'
      ...
    # Subtest: DEV-07B PG draft deletion create rolls back after deletionItems
    ok 50 - DEV-07B PG draft deletion create rolls back after deletionItems
      ---
      duration_ms: 244.468125
      type: 'test'
      ...
    # Subtest: DEV-07B PG draft deletion create rolls back after audits
    ok 51 - DEV-07B PG draft deletion create rolls back after audits
      ---
      duration_ms: 324.110667
      type: 'test'
      ...
    # Subtest: DEV-07B PG draft deletion create rolls back after receipts
    ok 52 - DEV-07B PG draft deletion create rolls back after receipts
      ---
      duration_ms: 275.019959
      type: 'test'
      ...
    # Subtest: DEV-07C PG person block raises protection epoch, hides normal reads/search and preserves row
    ok 53 - DEV-07C PG person block raises protection epoch, hides normal reads/search and preserves row
      ---
      duration_ms: 180.133541
      type: 'test'
      ...
    # Subtest: DEV-07C PG source block raises protection epoch and appends protected DELETION_BLOCKED history
    ok 54 - DEV-07C PG source block raises protection epoch and appends protected DELETION_BLOCKED history
      ---
      duration_ms: 144.419125
      type: 'test'
      ...
    # Subtest: DEV-07C PG source block rolls back after sourceHistory
    ok 55 - DEV-07C PG source block rolls back after sourceHistory
      ---
      duration_ms: 183.991584
      type: 'test'
      ...
    # Subtest: DEV-07C PG source block rolls back after audits
    ok 56 - DEV-07C PG source block rolls back after audits
      ---
      duration_ms: 197.120334
      type: 'test'
      ...
    # Subtest: DEV-07C PG source block rolls back after receipts
    ok 57 - DEV-07C PG source block rolls back after receipts
      ---
      duration_ms: 178.540042
      type: 'test'
      ...
    # Subtest: DEV-07D PG review decisions freeze a plan without cleaning underlying rows
    ok 58 - DEV-07D PG review decisions freeze a plan without cleaning underlying rows
      ---
      duration_ms: 272.534541
      type: 'test'
      ...
    # Subtest: DEV-07D PG invalid retention decision shapes are rejected by DB
    ok 59 - DEV-07D PG invalid retention decision shapes are rejected by DB
      ---
      duration_ms: 3.577667
      type: 'test'
      ...
    # Subtest: DEV-07D PG decision and freeze rollback with audit/receipt failures
    ok 60 - DEV-07D PG decision and freeze rollback with audit/receipt failures
      ---
      duration_ms: 311.447208
      type: 'test'
      ...
    # Subtest: DEV-07E PG executes frozen dependency cleanup and keeps blocked root
    ok 61 - DEV-07E PG executes frozen dependency cleanup and keeps blocked root
      ---
      duration_ms: 1012.8665
      type: 'test'
      ...
    # Subtest: DEV-07E PG cleanup item delete rolls back when audit insert fails, then retries safely
    ok 62 - DEV-07E PG cleanup item delete rolls back when audit insert fails, then retries safely
      ---
      duration_ms: 333.784084
      type: 'test'
      ...
    # Subtest: DEV-07E PG cleanup state constraints reject forged completion evidence
    ok 63 - DEV-07E PG cleanup state constraints reject forged completion evidence
      ---
      duration_ms: 3.543208
      type: 'test'
      ...
    # Subtest: DEV-07F PG source finalization redacts history and writes strict ERASED root
    ok 64 - DEV-07F PG source finalization redacts history and writes strict ERASED root
      ---
      duration_ms: 207.09375
      type: 'test'
      ...
    # Subtest: DEV-07F PG erased/final states cannot be forged without strict tombstone evidence
    ok 65 - DEV-07F PG erased/final states cannot be forged without strict tombstone evidence
      ---
      duration_ms: 207.511
      type: 'test'
      ...
    # Subtest: DEV-07F PG finalization audit failure rolls back root tombstone and final state, then retries safely
    ok 66 - DEV-07F PG finalization audit failure rolls back root tombstone and final state, then retries safely
      ---
      duration_ms: 462.989708
      type: 'test'
      ...
    1..66
ok 1 - fresh disposable PostgreSQL: constraints, real transactions and independent workers
  ---
  duration_ms: 15247.699291
  type: 'test'
  ...
1..1
# tests 67
# suites 0
# pass 67
# fail 0
# cancelled 0
# skipped 0
# todo 0
# duration_ms 15491.649875
Prisma schema loaded from prisma/schema.prisma
Datasource "db": PostgreSQL database "once_test_collection_base_pr03cf_1001_full", schema "public" at "127.0.0.1:56439"

63 migrations found in prisma/migrations

Applying migration `202609220001_initial`
Applying migration `202609230001_source_history`
Applying migration `202609230002_record_handoffs`
Applying migration `202609230003_private_images`
Applying migration `202609240001_works_projects`
Applying migration `202609240002_search_shortlists`
Applying migration `202609240003_shortlist_asset_unlink`
Applying migration `202609240004_search_facts_sql`
Applying migration `202609240005_dictionary_search_namespaces`
Applying migration `202609240006_export_dependencies`
Applying migration `202609240007_export_payload_json_null`
Applying migration `202609240008_deletion_impact_preview`
Applying migration `202609240009_deletion_blocking`
Applying migration `202609240010_deletion_retention_plan`
Applying migration `202609240011_deletion_cleanup_execution`
Applying migration `202609240012_cleanup_null_guards`
Applying migration `202609250001_deletion_finalization_states`
Applying migration `202609250002_person_merge_foundation`
Applying migration `202609250003_person_merge_integrity`
Applying migration `202609260001_recovery_runs`
Applying migration `202609260002_recovery_inspection`
Applying migration `202609260003_recovery_report_guards`
Applying migration `202609260004_recovery_approval_evidence`
Applying migration `202609260005_recovery_approval_media_guard`
Applying migration `202609260006_recovery_backup_media_identity`
Applying migration `202609260007_recovery_delta_resolution`
Applying migration `202609270001_talent_domain_v2`
Applying migration `202609270002_talent_merge_history`
Applying migration `202609270003_talent_transfer`
Applying migration `202609270004_capability_transfer`
Applying migration `202609270005_external_ref_transfer`
Applying migration `202609270006_representation_transfer`
Applying migration `202609270007_field_evidence_transfer`
Applying migration `202609270008_credential_transfer`
Applying migration `202609280001_credential_media_transfer`
Applying migration `202609280002_collection_transfer`
Applying migration `202609280003_adult_eligibility_transfer`
Applying migration `202609280004_identity_evidence_transfer`
Applying migration `202609280005_merge_history_transfer`
Applying migration `202609280006_candidate_review_lineage`
Applying migration `202609280007_identity_retention_permission`
Applying migration `202609280008_merge_history_erasure`
Applying migration `202609280009_internal_locale_texts`
Applying migration `202609280010_locale_dependency_identity`
Applying migration `202609280011_locale_transfer`
Applying migration `202609280012_locale_merge`
Applying migration `202609280013_ai_dispatch_ledger`
Applying migration `202609280014_ai_business`
Applying migration `202609280015_ai_operations`
Applying migration `202609290001_ai_connections`
Applying migration `202609290002_media_documents_video`
Applying migration `202609290003_project_parties`
Applying migration `202609290004_project_party_export_fields`
Applying migration `202609290005_media_erased_limits`
Applying migration `202609300001_talent_experience_pr01b`
Applying migration `202610010001_talent_auth_principals`
Applying migration `202610010002_talent_auth_key_binding`
Applying migration `202610010003_talent_maintenance`
Applying migration `202610010004_talent_basis_rebuild`
Applying migration `202610010005_talent_maintenance_permissions`
Applying migration `202610010006_talent_submission_ownership`
Applying migration `202610010007_media_ownership`
Applying migration `202610010008_media_collections`

The following migration(s) have been applied:

migrations/
  └─ 202609220001_initial/
    └─ migration.sql
  └─ 202609230001_source_history/
    └─ migration.sql
  └─ 202609230002_record_handoffs/
    └─ migration.sql
  └─ 202609230003_private_images/
    └─ migration.sql
  └─ 202609240001_works_projects/
    └─ migration.sql
  └─ 202609240002_search_shortlists/
    └─ migration.sql
  └─ 202609240003_shortlist_asset_unlink/
    └─ migration.sql
  └─ 202609240004_search_facts_sql/
    └─ migration.sql
  └─ 202609240005_dictionary_search_namespaces/
    └─ migration.sql
  └─ 202609240006_export_dependencies/
    └─ migration.sql
  └─ 202609240007_export_payload_json_null/
    └─ migration.sql
  └─ 202609240008_deletion_impact_preview/
    └─ migration.sql
  └─ 202609240009_deletion_blocking/
    └─ migration.sql
  └─ 202609240010_deletion_retention_plan/
    └─ migration.sql
  └─ 202609240011_deletion_cleanup_execution/
    └─ migration.sql
  └─ 202609240012_cleanup_null_guards/
    └─ migration.sql
  └─ 202609250001_deletion_finalization_states/
    └─ migration.sql
  └─ 202609250002_person_merge_foundation/
    └─ migration.sql
  └─ 202609250003_person_merge_integrity/
    └─ migration.sql
  └─ 202609260001_recovery_runs/
    └─ migration.sql
  └─ 202609260002_recovery_inspection/
    └─ migration.sql
  └─ 202609260003_recovery_report_guards/
    └─ migration.sql
  └─ 202609260004_recovery_approval_evidence/
    └─ migration.sql
  └─ 202609260005_recovery_approval_media_guard/
    └─ migration.sql
  └─ 202609260006_recovery_backup_media_identity/
    └─ migration.sql
  └─ 202609260007_recovery_delta_resolution/
    └─ migration.sql
  └─ 202609270001_talent_domain_v2/
    └─ migration.sql
  └─ 202609270002_talent_merge_history/
    └─ migration.sql
  └─ 202609270003_talent_transfer/
    └─ migration.sql
  └─ 202609270004_capability_transfer/
    └─ migration.sql
  └─ 202609270005_external_ref_transfer/
    └─ migration.sql
  └─ 202609270006_representation_transfer/
    └─ migration.sql
  └─ 202609270007_field_evidence_transfer/
    └─ migration.sql
  └─ 202609270008_credential_transfer/
    └─ migration.sql
  └─ 202609280001_credential_media_transfer/
    └─ migration.sql
  └─ 202609280002_collection_transfer/
    └─ migration.sql
  └─ 202609280003_adult_eligibility_transfer/
    └─ migration.sql
  └─ 202609280004_identity_evidence_transfer/
    └─ migration.sql
  └─ 202609280005_merge_history_transfer/
    └─ migration.sql
  └─ 202609280006_candidate_review_lineage/
    └─ migration.sql
  └─ 202609280007_identity_retention_permission/
    └─ migration.sql
  └─ 202609280008_merge_history_erasure/
    └─ migration.sql
  └─ 202609280009_internal_locale_texts/
    └─ migration.sql
  └─ 202609280010_locale_dependency_identity/
    └─ migration.sql
  └─ 202609280011_locale_transfer/
    └─ migration.sql
  └─ 202609280012_locale_merge/
    └─ migration.sql
  └─ 202609280013_ai_dispatch_ledger/
    └─ migration.sql
  └─ 202609280014_ai_business/
    └─ migration.sql
  └─ 202609280015_ai_operations/
    └─ migration.sql
  └─ 202609290001_ai_connections/
    └─ migration.sql
  └─ 202609290002_media_documents_video/
    └─ migration.sql
  └─ 202609290003_project_parties/
    └─ migration.sql
  └─ 202609290004_project_party_export_fields/
    └─ migration.sql
  └─ 202609290005_media_erased_limits/
    └─ migration.sql
  └─ 202609300001_talent_experience_pr01b/
    └─ migration.sql
  └─ 202610010001_talent_auth_principals/
    └─ migration.sql
  └─ 202610010002_talent_auth_key_binding/
    └─ migration.sql
  └─ 202610010003_talent_maintenance/
    └─ migration.sql
  └─ 202610010004_talent_basis_rebuild/
    └─ migration.sql
  └─ 202610010005_talent_maintenance_permissions/
    └─ migration.sql
  └─ 202610010006_talent_submission_ownership/
    └─ migration.sql
  └─ 202610010007_media_ownership/
    └─ migration.sql
  └─ 202610010008_media_collections/
    └─ migration.sql
      
All migrations have been successfully applied.
TAP version 13
# {"checks":["ready-staged-cannot-enter-formal-collection","typed-staged-collection-draft-saved","server-draft-order-cover-tags-roundtrip","duplicate-asset-and-foreign-cover-rejected","submitted-collection-frozen","collection-cannot-adopt-without-staged-dependencies","audit-failure-rolls-back-adoption-and-collection","review-atomic-and-same-key-replayed","formal-same-assets-order-cover-tags","formal-self-read-and-cross-account-denied","cross-submission-adopted-reference-no-file-copy-one-current-version","collection-cover-never-mutates-person-cover","remove-link-clears-cover-without-retiring-original","pg-cover-fk","pg-one-current-version","pg-unique-asset-and-order","pg-same-person-fk"]}
# Subtest: tests/postgres/media-collections.test.ts
ok 1 - tests/postgres/media-collections.test.ts
  ---
  duration_ms: 1758.224209
  type: 'test'
  ...
1..1
# tests 1
# suites 0
# pass 1
# fail 0
# cancelled 0
# skipped 0
# todo 0
# duration_ms 1762.248291
Prisma schema loaded from prisma/schema.prisma
Datasource "db": PostgreSQL database "once_test_collection_security_pr03cf_1001_full", schema "public" at "127.0.0.1:56439"

63 migrations found in prisma/migrations

Applying migration `202609220001_initial`
Applying migration `202609230001_source_history`
Applying migration `202609230002_record_handoffs`
Applying migration `202609230003_private_images`
Applying migration `202609240001_works_projects`
Applying migration `202609240002_search_shortlists`
Applying migration `202609240003_shortlist_asset_unlink`
Applying migration `202609240004_search_facts_sql`
Applying migration `202609240005_dictionary_search_namespaces`
Applying migration `202609240006_export_dependencies`
Applying migration `202609240007_export_payload_json_null`
Applying migration `202609240008_deletion_impact_preview`
Applying migration `202609240009_deletion_blocking`
Applying migration `202609240010_deletion_retention_plan`
Applying migration `202609240011_deletion_cleanup_execution`
Applying migration `202609240012_cleanup_null_guards`
Applying migration `202609250001_deletion_finalization_states`
Applying migration `202609250002_person_merge_foundation`
Applying migration `202609250003_person_merge_integrity`
Applying migration `202609260001_recovery_runs`
Applying migration `202609260002_recovery_inspection`
Applying migration `202609260003_recovery_report_guards`
Applying migration `202609260004_recovery_approval_evidence`
Applying migration `202609260005_recovery_approval_media_guard`
Applying migration `202609260006_recovery_backup_media_identity`
Applying migration `202609260007_recovery_delta_resolution`
Applying migration `202609270001_talent_domain_v2`
Applying migration `202609270002_talent_merge_history`
Applying migration `202609270003_talent_transfer`
Applying migration `202609270004_capability_transfer`
Applying migration `202609270005_external_ref_transfer`
Applying migration `202609270006_representation_transfer`
Applying migration `202609270007_field_evidence_transfer`
Applying migration `202609270008_credential_transfer`
Applying migration `202609280001_credential_media_transfer`
Applying migration `202609280002_collection_transfer`
Applying migration `202609280003_adult_eligibility_transfer`
Applying migration `202609280004_identity_evidence_transfer`
Applying migration `202609280005_merge_history_transfer`
Applying migration `202609280006_candidate_review_lineage`
Applying migration `202609280007_identity_retention_permission`
Applying migration `202609280008_merge_history_erasure`
Applying migration `202609280009_internal_locale_texts`
Applying migration `202609280010_locale_dependency_identity`
Applying migration `202609280011_locale_transfer`
Applying migration `202609280012_locale_merge`
Applying migration `202609280013_ai_dispatch_ledger`
Applying migration `202609280014_ai_business`
Applying migration `202609280015_ai_operations`
Applying migration `202609290001_ai_connections`
Applying migration `202609290002_media_documents_video`
Applying migration `202609290003_project_parties`
Applying migration `202609290004_project_party_export_fields`
Applying migration `202609290005_media_erased_limits`
Applying migration `202609300001_talent_experience_pr01b`
Applying migration `202610010001_talent_auth_principals`
Applying migration `202610010002_talent_auth_key_binding`
Applying migration `202610010003_talent_maintenance`
Applying migration `202610010004_talent_basis_rebuild`
Applying migration `202610010005_talent_maintenance_permissions`
Applying migration `202610010006_talent_submission_ownership`
Applying migration `202610010007_media_ownership`
Applying migration `202610010008_media_collections`

The following migration(s) have been applied:

migrations/
  └─ 202609220001_initial/
    └─ migration.sql
  └─ 202609230001_source_history/
    └─ migration.sql
  └─ 202609230002_record_handoffs/
    └─ migration.sql
  └─ 202609230003_private_images/
    └─ migration.sql
  └─ 202609240001_works_projects/
    └─ migration.sql
  └─ 202609240002_search_shortlists/
    └─ migration.sql
  └─ 202609240003_shortlist_asset_unlink/
    └─ migration.sql
  └─ 202609240004_search_facts_sql/
    └─ migration.sql
  └─ 202609240005_dictionary_search_namespaces/
    └─ migration.sql
  └─ 202609240006_export_dependencies/
    └─ migration.sql
  └─ 202609240007_export_payload_json_null/
    └─ migration.sql
  └─ 202609240008_deletion_impact_preview/
    └─ migration.sql
  └─ 202609240009_deletion_blocking/
    └─ migration.sql
  └─ 202609240010_deletion_retention_plan/
    └─ migration.sql
  └─ 202609240011_deletion_cleanup_execution/
    └─ migration.sql
  └─ 202609240012_cleanup_null_guards/
    └─ migration.sql
  └─ 202609250001_deletion_finalization_states/
    └─ migration.sql
  └─ 202609250002_person_merge_foundation/
    └─ migration.sql
  └─ 202609250003_person_merge_integrity/
    └─ migration.sql
  └─ 202609260001_recovery_runs/
    └─ migration.sql
  └─ 202609260002_recovery_inspection/
    └─ migration.sql
  └─ 202609260003_recovery_report_guards/
    └─ migration.sql
  └─ 202609260004_recovery_approval_evidence/
    └─ migration.sql
  └─ 202609260005_recovery_approval_media_guard/
    └─ migration.sql
  └─ 202609260006_recovery_backup_media_identity/
    └─ migration.sql
  └─ 202609260007_recovery_delta_resolution/
    └─ migration.sql
  └─ 202609270001_talent_domain_v2/
    └─ migration.sql
  └─ 202609270002_talent_merge_history/
    └─ migration.sql
  └─ 202609270003_talent_transfer/
    └─ migration.sql
  └─ 202609270004_capability_transfer/
    └─ migration.sql
  └─ 202609270005_external_ref_transfer/
    └─ migration.sql
  └─ 202609270006_representation_transfer/
    └─ migration.sql
  └─ 202609270007_field_evidence_transfer/
    └─ migration.sql
  └─ 202609270008_credential_transfer/
    └─ migration.sql
  └─ 202609280001_credential_media_transfer/
    └─ migration.sql
  └─ 202609280002_collection_transfer/
    └─ migration.sql
  └─ 202609280003_adult_eligibility_transfer/
    └─ migration.sql
  └─ 202609280004_identity_evidence_transfer/
    └─ migration.sql
  └─ 202609280005_merge_history_transfer/
    └─ migration.sql
  └─ 202609280006_candidate_review_lineage/
    └─ migration.sql
  └─ 202609280007_identity_retention_permission/
    └─ migration.sql
  └─ 202609280008_merge_history_erasure/
    └─ migration.sql
  └─ 202609280009_internal_locale_texts/
    └─ migration.sql
  └─ 202609280010_locale_dependency_identity/
    └─ migration.sql
  └─ 202609280011_locale_transfer/
    └─ migration.sql
  └─ 202609280012_locale_merge/
    └─ migration.sql
  └─ 202609280013_ai_dispatch_ledger/
    └─ migration.sql
  └─ 202609280014_ai_business/
    └─ migration.sql
  └─ 202609280015_ai_operations/
    └─ migration.sql
  └─ 202609290001_ai_connections/
    └─ migration.sql
  └─ 202609290002_media_documents_video/
    └─ migration.sql
  └─ 202609290003_project_parties/
    └─ migration.sql
  └─ 202609290004_project_party_export_fields/
    └─ migration.sql
  └─ 202609290005_media_erased_limits/
    └─ migration.sql
  └─ 202609300001_talent_experience_pr01b/
    └─ migration.sql
  └─ 202610010001_talent_auth_principals/
    └─ migration.sql
  └─ 202610010002_talent_auth_key_binding/
    └─ migration.sql
  └─ 202610010003_talent_maintenance/
    └─ migration.sql
  └─ 202610010004_talent_basis_rebuild/
    └─ migration.sql
  └─ 202610010005_talent_maintenance_permissions/
    └─ migration.sql
  └─ 202610010006_talent_submission_ownership/
    └─ migration.sql
  └─ 202610010007_media_ownership/
    └─ migration.sql
  └─ 202610010008_media_collections/
    └─ migration.sql
      
All migrations have been successfully applied.
TAP version 13
# {"checks":["ready-staged-cannot-enter-formal-collection","typed-staged-collection-draft-saved","server-draft-order-cover-tags-roundtrip","duplicate-asset-and-foreign-cover-rejected","submitted-collection-frozen","collection-cannot-adopt-without-staged-dependencies","audit-failure-rolls-back-adoption-and-collection","review-atomic-and-same-key-replayed","formal-same-assets-order-cover-tags","formal-self-read-and-cross-account-denied","cross-submission-adopted-reference-no-file-copy-one-current-version","collection-cover-never-mutates-person-cover","remove-link-clears-cover-without-retiring-original","internal-collection-formal-person-source-authority","image-in-showreel-rejected","duplicate-tag-rejected","unknown-tag-code-rejected","foreign-person-formal-asset-rejected","role-specific-asset-cannot-be-borrowed-by-person-general-collection","quarantined-media-rejected","retired-media-rejected","media-consent-required-even-existing-reference","concurrent-same-key-single-order-command","concurrent-new-keys-cas-conflict-no-duplicate-order","withdraw-item-source-filters-items-cover-without-deleting-independent-collection","collection-own-source-suspension-disables-whole-collection","revoked-grant-blocks-formal-gallery-and-original"]}
# Subtest: tests/postgres/media-collections.test.ts
ok 1 - tests/postgres/media-collections.test.ts
  ---
  duration_ms: 2140.493875
  type: 'test'
  ...
1..1
# tests 1
# suites 0
# pass 1
# fail 0
# cancelled 0
# skipped 0
# todo 0
# duration_ms 2145.004917
Prisma schema loaded from prisma/schema.prisma
Datasource "db": PostgreSQL database "once_test_collection_enroll_pr03cf_1001_full", schema "public" at "127.0.0.1:56439"

63 migrations found in prisma/migrations

Applying migration `202609220001_initial`
Applying migration `202609230001_source_history`
Applying migration `202609230002_record_handoffs`
Applying migration `202609230003_private_images`
Applying migration `202609240001_works_projects`
Applying migration `202609240002_search_shortlists`
Applying migration `202609240003_shortlist_asset_unlink`
Applying migration `202609240004_search_facts_sql`
Applying migration `202609240005_dictionary_search_namespaces`
Applying migration `202609240006_export_dependencies`
Applying migration `202609240007_export_payload_json_null`
Applying migration `202609240008_deletion_impact_preview`
Applying migration `202609240009_deletion_blocking`
Applying migration `202609240010_deletion_retention_plan`
Applying migration `202609240011_deletion_cleanup_execution`
Applying migration `202609240012_cleanup_null_guards`
Applying migration `202609250001_deletion_finalization_states`
Applying migration `202609250002_person_merge_foundation`
Applying migration `202609250003_person_merge_integrity`
Applying migration `202609260001_recovery_runs`
Applying migration `202609260002_recovery_inspection`
Applying migration `202609260003_recovery_report_guards`
Applying migration `202609260004_recovery_approval_evidence`
Applying migration `202609260005_recovery_approval_media_guard`
Applying migration `202609260006_recovery_backup_media_identity`
Applying migration `202609260007_recovery_delta_resolution`
Applying migration `202609270001_talent_domain_v2`
Applying migration `202609270002_talent_merge_history`
Applying migration `202609270003_talent_transfer`
Applying migration `202609270004_capability_transfer`
Applying migration `202609270005_external_ref_transfer`
Applying migration `202609270006_representation_transfer`
Applying migration `202609270007_field_evidence_transfer`
Applying migration `202609270008_credential_transfer`
Applying migration `202609280001_credential_media_transfer`
Applying migration `202609280002_collection_transfer`
Applying migration `202609280003_adult_eligibility_transfer`
Applying migration `202609280004_identity_evidence_transfer`
Applying migration `202609280005_merge_history_transfer`
Applying migration `202609280006_candidate_review_lineage`
Applying migration `202609280007_identity_retention_permission`
Applying migration `202609280008_merge_history_erasure`
Applying migration `202609280009_internal_locale_texts`
Applying migration `202609280010_locale_dependency_identity`
Applying migration `202609280011_locale_transfer`
Applying migration `202609280012_locale_merge`
Applying migration `202609280013_ai_dispatch_ledger`
Applying migration `202609280014_ai_business`
Applying migration `202609280015_ai_operations`
Applying migration `202609290001_ai_connections`
Applying migration `202609290002_media_documents_video`
Applying migration `202609290003_project_parties`
Applying migration `202609290004_project_party_export_fields`
Applying migration `202609290005_media_erased_limits`
Applying migration `202609300001_talent_experience_pr01b`
Applying migration `202610010001_talent_auth_principals`
Applying migration `202610010002_talent_auth_key_binding`
Applying migration `202610010003_talent_maintenance`
Applying migration `202610010004_talent_basis_rebuild`
Applying migration `202610010005_talent_maintenance_permissions`
Applying migration `202610010006_talent_submission_ownership`
Applying migration `202610010007_media_ownership`
Applying migration `202610010008_media_collections`

The following migration(s) have been applied:

migrations/
  └─ 202609220001_initial/
    └─ migration.sql
  └─ 202609230001_source_history/
    └─ migration.sql
  └─ 202609230002_record_handoffs/
    └─ migration.sql
  └─ 202609230003_private_images/
    └─ migration.sql
  └─ 202609240001_works_projects/
    └─ migration.sql
  └─ 202609240002_search_shortlists/
    └─ migration.sql
  └─ 202609240003_shortlist_asset_unlink/
    └─ migration.sql
  └─ 202609240004_search_facts_sql/
    └─ migration.sql
  └─ 202609240005_dictionary_search_namespaces/
    └─ migration.sql
  └─ 202609240006_export_dependencies/
    └─ migration.sql
  └─ 202609240007_export_payload_json_null/
    └─ migration.sql
  └─ 202609240008_deletion_impact_preview/
    └─ migration.sql
  └─ 202609240009_deletion_blocking/
    └─ migration.sql
  └─ 202609240010_deletion_retention_plan/
    └─ migration.sql
  └─ 202609240011_deletion_cleanup_execution/
    └─ migration.sql
  └─ 202609240012_cleanup_null_guards/
    └─ migration.sql
  └─ 202609250001_deletion_finalization_states/
    └─ migration.sql
  └─ 202609250002_person_merge_foundation/
    └─ migration.sql
  └─ 202609250003_person_merge_integrity/
    └─ migration.sql
  └─ 202609260001_recovery_runs/
    └─ migration.sql
  └─ 202609260002_recovery_inspection/
    └─ migration.sql
  └─ 202609260003_recovery_report_guards/
    └─ migration.sql
  └─ 202609260004_recovery_approval_evidence/
    └─ migration.sql
  └─ 202609260005_recovery_approval_media_guard/
    └─ migration.sql
  └─ 202609260006_recovery_backup_media_identity/
    └─ migration.sql
  └─ 202609260007_recovery_delta_resolution/
    └─ migration.sql
  └─ 202609270001_talent_domain_v2/
    └─ migration.sql
  └─ 202609270002_talent_merge_history/
    └─ migration.sql
  └─ 202609270003_talent_transfer/
    └─ migration.sql
  └─ 202609270004_capability_transfer/
    └─ migration.sql
  └─ 202609270005_external_ref_transfer/
    └─ migration.sql
  └─ 202609270006_representation_transfer/
    └─ migration.sql
  └─ 202609270007_field_evidence_transfer/
    └─ migration.sql
  └─ 202609270008_credential_transfer/
    └─ migration.sql
  └─ 202609280001_credential_media_transfer/
    └─ migration.sql
  └─ 202609280002_collection_transfer/
    └─ migration.sql
  └─ 202609280003_adult_eligibility_transfer/
    └─ migration.sql
  └─ 202609280004_identity_evidence_transfer/
    └─ migration.sql
  └─ 202609280005_merge_history_transfer/
    └─ migration.sql
  └─ 202609280006_candidate_review_lineage/
    └─ migration.sql
  └─ 202609280007_identity_retention_permission/
    └─ migration.sql
  └─ 202609280008_merge_history_erasure/
    └─ migration.sql
  └─ 202609280009_internal_locale_texts/
    └─ migration.sql
  └─ 202609280010_locale_dependency_identity/
    └─ migration.sql
  └─ 202609280011_locale_transfer/
    └─ migration.sql
  └─ 202609280012_locale_merge/
    └─ migration.sql
  └─ 202609280013_ai_dispatch_ledger/
    └─ migration.sql
  └─ 202609280014_ai_business/
    └─ migration.sql
  └─ 202609280015_ai_operations/
    └─ migration.sql
  └─ 202609290001_ai_connections/
    └─ migration.sql
  └─ 202609290002_media_documents_video/
    └─ migration.sql
  └─ 202609290003_project_parties/
    └─ migration.sql
  └─ 202609290004_project_party_export_fields/
    └─ migration.sql
  └─ 202609290005_media_erased_limits/
    └─ migration.sql
  └─ 202609300001_talent_experience_pr01b/
    └─ migration.sql
  └─ 202610010001_talent_auth_principals/
    └─ migration.sql
  └─ 202610010002_talent_auth_key_binding/
    └─ migration.sql
  └─ 202610010003_talent_maintenance/
    └─ migration.sql
  └─ 202610010004_talent_basis_rebuild/
    └─ migration.sql
  └─ 202610010005_talent_maintenance_permissions/
    └─ migration.sql
  └─ 202610010006_talent_submission_ownership/
    └─ migration.sql
  └─ 202610010007_media_ownership/
    └─ migration.sql
  └─ 202610010008_media_collections/
    └─ migration.sql
      
All migrations have been successfully applied.
TAP version 13
# {"checks":["enroll-existing-reference-always-denied","enroll-collection-draft-no-fake-person","enroll-adoption-creates-person-grant-collection-in-one-transaction","person-deletion-blocks-collection-and-bytes-before-physical-cleanup"]}
# Subtest: tests/postgres/media-collections.test.ts
ok 1 - tests/postgres/media-collections.test.ts
  ---
  duration_ms: 1212.332666
  type: 'test'
  ...
1..1
# tests 1
# suites 0
# pass 1
# fail 0
# cancelled 0
# skipped 0
# todo 0
# duration_ms 1217.4655
Prisma schema loaded from prisma/schema.prisma
Datasource "db": PostgreSQL database "once_test_collection_export_pr03cf_1001_full", schema "public" at "127.0.0.1:56439"

63 migrations found in prisma/migrations

Applying migration `202609220001_initial`
Applying migration `202609230001_source_history`
Applying migration `202609230002_record_handoffs`
Applying migration `202609230003_private_images`
Applying migration `202609240001_works_projects`
Applying migration `202609240002_search_shortlists`
Applying migration `202609240003_shortlist_asset_unlink`
Applying migration `202609240004_search_facts_sql`
Applying migration `202609240005_dictionary_search_namespaces`
Applying migration `202609240006_export_dependencies`
Applying migration `202609240007_export_payload_json_null`
Applying migration `202609240008_deletion_impact_preview`
Applying migration `202609240009_deletion_blocking`
Applying migration `202609240010_deletion_retention_plan`
Applying migration `202609240011_deletion_cleanup_execution`
Applying migration `202609240012_cleanup_null_guards`
Applying migration `202609250001_deletion_finalization_states`
Applying migration `202609250002_person_merge_foundation`
Applying migration `202609250003_person_merge_integrity`
Applying migration `202609260001_recovery_runs`
Applying migration `202609260002_recovery_inspection`
Applying migration `202609260003_recovery_report_guards`
Applying migration `202609260004_recovery_approval_evidence`
Applying migration `202609260005_recovery_approval_media_guard`
Applying migration `202609260006_recovery_backup_media_identity`
Applying migration `202609260007_recovery_delta_resolution`
Applying migration `202609270001_talent_domain_v2`
Applying migration `202609270002_talent_merge_history`
Applying migration `202609270003_talent_transfer`
Applying migration `202609270004_capability_transfer`
Applying migration `202609270005_external_ref_transfer`
Applying migration `202609270006_representation_transfer`
Applying migration `202609270007_field_evidence_transfer`
Applying migration `202609270008_credential_transfer`
Applying migration `202609280001_credential_media_transfer`
Applying migration `202609280002_collection_transfer`
Applying migration `202609280003_adult_eligibility_transfer`
Applying migration `202609280004_identity_evidence_transfer`
Applying migration `202609280005_merge_history_transfer`
Applying migration `202609280006_candidate_review_lineage`
Applying migration `202609280007_identity_retention_permission`
Applying migration `202609280008_merge_history_erasure`
Applying migration `202609280009_internal_locale_texts`
Applying migration `202609280010_locale_dependency_identity`
Applying migration `202609280011_locale_transfer`
Applying migration `202609280012_locale_merge`
Applying migration `202609280013_ai_dispatch_ledger`
Applying migration `202609280014_ai_business`
Applying migration `202609280015_ai_operations`
Applying migration `202609290001_ai_connections`
Applying migration `202609290002_media_documents_video`
Applying migration `202609290003_project_parties`
Applying migration `202609290004_project_party_export_fields`
Applying migration `202609290005_media_erased_limits`
Applying migration `202609300001_talent_experience_pr01b`
Applying migration `202610010001_talent_auth_principals`
Applying migration `202610010002_talent_auth_key_binding`
Applying migration `202610010003_talent_maintenance`
Applying migration `202610010004_talent_basis_rebuild`
Applying migration `202610010005_talent_maintenance_permissions`
Applying migration `202610010006_talent_submission_ownership`
Applying migration `202610010007_media_ownership`
Applying migration `202610010008_media_collections`

The following migration(s) have been applied:

migrations/
  └─ 202609220001_initial/
    └─ migration.sql
  └─ 202609230001_source_history/
    └─ migration.sql
  └─ 202609230002_record_handoffs/
    └─ migration.sql
  └─ 202609230003_private_images/
    └─ migration.sql
  └─ 202609240001_works_projects/
    └─ migration.sql
  └─ 202609240002_search_shortlists/
    └─ migration.sql
  └─ 202609240003_shortlist_asset_unlink/
    └─ migration.sql
  └─ 202609240004_search_facts_sql/
    └─ migration.sql
  └─ 202609240005_dictionary_search_namespaces/
    └─ migration.sql
  └─ 202609240006_export_dependencies/
    └─ migration.sql
  └─ 202609240007_export_payload_json_null/
    └─ migration.sql
  └─ 202609240008_deletion_impact_preview/
    └─ migration.sql
  └─ 202609240009_deletion_blocking/
    └─ migration.sql
  └─ 202609240010_deletion_retention_plan/
    └─ migration.sql
  └─ 202609240011_deletion_cleanup_execution/
    └─ migration.sql
  └─ 202609240012_cleanup_null_guards/
    └─ migration.sql
  └─ 202609250001_deletion_finalization_states/
    └─ migration.sql
  └─ 202609250002_person_merge_foundation/
    └─ migration.sql
  └─ 202609250003_person_merge_integrity/
    └─ migration.sql
  └─ 202609260001_recovery_runs/
    └─ migration.sql
  └─ 202609260002_recovery_inspection/
    └─ migration.sql
  └─ 202609260003_recovery_report_guards/
    └─ migration.sql
  └─ 202609260004_recovery_approval_evidence/
    └─ migration.sql
  └─ 202609260005_recovery_approval_media_guard/
    └─ migration.sql
  └─ 202609260006_recovery_backup_media_identity/
    └─ migration.sql
  └─ 202609260007_recovery_delta_resolution/
    └─ migration.sql
  └─ 202609270001_talent_domain_v2/
    └─ migration.sql
  └─ 202609270002_talent_merge_history/
    └─ migration.sql
  └─ 202609270003_talent_transfer/
    └─ migration.sql
  └─ 202609270004_capability_transfer/
    └─ migration.sql
  └─ 202609270005_external_ref_transfer/
    └─ migration.sql
  └─ 202609270006_representation_transfer/
    └─ migration.sql
  └─ 202609270007_field_evidence_transfer/
    └─ migration.sql
  └─ 202609270008_credential_transfer/
    └─ migration.sql
  └─ 202609280001_credential_media_transfer/
    └─ migration.sql
  └─ 202609280002_collection_transfer/
    └─ migration.sql
  └─ 202609280003_adult_eligibility_transfer/
    └─ migration.sql
  └─ 202609280004_identity_evidence_transfer/
    └─ migration.sql
  └─ 202609280005_merge_history_transfer/
    └─ migration.sql
  └─ 202609280006_candidate_review_lineage/
    └─ migration.sql
  └─ 202609280007_identity_retention_permission/
    └─ migration.sql
  └─ 202609280008_merge_history_erasure/
    └─ migration.sql
  └─ 202609280009_internal_locale_texts/
    └─ migration.sql
  └─ 202609280010_locale_dependency_identity/
    └─ migration.sql
  └─ 202609280011_locale_transfer/
    └─ migration.sql
  └─ 202609280012_locale_merge/
    └─ migration.sql
  └─ 202609280013_ai_dispatch_ledger/
    └─ migration.sql
  └─ 202609280014_ai_business/
    └─ migration.sql
  └─ 202609280015_ai_operations/
    └─ migration.sql
  └─ 202609290001_ai_connections/
    └─ migration.sql
  └─ 202609290002_media_documents_video/
    └─ migration.sql
  └─ 202609290003_project_parties/
    └─ migration.sql
  └─ 202609290004_project_party_export_fields/
    └─ migration.sql
  └─ 202609290005_media_erased_limits/
    └─ migration.sql
  └─ 202609300001_talent_experience_pr01b/
    └─ migration.sql
  └─ 202610010001_talent_auth_principals/
    └─ migration.sql
  └─ 202610010002_talent_auth_key_binding/
    └─ migration.sql
  └─ 202610010003_talent_maintenance/
    └─ migration.sql
  └─ 202610010004_talent_basis_rebuild/
    └─ migration.sql
  └─ 202610010005_talent_maintenance_permissions/
    └─ migration.sql
  └─ 202610010006_talent_submission_ownership/
    └─ migration.sql
  └─ 202610010007_media_ownership/
    └─ migration.sql
  └─ 202610010008_media_collections/
    └─ migration.sql
      
All migrations have been successfully applied.
Prisma schema loaded from prisma/schema.prisma
Datasource "db": PostgreSQL database "once_test_collection_rebuild_pr03cf_1001_full", schema "public" at "127.0.0.1:56439"

63 migrations found in prisma/migrations

Applying migration `202609220001_initial`
Applying migration `202609230001_source_history`
Applying migration `202609230002_record_handoffs`
Applying migration `202609230003_private_images`
Applying migration `202609240001_works_projects`
Applying migration `202609240002_search_shortlists`
Applying migration `202609240003_shortlist_asset_unlink`
Applying migration `202609240004_search_facts_sql`
Applying migration `202609240005_dictionary_search_namespaces`
Applying migration `202609240006_export_dependencies`
Applying migration `202609240007_export_payload_json_null`
Applying migration `202609240008_deletion_impact_preview`
Applying migration `202609240009_deletion_blocking`
Applying migration `202609240010_deletion_retention_plan`
Applying migration `202609240011_deletion_cleanup_execution`
Applying migration `202609240012_cleanup_null_guards`
Applying migration `202609250001_deletion_finalization_states`
Applying migration `202609250002_person_merge_foundation`
Applying migration `202609250003_person_merge_integrity`
Applying migration `202609260001_recovery_runs`
Applying migration `202609260002_recovery_inspection`
Applying migration `202609260003_recovery_report_guards`
Applying migration `202609260004_recovery_approval_evidence`
Applying migration `202609260005_recovery_approval_media_guard`
Applying migration `202609260006_recovery_backup_media_identity`
Applying migration `202609260007_recovery_delta_resolution`
Applying migration `202609270001_talent_domain_v2`
Applying migration `202609270002_talent_merge_history`
Applying migration `202609270003_talent_transfer`
Applying migration `202609270004_capability_transfer`
Applying migration `202609270005_external_ref_transfer`
Applying migration `202609270006_representation_transfer`
Applying migration `202609270007_field_evidence_transfer`
Applying migration `202609270008_credential_transfer`
Applying migration `202609280001_credential_media_transfer`
Applying migration `202609280002_collection_transfer`
Applying migration `202609280003_adult_eligibility_transfer`
Applying migration `202609280004_identity_evidence_transfer`
Applying migration `202609280005_merge_history_transfer`
Applying migration `202609280006_candidate_review_lineage`
Applying migration `202609280007_identity_retention_permission`
Applying migration `202609280008_merge_history_erasure`
Applying migration `202609280009_internal_locale_texts`
Applying migration `202609280010_locale_dependency_identity`
Applying migration `202609280011_locale_transfer`
Applying migration `202609280012_locale_merge`
Applying migration `202609280013_ai_dispatch_ledger`
Applying migration `202609280014_ai_business`
Applying migration `202609280015_ai_operations`
Applying migration `202609290001_ai_connections`
Applying migration `202609290002_media_documents_video`
Applying migration `202609290003_project_parties`
Applying migration `202609290004_project_party_export_fields`
Applying migration `202609290005_media_erased_limits`
Applying migration `202609300001_talent_experience_pr01b`
Applying migration `202610010001_talent_auth_principals`
Applying migration `202610010002_talent_auth_key_binding`
Applying migration `202610010003_talent_maintenance`
Applying migration `202610010004_talent_basis_rebuild`
Applying migration `202610010005_talent_maintenance_permissions`
Applying migration `202610010006_talent_submission_ownership`
Applying migration `202610010007_media_ownership`
Applying migration `202610010008_media_collections`

The following migration(s) have been applied:

migrations/
  └─ 202609220001_initial/
    └─ migration.sql
  └─ 202609230001_source_history/
    └─ migration.sql
  └─ 202609230002_record_handoffs/
    └─ migration.sql
  └─ 202609230003_private_images/
    └─ migration.sql
  └─ 202609240001_works_projects/
    └─ migration.sql
  └─ 202609240002_search_shortlists/
    └─ migration.sql
  └─ 202609240003_shortlist_asset_unlink/
    └─ migration.sql
  └─ 202609240004_search_facts_sql/
    └─ migration.sql
  └─ 202609240005_dictionary_search_namespaces/
    └─ migration.sql
  └─ 202609240006_export_dependencies/
    └─ migration.sql
  └─ 202609240007_export_payload_json_null/
    └─ migration.sql
  └─ 202609240008_deletion_impact_preview/
    └─ migration.sql
  └─ 202609240009_deletion_blocking/
    └─ migration.sql
  └─ 202609240010_deletion_retention_plan/
    └─ migration.sql
  └─ 202609240011_deletion_cleanup_execution/
    └─ migration.sql
  └─ 202609240012_cleanup_null_guards/
    └─ migration.sql
  └─ 202609250001_deletion_finalization_states/
    └─ migration.sql
  └─ 202609250002_person_merge_foundation/
    └─ migration.sql
  └─ 202609250003_person_merge_integrity/
    └─ migration.sql
  └─ 202609260001_recovery_runs/
    └─ migration.sql
  └─ 202609260002_recovery_inspection/
    └─ migration.sql
  └─ 202609260003_recovery_report_guards/
    └─ migration.sql
  └─ 202609260004_recovery_approval_evidence/
    └─ migration.sql
  └─ 202609260005_recovery_approval_media_guard/
    └─ migration.sql
  └─ 202609260006_recovery_backup_media_identity/
    └─ migration.sql
  └─ 202609260007_recovery_delta_resolution/
    └─ migration.sql
  └─ 202609270001_talent_domain_v2/
    └─ migration.sql
  └─ 202609270002_talent_merge_history/
    └─ migration.sql
  └─ 202609270003_talent_transfer/
    └─ migration.sql
  └─ 202609270004_capability_transfer/
    └─ migration.sql
  └─ 202609270005_external_ref_transfer/
    └─ migration.sql
  └─ 202609270006_representation_transfer/
    └─ migration.sql
  └─ 202609270007_field_evidence_transfer/
    └─ migration.sql
  └─ 202609270008_credential_transfer/
    └─ migration.sql
  └─ 202609280001_credential_media_transfer/
    └─ migration.sql
  └─ 202609280002_collection_transfer/
    └─ migration.sql
  └─ 202609280003_adult_eligibility_transfer/
    └─ migration.sql
  └─ 202609280004_identity_evidence_transfer/
    └─ migration.sql
  └─ 202609280005_merge_history_transfer/
    └─ migration.sql
  └─ 202609280006_candidate_review_lineage/
    └─ migration.sql
  └─ 202609280007_identity_retention_permission/
    └─ migration.sql
  └─ 202609280008_merge_history_erasure/
    └─ migration.sql
  └─ 202609280009_internal_locale_texts/
    └─ migration.sql
  └─ 202609280010_locale_dependency_identity/
    └─ migration.sql
  └─ 202609280011_locale_transfer/
    └─ migration.sql
  └─ 202609280012_locale_merge/
    └─ migration.sql
  └─ 202609280013_ai_dispatch_ledger/
    └─ migration.sql
  └─ 202609280014_ai_business/
    └─ migration.sql
  └─ 202609280015_ai_operations/
    └─ migration.sql
  └─ 202609290001_ai_connections/
    └─ migration.sql
  └─ 202609290002_media_documents_video/
    └─ migration.sql
  └─ 202609290003_project_parties/
    └─ migration.sql
  └─ 202609290004_project_party_export_fields/
    └─ migration.sql
  └─ 202609290005_media_erased_limits/
    └─ migration.sql
  └─ 202609300001_talent_experience_pr01b/
    └─ migration.sql
  └─ 202610010001_talent_auth_principals/
    └─ migration.sql
  └─ 202610010002_talent_auth_key_binding/
    └─ migration.sql
  └─ 202610010003_talent_maintenance/
    └─ migration.sql
  └─ 202610010004_talent_basis_rebuild/
    └─ migration.sql
  └─ 202610010005_talent_maintenance_permissions/
    └─ migration.sql
  └─ 202610010006_talent_submission_ownership/
    └─ migration.sql
  └─ 202610010007_media_ownership/
    └─ migration.sql
  └─ 202610010008_media_collections/
    └─ migration.sql
      
All migrations have been successfully applied.
TAP version 13
# {"checks":["ready-staged-cannot-enter-formal-collection","typed-staged-collection-draft-saved","server-draft-order-cover-tags-roundtrip","duplicate-asset-and-foreign-cover-rejected","submitted-collection-frozen","collection-cannot-adopt-without-staged-dependencies","audit-failure-rolls-back-adoption-and-collection","review-atomic-and-same-key-replayed","formal-same-assets-order-cover-tags","formal-self-read-and-cross-account-denied","cross-submission-adopted-reference-no-file-copy-one-current-version","collection-cover-never-mutates-person-cover","remove-link-clears-cover-without-retiring-original","real-export-worker-formal-collection-cover-current-order-tags-without-draft","json-rebuild-preserves-cover-current-order-tags-sources-without-authorizations-or-drafts"]}
# Subtest: tests/postgres/media-collections.test.ts
ok 1 - tests/postgres/media-collections.test.ts
  ---
  duration_ms: 3370.391166
  type: 'test'
  ...
1..1
# tests 1
# suites 0
# pass 1
# fail 0
# cancelled 0
# skipped 0
# todo 0
# duration_ms 3375.551875
Prisma schema loaded from prisma/schema.prisma
Datasource "db": PostgreSQL database "once_test_collection_merge_pr03cf_1001_full", schema "public" at "127.0.0.1:56439"

63 migrations found in prisma/migrations

Applying migration `202609220001_initial`
Applying migration `202609230001_source_history`
Applying migration `202609230002_record_handoffs`
Applying migration `202609230003_private_images`
Applying migration `202609240001_works_projects`
Applying migration `202609240002_search_shortlists`
Applying migration `202609240003_shortlist_asset_unlink`
Applying migration `202609240004_search_facts_sql`
Applying migration `202609240005_dictionary_search_namespaces`
Applying migration `202609240006_export_dependencies`
Applying migration `202609240007_export_payload_json_null`
Applying migration `202609240008_deletion_impact_preview`
Applying migration `202609240009_deletion_blocking`
Applying migration `202609240010_deletion_retention_plan`
Applying migration `202609240011_deletion_cleanup_execution`
Applying migration `202609240012_cleanup_null_guards`
Applying migration `202609250001_deletion_finalization_states`
Applying migration `202609250002_person_merge_foundation`
Applying migration `202609250003_person_merge_integrity`
Applying migration `202609260001_recovery_runs`
Applying migration `202609260002_recovery_inspection`
Applying migration `202609260003_recovery_report_guards`
Applying migration `202609260004_recovery_approval_evidence`
Applying migration `202609260005_recovery_approval_media_guard`
Applying migration `202609260006_recovery_backup_media_identity`
Applying migration `202609260007_recovery_delta_resolution`
Applying migration `202609270001_talent_domain_v2`
Applying migration `202609270002_talent_merge_history`
Applying migration `202609270003_talent_transfer`
Applying migration `202609270004_capability_transfer`
Applying migration `202609270005_external_ref_transfer`
Applying migration `202609270006_representation_transfer`
Applying migration `202609270007_field_evidence_transfer`
Applying migration `202609270008_credential_transfer`
Applying migration `202609280001_credential_media_transfer`
Applying migration `202609280002_collection_transfer`
Applying migration `202609280003_adult_eligibility_transfer`
Applying migration `202609280004_identity_evidence_transfer`
Applying migration `202609280005_merge_history_transfer`
Applying migration `202609280006_candidate_review_lineage`
Applying migration `202609280007_identity_retention_permission`
Applying migration `202609280008_merge_history_erasure`
Applying migration `202609280009_internal_locale_texts`
Applying migration `202609280010_locale_dependency_identity`
Applying migration `202609280011_locale_transfer`
Applying migration `202609280012_locale_merge`
Applying migration `202609280013_ai_dispatch_ledger`
Applying migration `202609280014_ai_business`
Applying migration `202609280015_ai_operations`
Applying migration `202609290001_ai_connections`
Applying migration `202609290002_media_documents_video`
Applying migration `202609290003_project_parties`
Applying migration `202609290004_project_party_export_fields`
Applying migration `202609290005_media_erased_limits`
Applying migration `202609300001_talent_experience_pr01b`
Applying migration `202610010001_talent_auth_principals`
Applying migration `202610010002_talent_auth_key_binding`
Applying migration `202610010003_talent_maintenance`
Applying migration `202610010004_talent_basis_rebuild`
Applying migration `202610010005_talent_maintenance_permissions`
Applying migration `202610010006_talent_submission_ownership`
Applying migration `202610010007_media_ownership`
Applying migration `202610010008_media_collections`

The following migration(s) have been applied:

migrations/
  └─ 202609220001_initial/
    └─ migration.sql
  └─ 202609230001_source_history/
    └─ migration.sql
  └─ 202609230002_record_handoffs/
    └─ migration.sql
  └─ 202609230003_private_images/
    └─ migration.sql
  └─ 202609240001_works_projects/
    └─ migration.sql
  └─ 202609240002_search_shortlists/
    └─ migration.sql
  └─ 202609240003_shortlist_asset_unlink/
    └─ migration.sql
  └─ 202609240004_search_facts_sql/
    └─ migration.sql
  └─ 202609240005_dictionary_search_namespaces/
    └─ migration.sql
  └─ 202609240006_export_dependencies/
    └─ migration.sql
  └─ 202609240007_export_payload_json_null/
    └─ migration.sql
  └─ 202609240008_deletion_impact_preview/
    └─ migration.sql
  └─ 202609240009_deletion_blocking/
    └─ migration.sql
  └─ 202609240010_deletion_retention_plan/
    └─ migration.sql
  └─ 202609240011_deletion_cleanup_execution/
    └─ migration.sql
  └─ 202609240012_cleanup_null_guards/
    └─ migration.sql
  └─ 202609250001_deletion_finalization_states/
    └─ migration.sql
  └─ 202609250002_person_merge_foundation/
    └─ migration.sql
  └─ 202609250003_person_merge_integrity/
    └─ migration.sql
  └─ 202609260001_recovery_runs/
    └─ migration.sql
  └─ 202609260002_recovery_inspection/
    └─ migration.sql
  └─ 202609260003_recovery_report_guards/
    └─ migration.sql
  └─ 202609260004_recovery_approval_evidence/
    └─ migration.sql
  └─ 202609260005_recovery_approval_media_guard/
    └─ migration.sql
  └─ 202609260006_recovery_backup_media_identity/
    └─ migration.sql
  └─ 202609260007_recovery_delta_resolution/
    └─ migration.sql
  └─ 202609270001_talent_domain_v2/
    └─ migration.sql
  └─ 202609270002_talent_merge_history/
    └─ migration.sql
  └─ 202609270003_talent_transfer/
    └─ migration.sql
  └─ 202609270004_capability_transfer/
    └─ migration.sql
  └─ 202609270005_external_ref_transfer/
    └─ migration.sql
  └─ 202609270006_representation_transfer/
    └─ migration.sql
  └─ 202609270007_field_evidence_transfer/
    └─ migration.sql
  └─ 202609270008_credential_transfer/
    └─ migration.sql
  └─ 202609280001_credential_media_transfer/
    └─ migration.sql
  └─ 202609280002_collection_transfer/
    └─ migration.sql
  └─ 202609280003_adult_eligibility_transfer/
    └─ migration.sql
  └─ 202609280004_identity_evidence_transfer/
    └─ migration.sql
  └─ 202609280005_merge_history_transfer/
    └─ migration.sql
  └─ 202609280006_candidate_review_lineage/
    └─ migration.sql
  └─ 202609280007_identity_retention_permission/
    └─ migration.sql
  └─ 202609280008_merge_history_erasure/
    └─ migration.sql
  └─ 202609280009_internal_locale_texts/
    └─ migration.sql
  └─ 202609280010_locale_dependency_identity/
    └─ migration.sql
  └─ 202609280011_locale_transfer/
    └─ migration.sql
  └─ 202609280012_locale_merge/
    └─ migration.sql
  └─ 202609280013_ai_dispatch_ledger/
    └─ migration.sql
  └─ 202609280014_ai_business/
    └─ migration.sql
  └─ 202609280015_ai_operations/
    └─ migration.sql
  └─ 202609290001_ai_connections/
    └─ migration.sql
  └─ 202609290002_media_documents_video/
    └─ migration.sql
  └─ 202609290003_project_parties/
    └─ migration.sql
  └─ 202609290004_project_party_export_fields/
    └─ migration.sql
  └─ 202609290005_media_erased_limits/
    └─ migration.sql
  └─ 202609300001_talent_experience_pr01b/
    └─ migration.sql
  └─ 202610010001_talent_auth_principals/
    └─ migration.sql
  └─ 202610010002_talent_auth_key_binding/
    └─ migration.sql
  └─ 202610010003_talent_maintenance/
    └─ migration.sql
  └─ 202610010004_talent_basis_rebuild/
    └─ migration.sql
  └─ 202610010005_talent_maintenance_permissions/
    └─ migration.sql
  └─ 202610010006_talent_submission_ownership/
    └─ migration.sql
  └─ 202610010007_media_ownership/
    └─ migration.sql
  └─ 202610010008_media_collections/
    └─ migration.sql
      
All migrations have been successfully applied.
TAP version 13
# {"checks":["ready-staged-cannot-enter-formal-collection","typed-staged-collection-draft-saved","server-draft-order-cover-tags-roundtrip","duplicate-asset-and-foreign-cover-rejected","submitted-collection-frozen","collection-cannot-adopt-without-staged-dependencies","audit-failure-rolls-back-adoption-and-collection","review-atomic-and-same-key-replayed","formal-same-assets-order-cover-tags","formal-self-read-and-cross-account-denied","cross-submission-adopted-reference-no-file-copy-one-current-version","collection-cover-never-mutates-person-cover","remove-link-clears-cover-without-retiring-original","actual-person-merge-moves-formal-collections-cover-items-and-revokes-old-grant"]}
# Subtest: tests/postgres/media-collections.test.ts
ok 1 - tests/postgres/media-collections.test.ts
  ---
  duration_ms: 1859.87475
  type: 'test'
  ...
1..1
# tests 1
# suites 0
# pass 1
# fail 0
# cancelled 0
# skipped 0
# todo 0
# duration_ms 1864.722333
Prisma schema loaded from prisma/schema.prisma
Datasource "db": PostgreSQL database "once_test_collection_finalization_pr03cf_1001_full", schema "public" at "127.0.0.1:56439"

63 migrations found in prisma/migrations

Applying migration `202609220001_initial`
Applying migration `202609230001_source_history`
Applying migration `202609230002_record_handoffs`
Applying migration `202609230003_private_images`
Applying migration `202609240001_works_projects`
Applying migration `202609240002_search_shortlists`
Applying migration `202609240003_shortlist_asset_unlink`
Applying migration `202609240004_search_facts_sql`
Applying migration `202609240005_dictionary_search_namespaces`
Applying migration `202609240006_export_dependencies`
Applying migration `202609240007_export_payload_json_null`
Applying migration `202609240008_deletion_impact_preview`
Applying migration `202609240009_deletion_blocking`
Applying migration `202609240010_deletion_retention_plan`
Applying migration `202609240011_deletion_cleanup_execution`
Applying migration `202609240012_cleanup_null_guards`
Applying migration `202609250001_deletion_finalization_states`
Applying migration `202609250002_person_merge_foundation`
Applying migration `202609250003_person_merge_integrity`
Applying migration `202609260001_recovery_runs`
Applying migration `202609260002_recovery_inspection`
Applying migration `202609260003_recovery_report_guards`
Applying migration `202609260004_recovery_approval_evidence`
Applying migration `202609260005_recovery_approval_media_guard`
Applying migration `202609260006_recovery_backup_media_identity`
Applying migration `202609260007_recovery_delta_resolution`
Applying migration `202609270001_talent_domain_v2`
Applying migration `202609270002_talent_merge_history`
Applying migration `202609270003_talent_transfer`
Applying migration `202609270004_capability_transfer`
Applying migration `202609270005_external_ref_transfer`
Applying migration `202609270006_representation_transfer`
Applying migration `202609270007_field_evidence_transfer`
Applying migration `202609270008_credential_transfer`
Applying migration `202609280001_credential_media_transfer`
Applying migration `202609280002_collection_transfer`
Applying migration `202609280003_adult_eligibility_transfer`
Applying migration `202609280004_identity_evidence_transfer`
Applying migration `202609280005_merge_history_transfer`
Applying migration `202609280006_candidate_review_lineage`
Applying migration `202609280007_identity_retention_permission`
Applying migration `202609280008_merge_history_erasure`
Applying migration `202609280009_internal_locale_texts`
Applying migration `202609280010_locale_dependency_identity`
Applying migration `202609280011_locale_transfer`
Applying migration `202609280012_locale_merge`
Applying migration `202609280013_ai_dispatch_ledger`
Applying migration `202609280014_ai_business`
Applying migration `202609280015_ai_operations`
Applying migration `202609290001_ai_connections`
Applying migration `202609290002_media_documents_video`
Applying migration `202609290003_project_parties`
Applying migration `202609290004_project_party_export_fields`
Applying migration `202609290005_media_erased_limits`
Applying migration `202609300001_talent_experience_pr01b`
Applying migration `202610010001_talent_auth_principals`
Applying migration `202610010002_talent_auth_key_binding`
Applying migration `202610010003_talent_maintenance`
Applying migration `202610010004_talent_basis_rebuild`
Applying migration `202610010005_talent_maintenance_permissions`
Applying migration `202610010006_talent_submission_ownership`
Applying migration `202610010007_media_ownership`
Applying migration `202610010008_media_collections`

The following migration(s) have been applied:

migrations/
  └─ 202609220001_initial/
    └─ migration.sql
  └─ 202609230001_source_history/
    └─ migration.sql
  └─ 202609230002_record_handoffs/
    └─ migration.sql
  └─ 202609230003_private_images/
    └─ migration.sql
  └─ 202609240001_works_projects/
    └─ migration.sql
  └─ 202609240002_search_shortlists/
    └─ migration.sql
  └─ 202609240003_shortlist_asset_unlink/
    └─ migration.sql
  └─ 202609240004_search_facts_sql/
    └─ migration.sql
  └─ 202609240005_dictionary_search_namespaces/
    └─ migration.sql
  └─ 202609240006_export_dependencies/
    └─ migration.sql
  └─ 202609240007_export_payload_json_null/
    └─ migration.sql
  └─ 202609240008_deletion_impact_preview/
    └─ migration.sql
  └─ 202609240009_deletion_blocking/
    └─ migration.sql
  └─ 202609240010_deletion_retention_plan/
    └─ migration.sql
  └─ 202609240011_deletion_cleanup_execution/
    └─ migration.sql
  └─ 202609240012_cleanup_null_guards/
    └─ migration.sql
  └─ 202609250001_deletion_finalization_states/
    └─ migration.sql
  └─ 202609250002_person_merge_foundation/
    └─ migration.sql
  └─ 202609250003_person_merge_integrity/
    └─ migration.sql
  └─ 202609260001_recovery_runs/
    └─ migration.sql
  └─ 202609260002_recovery_inspection/
    └─ migration.sql
  └─ 202609260003_recovery_report_guards/
    └─ migration.sql
  └─ 202609260004_recovery_approval_evidence/
    └─ migration.sql
  └─ 202609260005_recovery_approval_media_guard/
    └─ migration.sql
  └─ 202609260006_recovery_backup_media_identity/
    └─ migration.sql
  └─ 202609260007_recovery_delta_resolution/
    └─ migration.sql
  └─ 202609270001_talent_domain_v2/
    └─ migration.sql
  └─ 202609270002_talent_merge_history/
    └─ migration.sql
  └─ 202609270003_talent_transfer/
    └─ migration.sql
  └─ 202609270004_capability_transfer/
    └─ migration.sql
  └─ 202609270005_external_ref_transfer/
    └─ migration.sql
  └─ 202609270006_representation_transfer/
    └─ migration.sql
  └─ 202609270007_field_evidence_transfer/
    └─ migration.sql
  └─ 202609270008_credential_transfer/
    └─ migration.sql
  └─ 202609280001_credential_media_transfer/
    └─ migration.sql
  └─ 202609280002_collection_transfer/
    └─ migration.sql
  └─ 202609280003_adult_eligibility_transfer/
    └─ migration.sql
  └─ 202609280004_identity_evidence_transfer/
    └─ migration.sql
  └─ 202609280005_merge_history_transfer/
    └─ migration.sql
  └─ 202609280006_candidate_review_lineage/
    └─ migration.sql
  └─ 202609280007_identity_retention_permission/
    └─ migration.sql
  └─ 202609280008_merge_history_erasure/
    └─ migration.sql
  └─ 202609280009_internal_locale_texts/
    └─ migration.sql
  └─ 202609280010_locale_dependency_identity/
    └─ migration.sql
  └─ 202609280011_locale_transfer/
    └─ migration.sql
  └─ 202609280012_locale_merge/
    └─ migration.sql
  └─ 202609280013_ai_dispatch_ledger/
    └─ migration.sql
  └─ 202609280014_ai_business/
    └─ migration.sql
  └─ 202609280015_ai_operations/
    └─ migration.sql
  └─ 202609290001_ai_connections/
    └─ migration.sql
  └─ 202609290002_media_documents_video/
    └─ migration.sql
  └─ 202609290003_project_parties/
    └─ migration.sql
  └─ 202609290004_project_party_export_fields/
    └─ migration.sql
  └─ 202609290005_media_erased_limits/
    └─ migration.sql
  └─ 202609300001_talent_experience_pr01b/
    └─ migration.sql
  └─ 202610010001_talent_auth_principals/
    └─ migration.sql
  └─ 202610010002_talent_auth_key_binding/
    └─ migration.sql
  └─ 202610010003_talent_maintenance/
    └─ migration.sql
  └─ 202610010004_talent_basis_rebuild/
    └─ migration.sql
  └─ 202610010005_talent_maintenance_permissions/
    └─ migration.sql
  └─ 202610010006_talent_submission_ownership/
    └─ migration.sql
  └─ 202610010007_media_ownership/
    └─ migration.sql
  └─ 202610010008_media_collections/
    └─ migration.sql
      
All migrations have been successfully applied.
TAP version 13
# {"checks":["ready-staged-cannot-enter-formal-collection","typed-staged-collection-draft-saved","server-draft-order-cover-tags-roundtrip","duplicate-asset-and-foreign-cover-rejected","submitted-collection-frozen","collection-cannot-adopt-without-staged-dependencies","audit-failure-rolls-back-adoption-and-collection","review-atomic-and-same-key-replayed","formal-same-assets-order-cover-tags","formal-self-read-and-cross-account-denied","cross-submission-adopted-reference-no-file-copy-one-current-version","collection-cover-never-mutates-person-cover","remove-link-clears-cover-without-retiring-original","collection-type-identity-portal-internal-generic-conflict-new-type-allowed","employee-formal-media-and-collection-explicit-grant-exposure-current-account-only","explicit-exposure-revocation-immediately-denies-formal-original","simulated-future-agent-formal-source-needs-new-explicit-exposure-no-uploader-rewrite-or-machine-entry","source-revocation-invalidates-explicit-grant-exposure","generic-tag-create-and-patch-advance-parent-saved-draft-review-conflicts","archived-tag-reenabled-with-current-approval-source-history-preserved","suspended-old-current-can-be-retired-with-new-valid-review-basis","hidden-old-current-scope-fails-closed"]}
# Subtest: tests/postgres/media-collections.test.ts
ok 1 - tests/postgres/media-collections.test.ts
  ---
  duration_ms: 3788.305375
  type: 'test'
  ...
1..1
# tests 1
# suites 0
# pass 1
# fail 0
# cancelled 0
# skipped 0
# todo 0
# duration_ms 3792.843375
Prisma schema loaded from prisma/schema.prisma
Datasource "db": PostgreSQL database "once_test_media_formal_bound_pr03cf_1001_full", schema "public" at "127.0.0.1:56439"

63 migrations found in prisma/migrations

Applying migration `202609220001_initial`
Applying migration `202609230001_source_history`
Applying migration `202609230002_record_handoffs`
Applying migration `202609230003_private_images`
Applying migration `202609240001_works_projects`
Applying migration `202609240002_search_shortlists`
Applying migration `202609240003_shortlist_asset_unlink`
Applying migration `202609240004_search_facts_sql`
Applying migration `202609240005_dictionary_search_namespaces`
Applying migration `202609240006_export_dependencies`
Applying migration `202609240007_export_payload_json_null`
Applying migration `202609240008_deletion_impact_preview`
Applying migration `202609240009_deletion_blocking`
Applying migration `202609240010_deletion_retention_plan`
Applying migration `202609240011_deletion_cleanup_execution`
Applying migration `202609240012_cleanup_null_guards`
Applying migration `202609250001_deletion_finalization_states`
Applying migration `202609250002_person_merge_foundation`
Applying migration `202609250003_person_merge_integrity`
Applying migration `202609260001_recovery_runs`
Applying migration `202609260002_recovery_inspection`
Applying migration `202609260003_recovery_report_guards`
Applying migration `202609260004_recovery_approval_evidence`
Applying migration `202609260005_recovery_approval_media_guard`
Applying migration `202609260006_recovery_backup_media_identity`
Applying migration `202609260007_recovery_delta_resolution`
Applying migration `202609270001_talent_domain_v2`
Applying migration `202609270002_talent_merge_history`
Applying migration `202609270003_talent_transfer`
Applying migration `202609270004_capability_transfer`
Applying migration `202609270005_external_ref_transfer`
Applying migration `202609270006_representation_transfer`
Applying migration `202609270007_field_evidence_transfer`
Applying migration `202609270008_credential_transfer`
Applying migration `202609280001_credential_media_transfer`
Applying migration `202609280002_collection_transfer`
Applying migration `202609280003_adult_eligibility_transfer`
Applying migration `202609280004_identity_evidence_transfer`
Applying migration `202609280005_merge_history_transfer`
Applying migration `202609280006_candidate_review_lineage`
Applying migration `202609280007_identity_retention_permission`
Applying migration `202609280008_merge_history_erasure`
Applying migration `202609280009_internal_locale_texts`
Applying migration `202609280010_locale_dependency_identity`
Applying migration `202609280011_locale_transfer`
Applying migration `202609280012_locale_merge`
Applying migration `202609280013_ai_dispatch_ledger`
Applying migration `202609280014_ai_business`
Applying migration `202609280015_ai_operations`
Applying migration `202609290001_ai_connections`
Applying migration `202609290002_media_documents_video`
Applying migration `202609290003_project_parties`
Applying migration `202609290004_project_party_export_fields`
Applying migration `202609290005_media_erased_limits`
Applying migration `202609300001_talent_experience_pr01b`
Applying migration `202610010001_talent_auth_principals`
Applying migration `202610010002_talent_auth_key_binding`
Applying migration `202610010003_talent_maintenance`
Applying migration `202610010004_talent_basis_rebuild`
Applying migration `202610010005_talent_maintenance_permissions`
Applying migration `202610010006_talent_submission_ownership`
Applying migration `202610010007_media_ownership`
Applying migration `202610010008_media_collections`

The following migration(s) have been applied:

migrations/
  └─ 202609220001_initial/
    └─ migration.sql
  └─ 202609230001_source_history/
    └─ migration.sql
  └─ 202609230002_record_handoffs/
    └─ migration.sql
  └─ 202609230003_private_images/
    └─ migration.sql
  └─ 202609240001_works_projects/
    └─ migration.sql
  └─ 202609240002_search_shortlists/
    └─ migration.sql
  └─ 202609240003_shortlist_asset_unlink/
    └─ migration.sql
  └─ 202609240004_search_facts_sql/
    └─ migration.sql
  └─ 202609240005_dictionary_search_namespaces/
    └─ migration.sql
  └─ 202609240006_export_dependencies/
    └─ migration.sql
  └─ 202609240007_export_payload_json_null/
    └─ migration.sql
  └─ 202609240008_deletion_impact_preview/
    └─ migration.sql
  └─ 202609240009_deletion_blocking/
    └─ migration.sql
  └─ 202609240010_deletion_retention_plan/
    └─ migration.sql
  └─ 202609240011_deletion_cleanup_execution/
    └─ migration.sql
  └─ 202609240012_cleanup_null_guards/
    └─ migration.sql
  └─ 202609250001_deletion_finalization_states/
    └─ migration.sql
  └─ 202609250002_person_merge_foundation/
    └─ migration.sql
  └─ 202609250003_person_merge_integrity/
    └─ migration.sql
  └─ 202609260001_recovery_runs/
    └─ migration.sql
  └─ 202609260002_recovery_inspection/
    └─ migration.sql
  └─ 202609260003_recovery_report_guards/
    └─ migration.sql
  └─ 202609260004_recovery_approval_evidence/
    └─ migration.sql
  └─ 202609260005_recovery_approval_media_guard/
    └─ migration.sql
  └─ 202609260006_recovery_backup_media_identity/
    └─ migration.sql
  └─ 202609260007_recovery_delta_resolution/
    └─ migration.sql
  └─ 202609270001_talent_domain_v2/
    └─ migration.sql
  └─ 202609270002_talent_merge_history/
    └─ migration.sql
  └─ 202609270003_talent_transfer/
    └─ migration.sql
  └─ 202609270004_capability_transfer/
    └─ migration.sql
  └─ 202609270005_external_ref_transfer/
    └─ migration.sql
  └─ 202609270006_representation_transfer/
    └─ migration.sql
  └─ 202609270007_field_evidence_transfer/
    └─ migration.sql
  └─ 202609270008_credential_transfer/
    └─ migration.sql
  └─ 202609280001_credential_media_transfer/
    └─ migration.sql
  └─ 202609280002_collection_transfer/
    └─ migration.sql
  └─ 202609280003_adult_eligibility_transfer/
    └─ migration.sql
  └─ 202609280004_identity_evidence_transfer/
    └─ migration.sql
  └─ 202609280005_merge_history_transfer/
    └─ migration.sql
  └─ 202609280006_candidate_review_lineage/
    └─ migration.sql
  └─ 202609280007_identity_retention_permission/
    └─ migration.sql
  └─ 202609280008_merge_history_erasure/
    └─ migration.sql
  └─ 202609280009_internal_locale_texts/
    └─ migration.sql
  └─ 202609280010_locale_dependency_identity/
    └─ migration.sql
  └─ 202609280011_locale_transfer/
    └─ migration.sql
  └─ 202609280012_locale_merge/
    └─ migration.sql
  └─ 202609280013_ai_dispatch_ledger/
    └─ migration.sql
  └─ 202609280014_ai_business/
    └─ migration.sql
  └─ 202609280015_ai_operations/
    └─ migration.sql
  └─ 202609290001_ai_connections/
    └─ migration.sql
  └─ 202609290002_media_documents_video/
    └─ migration.sql
  └─ 202609290003_project_parties/
    └─ migration.sql
  └─ 202609290004_project_party_export_fields/
    └─ migration.sql
  └─ 202609290005_media_erased_limits/
    └─ migration.sql
  └─ 202609300001_talent_experience_pr01b/
    └─ migration.sql
  └─ 202610010001_talent_auth_principals/
    └─ migration.sql
  └─ 202610010002_talent_auth_key_binding/
    └─ migration.sql
  └─ 202610010003_talent_maintenance/
    └─ migration.sql
  └─ 202610010004_talent_basis_rebuild/
    └─ migration.sql
  └─ 202610010005_talent_maintenance_permissions/
    └─ migration.sql
  └─ 202610010006_talent_submission_ownership/
    └─ migration.sql
  └─ 202610010007_media_ownership/
    └─ migration.sql
  └─ 202610010008_media_collections/
    └─ migration.sql
      
All migrations have been successfully applied.
TAP version 13
# {"checks":["merge-STAGED-keeps-intake-scope","READY-STAGED-denies-formal-B-without-intake","ADOPTED-direct-list-preview-TD2-use-formal-Person-Source-not-intake","formal-B-export-adopted-without-intake","formal-B-merge-preview-without-historical-intake","current-person-scope-remains-required","current-formal-source-scope-revocation-denies-all-consumers"]}
# Subtest: tests/postgres/media-staging.test.ts
ok 1 - tests/postgres/media-staging.test.ts
  ---
  duration_ms: 3094.248584
  type: 'test'
  ...
1..1
# tests 1
# suites 0
# pass 1
# fail 0
# cancelled 0
# skipped 0
# todo 0
# duration_ms 3098.935
Prisma schema loaded from prisma/schema.prisma
Datasource "db": PostgreSQL database "once_test_media_formal_enroll_pr03cf_1001_full", schema "public" at "127.0.0.1:56439"

63 migrations found in prisma/migrations

Applying migration `202609220001_initial`
Applying migration `202609230001_source_history`
Applying migration `202609230002_record_handoffs`
Applying migration `202609230003_private_images`
Applying migration `202609240001_works_projects`
Applying migration `202609240002_search_shortlists`
Applying migration `202609240003_shortlist_asset_unlink`
Applying migration `202609240004_search_facts_sql`
Applying migration `202609240005_dictionary_search_namespaces`
Applying migration `202609240006_export_dependencies`
Applying migration `202609240007_export_payload_json_null`
Applying migration `202609240008_deletion_impact_preview`
Applying migration `202609240009_deletion_blocking`
Applying migration `202609240010_deletion_retention_plan`
Applying migration `202609240011_deletion_cleanup_execution`
Applying migration `202609240012_cleanup_null_guards`
Applying migration `202609250001_deletion_finalization_states`
Applying migration `202609250002_person_merge_foundation`
Applying migration `202609250003_person_merge_integrity`
Applying migration `202609260001_recovery_runs`
Applying migration `202609260002_recovery_inspection`
Applying migration `202609260003_recovery_report_guards`
Applying migration `202609260004_recovery_approval_evidence`
Applying migration `202609260005_recovery_approval_media_guard`
Applying migration `202609260006_recovery_backup_media_identity`
Applying migration `202609260007_recovery_delta_resolution`
Applying migration `202609270001_talent_domain_v2`
Applying migration `202609270002_talent_merge_history`
Applying migration `202609270003_talent_transfer`
Applying migration `202609270004_capability_transfer`
Applying migration `202609270005_external_ref_transfer`
Applying migration `202609270006_representation_transfer`
Applying migration `202609270007_field_evidence_transfer`
Applying migration `202609270008_credential_transfer`
Applying migration `202609280001_credential_media_transfer`
Applying migration `202609280002_collection_transfer`
Applying migration `202609280003_adult_eligibility_transfer`
Applying migration `202609280004_identity_evidence_transfer`
Applying migration `202609280005_merge_history_transfer`
Applying migration `202609280006_candidate_review_lineage`
Applying migration `202609280007_identity_retention_permission`
Applying migration `202609280008_merge_history_erasure`
Applying migration `202609280009_internal_locale_texts`
Applying migration `202609280010_locale_dependency_identity`
Applying migration `202609280011_locale_transfer`
Applying migration `202609280012_locale_merge`
Applying migration `202609280013_ai_dispatch_ledger`
Applying migration `202609280014_ai_business`
Applying migration `202609280015_ai_operations`
Applying migration `202609290001_ai_connections`
Applying migration `202609290002_media_documents_video`
Applying migration `202609290003_project_parties`
Applying migration `202609290004_project_party_export_fields`
Applying migration `202609290005_media_erased_limits`
Applying migration `202609300001_talent_experience_pr01b`
Applying migration `202610010001_talent_auth_principals`
Applying migration `202610010002_talent_auth_key_binding`
Applying migration `202610010003_talent_maintenance`
Applying migration `202610010004_talent_basis_rebuild`
Applying migration `202610010005_talent_maintenance_permissions`
Applying migration `202610010006_talent_submission_ownership`
Applying migration `202610010007_media_ownership`
Applying migration `202610010008_media_collections`

The following migration(s) have been applied:

migrations/
  └─ 202609220001_initial/
    └─ migration.sql
  └─ 202609230001_source_history/
    └─ migration.sql
  └─ 202609230002_record_handoffs/
    └─ migration.sql
  └─ 202609230003_private_images/
    └─ migration.sql
  └─ 202609240001_works_projects/
    └─ migration.sql
  └─ 202609240002_search_shortlists/
    └─ migration.sql
  └─ 202609240003_shortlist_asset_unlink/
    └─ migration.sql
  └─ 202609240004_search_facts_sql/
    └─ migration.sql
  └─ 202609240005_dictionary_search_namespaces/
    └─ migration.sql
  └─ 202609240006_export_dependencies/
    └─ migration.sql
  └─ 202609240007_export_payload_json_null/
    └─ migration.sql
  └─ 202609240008_deletion_impact_preview/
    └─ migration.sql
  └─ 202609240009_deletion_blocking/
    └─ migration.sql
  └─ 202609240010_deletion_retention_plan/
    └─ migration.sql
  └─ 202609240011_deletion_cleanup_execution/
    └─ migration.sql
  └─ 202609240012_cleanup_null_guards/
    └─ migration.sql
  └─ 202609250001_deletion_finalization_states/
    └─ migration.sql
  └─ 202609250002_person_merge_foundation/
    └─ migration.sql
  └─ 202609250003_person_merge_integrity/
    └─ migration.sql
  └─ 202609260001_recovery_runs/
    └─ migration.sql
  └─ 202609260002_recovery_inspection/
    └─ migration.sql
  └─ 202609260003_recovery_report_guards/
    └─ migration.sql
  └─ 202609260004_recovery_approval_evidence/
    └─ migration.sql
  └─ 202609260005_recovery_approval_media_guard/
    └─ migration.sql
  └─ 202609260006_recovery_backup_media_identity/
    └─ migration.sql
  └─ 202609260007_recovery_delta_resolution/
    └─ migration.sql
  └─ 202609270001_talent_domain_v2/
    └─ migration.sql
  └─ 202609270002_talent_merge_history/
    └─ migration.sql
  └─ 202609270003_talent_transfer/
    └─ migration.sql
  └─ 202609270004_capability_transfer/
    └─ migration.sql
  └─ 202609270005_external_ref_transfer/
    └─ migration.sql
  └─ 202609270006_representation_transfer/
    └─ migration.sql
  └─ 202609270007_field_evidence_transfer/
    └─ migration.sql
  └─ 202609270008_credential_transfer/
    └─ migration.sql
  └─ 202609280001_credential_media_transfer/
    └─ migration.sql
  └─ 202609280002_collection_transfer/
    └─ migration.sql
  └─ 202609280003_adult_eligibility_transfer/
    └─ migration.sql
  └─ 202609280004_identity_evidence_transfer/
    └─ migration.sql
  └─ 202609280005_merge_history_transfer/
    └─ migration.sql
  └─ 202609280006_candidate_review_lineage/
    └─ migration.sql
  └─ 202609280007_identity_retention_permission/
    └─ migration.sql
  └─ 202609280008_merge_history_erasure/
    └─ migration.sql
  └─ 202609280009_internal_locale_texts/
    └─ migration.sql
  └─ 202609280010_locale_dependency_identity/
    └─ migration.sql
  └─ 202609280011_locale_transfer/
    └─ migration.sql
  └─ 202609280012_locale_merge/
    └─ migration.sql
  └─ 202609280013_ai_dispatch_ledger/
    └─ migration.sql
  └─ 202609280014_ai_business/
    └─ migration.sql
  └─ 202609280015_ai_operations/
    └─ migration.sql
  └─ 202609290001_ai_connections/
    └─ migration.sql
  └─ 202609290002_media_documents_video/
    └─ migration.sql
  └─ 202609290003_project_parties/
    └─ migration.sql
  └─ 202609290004_project_party_export_fields/
    └─ migration.sql
  └─ 202609290005_media_erased_limits/
    └─ migration.sql
  └─ 202609300001_talent_experience_pr01b/
    └─ migration.sql
  └─ 202610010001_talent_auth_principals/
    └─ migration.sql
  └─ 202610010002_talent_auth_key_binding/
    └─ migration.sql
  └─ 202610010003_talent_maintenance/
    └─ migration.sql
  └─ 202610010004_talent_basis_rebuild/
    └─ migration.sql
  └─ 202610010005_talent_maintenance_permissions/
    └─ migration.sql
  └─ 202610010006_talent_submission_ownership/
    └─ migration.sql
  └─ 202610010007_media_ownership/
    └─ migration.sql
  └─ 202610010008_media_collections/
    └─ migration.sql
      
All migrations have been successfully applied.
TAP version 13
# {"checks":["READY-STAGED-denies-formal-B-without-intake","ADOPTED-direct-list-preview-TD2-use-formal-Person-Source-not-intake","current-person-scope-remains-required","current-formal-source-scope-revocation-denies-all-consumers"]}
# Subtest: tests/postgres/media-staging.test.ts
ok 1 - tests/postgres/media-staging.test.ts
  ---
  duration_ms: 2397.086333
  type: 'test'
  ...
1..1
# tests 1
# suites 0
# pass 1
# fail 0
# cancelled 0
# skipped 0
# todo 0
# duration_ms 2401.624875
Prisma schema loaded from prisma/schema.prisma
Datasource "db": PostgreSQL database "once_test_media_formal_role_pr03cf_1001_full", schema "public" at "127.0.0.1:56439"

63 migrations found in prisma/migrations

Applying migration `202609220001_initial`
Applying migration `202609230001_source_history`
Applying migration `202609230002_record_handoffs`
Applying migration `202609230003_private_images`
Applying migration `202609240001_works_projects`
Applying migration `202609240002_search_shortlists`
Applying migration `202609240003_shortlist_asset_unlink`
Applying migration `202609240004_search_facts_sql`
Applying migration `202609240005_dictionary_search_namespaces`
Applying migration `202609240006_export_dependencies`
Applying migration `202609240007_export_payload_json_null`
Applying migration `202609240008_deletion_impact_preview`
Applying migration `202609240009_deletion_blocking`
Applying migration `202609240010_deletion_retention_plan`
Applying migration `202609240011_deletion_cleanup_execution`
Applying migration `202609240012_cleanup_null_guards`
Applying migration `202609250001_deletion_finalization_states`
Applying migration `202609250002_person_merge_foundation`
Applying migration `202609250003_person_merge_integrity`
Applying migration `202609260001_recovery_runs`
Applying migration `202609260002_recovery_inspection`
Applying migration `202609260003_recovery_report_guards`
Applying migration `202609260004_recovery_approval_evidence`
Applying migration `202609260005_recovery_approval_media_guard`
Applying migration `202609260006_recovery_backup_media_identity`
Applying migration `202609260007_recovery_delta_resolution`
Applying migration `202609270001_talent_domain_v2`
Applying migration `202609270002_talent_merge_history`
Applying migration `202609270003_talent_transfer`
Applying migration `202609270004_capability_transfer`
Applying migration `202609270005_external_ref_transfer`
Applying migration `202609270006_representation_transfer`
Applying migration `202609270007_field_evidence_transfer`
Applying migration `202609270008_credential_transfer`
Applying migration `202609280001_credential_media_transfer`
Applying migration `202609280002_collection_transfer`
Applying migration `202609280003_adult_eligibility_transfer`
Applying migration `202609280004_identity_evidence_transfer`
Applying migration `202609280005_merge_history_transfer`
Applying migration `202609280006_candidate_review_lineage`
Applying migration `202609280007_identity_retention_permission`
Applying migration `202609280008_merge_history_erasure`
Applying migration `202609280009_internal_locale_texts`
Applying migration `202609280010_locale_dependency_identity`
Applying migration `202609280011_locale_transfer`
Applying migration `202609280012_locale_merge`
Applying migration `202609280013_ai_dispatch_ledger`
Applying migration `202609280014_ai_business`
Applying migration `202609280015_ai_operations`
Applying migration `202609290001_ai_connections`
Applying migration `202609290002_media_documents_video`
Applying migration `202609290003_project_parties`
Applying migration `202609290004_project_party_export_fields`
Applying migration `202609290005_media_erased_limits`
Applying migration `202609300001_talent_experience_pr01b`
Applying migration `202610010001_talent_auth_principals`
Applying migration `202610010002_talent_auth_key_binding`
Applying migration `202610010003_talent_maintenance`
Applying migration `202610010004_talent_basis_rebuild`
Applying migration `202610010005_talent_maintenance_permissions`
Applying migration `202610010006_talent_submission_ownership`
Applying migration `202610010007_media_ownership`
Applying migration `202610010008_media_collections`

The following migration(s) have been applied:

migrations/
  └─ 202609220001_initial/
    └─ migration.sql
  └─ 202609230001_source_history/
    └─ migration.sql
  └─ 202609230002_record_handoffs/
    └─ migration.sql
  └─ 202609230003_private_images/
    └─ migration.sql
  └─ 202609240001_works_projects/
    └─ migration.sql
  └─ 202609240002_search_shortlists/
    └─ migration.sql
  └─ 202609240003_shortlist_asset_unlink/
    └─ migration.sql
  └─ 202609240004_search_facts_sql/
    └─ migration.sql
  └─ 202609240005_dictionary_search_namespaces/
    └─ migration.sql
  └─ 202609240006_export_dependencies/
    └─ migration.sql
  └─ 202609240007_export_payload_json_null/
    └─ migration.sql
  └─ 202609240008_deletion_impact_preview/
    └─ migration.sql
  └─ 202609240009_deletion_blocking/
    └─ migration.sql
  └─ 202609240010_deletion_retention_plan/
    └─ migration.sql
  └─ 202609240011_deletion_cleanup_execution/
    └─ migration.sql
  └─ 202609240012_cleanup_null_guards/
    └─ migration.sql
  └─ 202609250001_deletion_finalization_states/
    └─ migration.sql
  └─ 202609250002_person_merge_foundation/
    └─ migration.sql
  └─ 202609250003_person_merge_integrity/
    └─ migration.sql
  └─ 202609260001_recovery_runs/
    └─ migration.sql
  └─ 202609260002_recovery_inspection/
    └─ migration.sql
  └─ 202609260003_recovery_report_guards/
    └─ migration.sql
  └─ 202609260004_recovery_approval_evidence/
    └─ migration.sql
  └─ 202609260005_recovery_approval_media_guard/
    └─ migration.sql
  └─ 202609260006_recovery_backup_media_identity/
    └─ migration.sql
  └─ 202609260007_recovery_delta_resolution/
    └─ migration.sql
  └─ 202609270001_talent_domain_v2/
    └─ migration.sql
  └─ 202609270002_talent_merge_history/
    └─ migration.sql
  └─ 202609270003_talent_transfer/
    └─ migration.sql
  └─ 202609270004_capability_transfer/
    └─ migration.sql
  └─ 202609270005_external_ref_transfer/
    └─ migration.sql
  └─ 202609270006_representation_transfer/
    └─ migration.sql
  └─ 202609270007_field_evidence_transfer/
    └─ migration.sql
  └─ 202609270008_credential_transfer/
    └─ migration.sql
  └─ 202609280001_credential_media_transfer/
    └─ migration.sql
  └─ 202609280002_collection_transfer/
    └─ migration.sql
  └─ 202609280003_adult_eligibility_transfer/
    └─ migration.sql
  └─ 202609280004_identity_evidence_transfer/
    └─ migration.sql
  └─ 202609280005_merge_history_transfer/
    └─ migration.sql
  └─ 202609280006_candidate_review_lineage/
    └─ migration.sql
  └─ 202609280007_identity_retention_permission/
    └─ migration.sql
  └─ 202609280008_merge_history_erasure/
    └─ migration.sql
  └─ 202609280009_internal_locale_texts/
    └─ migration.sql
  └─ 202609280010_locale_dependency_identity/
    └─ migration.sql
  └─ 202609280011_locale_transfer/
    └─ migration.sql
  └─ 202609280012_locale_merge/
    └─ migration.sql
  └─ 202609280013_ai_dispatch_ledger/
    └─ migration.sql
  └─ 202609280014_ai_business/
    └─ migration.sql
  └─ 202609280015_ai_operations/
    └─ migration.sql
  └─ 202609290001_ai_connections/
    └─ migration.sql
  └─ 202609290002_media_documents_video/
    └─ migration.sql
  └─ 202609290003_project_parties/
    └─ migration.sql
  └─ 202609290004_project_party_export_fields/
    └─ migration.sql
  └─ 202609290005_media_erased_limits/
    └─ migration.sql
  └─ 202609300001_talent_experience_pr01b/
    └─ migration.sql
  └─ 202610010001_talent_auth_principals/
    └─ migration.sql
  └─ 202610010002_talent_auth_key_binding/
    └─ migration.sql
  └─ 202610010003_talent_maintenance/
    └─ migration.sql
  └─ 202610010004_talent_basis_rebuild/
    └─ migration.sql
  └─ 202610010005_talent_maintenance_permissions/
    └─ migration.sql
  └─ 202610010006_talent_submission_ownership/
    └─ migration.sql
  └─ 202610010007_media_ownership/
    └─ migration.sql
  └─ 202610010008_media_collections/
    └─ migration.sql
      
All migrations have been successfully applied.
TAP version 13
# node:internal/modules/run_main:123
#     triggerUncaughtException(
#     ^
# AssertionError [ERR_ASSERTION]: {"error":{"code":"STORE_UNAVAILABLE","message":"数据库操作未完成，请联系维护人员","requestId":"cf3c11c9-dde6-4d2a-99b0-6f072a9d4396"}}
# 503 !== 201
#     at maintenanceFixture (file:///Users/dengwang/.codex/worktrees/talent-experience/once-production-os/tests/support/talent-maintenance.ts:6:502)
#     at async stagingFixture (file:///Users/dengwang/.codex/worktrees/talent-experience/once-production-os/tests/support/media-staging.ts:12:10)
#     at async formalMediaScenario (file:///Users/dengwang/.codex/worktrees/talent-experience/once-production-os/tests/support/formal-media-authorization.ts:13:10)
#     at async file:///Users/dengwang/.codex/worktrees/talent-experience/once-production-os/tests/postgres/media-staging.test.ts:18:63 {
#   generatedMessage: false,
#   code: 'ERR_ASSERTION',
#   actual: 503,
#   expected: 201,
#   operator: 'strictEqual',
#   diff: 'simple'
# }
# Node.js v22.22.3
# Subtest: tests/postgres/media-staging.test.ts
not ok 1 - tests/postgres/media-staging.test.ts
  ---
  duration_ms: 836.76675
  type: 'test'
  location: '/Users/dengwang/.codex/worktrees/talent-experience/once-production-os/tests/postgres/media-staging.test.ts:1:1'
  failureType: 'testCodeFailure'
  exitCode: 1
  signal: ~
  error: 'test failed'
  code: 'ERR_TEST_FAILURE'
  ...
1..1
# tests 1
# suites 0
# pass 0
# fail 1
# cancelled 0
# skipped 0
# todo 0
# duration_ms 842.160375
Media staging PostgreSQL verification failed
 ELIFECYCLE  Command failed with exit code 1.
